id,why_correct,why_others_wrong,cites
REG-MCQ-INDI-0001,"IRC §62: AGI = Gross income - above-the-line deductions. SE tax deduction (SE inc × 0.9235 × 15.3% × 0.5), IRA, student loan interest are above-line.",$100000; ${wages + se_income},"IRC §62(a), IRC §164(f), IRC §221"
REG-MCQ-INDI-0002,"IRC §62: AGI = Gross income - above-the-line deductions. SE tax deduction (SE inc × 0.9235 × 15.3% × 0.5), IRA, student loan interest are above-line.",${agi_calc + ira + sli}; $80000,"IRC §62(a), IRC §164(f), IRC §221"
REG-MCQ-INDI-0003,"IRC §62: AGI = Gross income - above-the-line deductions. SE tax deduction (SE inc × 0.9235 × 15.3% × 0.5), IRA, student loan interest are above-line.",${agi_calc + ira + sli}; ${wages + se_income},"IRC §62(a), IRC §164(f), IRC §221"
REG-MCQ-INDI-0004,"IRC §62: AGI = Gross income - above-the-line deductions. SE tax deduction (SE inc × 0.9235 × 15.3% × 0.5), IRA, student loan interest are above-line.",$100000; ${wages + se_income},"IRC §62(a), IRC §164(f), IRC §221"
REG-MCQ-INDI-0005,"IRC §62: AGI = Gross income - above-the-line deductions. SE tax deduction (SE inc × 0.9235 × 15.3% × 0.5), IRA, student loan interest are above-line.",$80000; ${wages + se_income},"IRC §62(a), IRC §164(f), IRC §221"
REG-MCQ-INDI-0006,"IRC §62: AGI = Gross income - above-the-line deductions. SE tax deduction (SE inc × 0.9235 × 15.3% × 0.5), IRA, student loan interest are above-line.",$150000; ${wages + se_income},"IRC §62(a), IRC §164(f), IRC §221"
REG-MCQ-INDI-0007,"IRC §62: AGI = Gross income - above-the-line deductions. SE tax deduction (SE inc × 0.9235 × 15.3% × 0.5), IRA, student loan interest are above-line.",${wages + se_income}; ${agi_calc + ira + sli},"IRC §62(a), IRC §164(f), IRC §221"
REG-MCQ-INDI-0008,"IRC §62: AGI = Gross income - above-the-line deductions. SE tax deduction (SE inc × 0.9235 × 15.3% × 0.5), IRA, student loan interest are above-line.",${wages + se_income}; ${agi_calc + ira + sli},"IRC §62(a), IRC §164(f), IRC §221"
REG-MCQ-INDI-0009,"IRC §62: AGI = Gross income - above-the-line deductions. SE tax deduction (SE inc × 0.9235 × 15.3% × 0.5), IRA, student loan interest are above-line.",$100000; ${wages + se_income},"IRC §62(a), IRC §164(f), IRC §221"
REG-MCQ-INDI-0010,"IRC §62: AGI = Gross income - above-the-line deductions. SE tax deduction (SE inc × 0.9235 × 15.3% × 0.5), IRA, student loan interest are above-line.",${agi_calc + ira + sli}; $80000,"IRC §62(a), IRC §164(f), IRC §221"
REG-MCQ-INDI-0011,"IRC §62: AGI = Gross income - above-the-line deductions. SE tax deduction (SE inc × 0.9235 × 15.3% × 0.5), IRA, student loan interest are above-line.",${wages + se_income}; $100000,"IRC §62(a), IRC §164(f), IRC §221"
REG-MCQ-INDI-0012,"IRC §62: AGI = Gross income - above-the-line deductions. SE tax deduction (SE inc × 0.9235 × 15.3% × 0.5), IRA, student loan interest are above-line.",${wages + se_income}; $80000,"IRC §62(a), IRC §164(f), IRC §221"
REG-MCQ-INDI-0013,"IRC §62: AGI = Gross income - above-the-line deductions. SE tax deduction (SE inc × 0.9235 × 15.3% × 0.5), IRA, student loan interest are above-line.",$100000; ${wages + se_income},"IRC §62(a), IRC §164(f), IRC §221"
REG-MCQ-INDI-0014,"IRC §62: AGI = Gross income - above-the-line deductions. SE tax deduction (SE inc × 0.9235 × 15.3% × 0.5), IRA, student loan interest are above-line.",${wages + se_income}; $100000,"IRC §62(a), IRC §164(f), IRC §221"
REG-MCQ-INDI-0015,"IRC §62: AGI = Gross income - above-the-line deductions. SE tax deduction (SE inc × 0.9235 × 15.3% × 0.5), IRA, student loan interest are above-line.",$80000; ${agi_calc + ira + sli},"IRC §62(a), IRC §164(f), IRC §221"
REG-MCQ-INDI-0016,"IRC §62: AGI = Gross income - above-the-line deductions. SE tax deduction (SE inc × 0.9235 × 15.3% × 0.5), IRA, student loan interest are above-line.",${agi_calc + ira + sli}; ${wages + se_income},"IRC §62(a), IRC §164(f), IRC §221"
REG-MCQ-INDI-0017,"IRC §62: AGI = Gross income - above-the-line deductions. SE tax deduction (SE inc × 0.9235 × 15.3% × 0.5), IRA, student loan interest are above-line.",${wages + se_income}; $80000,"IRC §62(a), IRC §164(f), IRC §221"
REG-MCQ-INDI-0018,"IRC §62: AGI = Gross income - above-the-line deductions. SE tax deduction (SE inc × 0.9235 × 15.3% × 0.5), IRA, student loan interest are above-line.",${wages + se_income}; $80000,"IRC §62(a), IRC §164(f), IRC §221"
REG-MCQ-INDI-0019,"IRC §62: AGI = Gross income - above-the-line deductions. SE tax deduction (SE inc × 0.9235 × 15.3% × 0.5), IRA, student loan interest are above-line.",$100000; ${wages + se_income},"IRC §62(a), IRC §164(f), IRC §221"
REG-MCQ-INDI-0020,"IRC §62: AGI = Gross income - above-the-line deductions. SE tax deduction (SE inc × 0.9235 × 15.3% × 0.5), IRA, student loan interest are above-line.",${agi_calc + ira + sli}; ${wages + se_income},"IRC §62(a), IRC §164(f), IRC §221"
REG-MCQ-INDI-0021,"IRC §62: AGI = Gross income - above-the-line deductions. SE tax deduction (SE inc × 0.9235 × 15.3% × 0.5), IRA, student loan interest are above-line.",${wages + se_income}; ${agi_calc + ira + sli},"IRC §62(a), IRC §164(f), IRC §221"
REG-MCQ-INDI-0022,"IRC §62: AGI = Gross income - above-the-line deductions. SE tax deduction (SE inc × 0.9235 × 15.3% × 0.5), IRA, student loan interest are above-line.",${agi_calc + ira + sli}; $80000,"IRC §62(a), IRC §164(f), IRC §221"
REG-MCQ-INDI-0023,"IRC §62: AGI = Gross income - above-the-line deductions. SE tax deduction (SE inc × 0.9235 × 15.3% × 0.5), IRA, student loan interest are above-line.",$100000; ${wages + se_income},"IRC §62(a), IRC §164(f), IRC §221"
REG-MCQ-INDI-0024,"IRC §62: AGI = Gross income - above-the-line deductions. SE tax deduction (SE inc × 0.9235 × 15.3% × 0.5), IRA, student loan interest are above-line.",${wages + se_income}; ${agi_calc + ira + sli},"IRC §62(a), IRC §164(f), IRC §221"
REG-MCQ-INDI-0025,"IRC §62: AGI = Gross income - above-the-line deductions. SE tax deduction (SE inc × 0.9235 × 15.3% × 0.5), IRA, student loan interest are above-line.",${agi_calc + ira + sli}; $80000,"IRC §62(a), IRC §164(f), IRC §221"
REG-MCQ-INDI-0026,"IRC §62: AGI = Gross income - above-the-line deductions. SE tax deduction (SE inc × 0.9235 × 15.3% × 0.5), IRA, student loan interest are above-line.",${agi_calc + ira + sli}; $80000,"IRC §62(a), IRC §164(f), IRC §221"
REG-MCQ-INDI-0027,"IRC §62: AGI = Gross income - above-the-line deductions. SE tax deduction (SE inc × 0.9235 × 15.3% × 0.5), IRA, student loan interest are above-line.",${agi_calc + ira + sli}; $80000,"IRC §62(a), IRC §164(f), IRC §221"
REG-MCQ-INDI-0028,"IRC §62: AGI = Gross income - above-the-line deductions. SE tax deduction (SE inc × 0.9235 × 15.3% × 0.5), IRA, student loan interest are above-line.",${agi_calc + ira + sli}; ${wages + se_income},"IRC §62(a), IRC §164(f), IRC §221"
REG-MCQ-INDI-0029,"IRC §62: AGI = Gross income - above-the-line deductions. SE tax deduction (SE inc × 0.9235 × 15.3% × 0.5), IRA, student loan interest are above-line.",${wages + se_income}; $80000,"IRC §62(a), IRC §164(f), IRC §221"
REG-MCQ-INDI-0030,"IRC §62: AGI = Gross income - above-the-line deductions. SE tax deduction (SE inc × 0.9235 × 15.3% × 0.5), IRA, student loan interest are above-line.",${wages + se_income}; ${agi_calc + ira + sli},"IRC §62(a), IRC §164(f), IRC §221"
REG-MCQ-INDI-0031,"IRC §62: AGI = Gross income - above-the-line deductions. SE tax deduction (SE inc × 0.9235 × 15.3% × 0.5), IRA, student loan interest are above-line.",${agi_calc + ira + sli}; $150000,"IRC §62(a), IRC §164(f), IRC §221"
REG-MCQ-INDI-0032,"IRC §62: AGI = Gross income - above-the-line deductions. SE tax deduction (SE inc × 0.9235 × 15.3% × 0.5), IRA, student loan interest are above-line.",${wages + se_income}; $150000,"IRC §62(a), IRC §164(f), IRC §221"
REG-MCQ-INDI-0033,"IRC §62: AGI = Gross income - above-the-line deductions. SE tax deduction (SE inc × 0.9235 × 15.3% × 0.5), IRA, student loan interest are above-line.",${wages + se_income}; ${agi_calc + ira + sli},"IRC §62(a), IRC §164(f), IRC §221"
REG-MCQ-INDI-0034,"IRC §62: AGI = Gross income - above-the-line deductions. SE tax deduction (SE inc × 0.9235 × 15.3% × 0.5), IRA, student loan interest are above-line.",${wages + se_income}; ${agi_calc + ira + sli},"IRC §62(a), IRC §164(f), IRC §221"
REG-MCQ-INDI-0035,"IRC §62: AGI = Gross income - above-the-line deductions. SE tax deduction (SE inc × 0.9235 × 15.3% × 0.5), IRA, student loan interest are above-line.",${wages + se_income}; $80000,"IRC §62(a), IRC §164(f), IRC §221"
REG-MCQ-INDI-0036,"IRC §62: AGI = Gross income - above-the-line deductions. SE tax deduction (SE inc × 0.9235 × 15.3% × 0.5), IRA, student loan interest are above-line.",${agi_calc + ira + sli}; $80000,"IRC §62(a), IRC §164(f), IRC §221"
REG-MCQ-INDI-0037,"IRC §62: AGI = Gross income - above-the-line deductions. SE tax deduction (SE inc × 0.9235 × 15.3% × 0.5), IRA, student loan interest are above-line.",$80000; ${agi_calc + ira + sli},"IRC §62(a), IRC §164(f), IRC §221"
REG-MCQ-INDI-0038,"IRC §62: AGI = Gross income - above-the-line deductions. SE tax deduction (SE inc × 0.9235 × 15.3% × 0.5), IRA, student loan interest are above-line.",$80000; ${wages + se_income},"IRC §62(a), IRC §164(f), IRC §221"
REG-MCQ-INDI-0039,"IRC §62: AGI = Gross income - above-the-line deductions. SE tax deduction (SE inc × 0.9235 × 15.3% × 0.5), IRA, student loan interest are above-line.",$100000; ${agi_calc + ira + sli},"IRC §62(a), IRC §164(f), IRC §221"
REG-MCQ-INDI-0040,"IRC §62: AGI = Gross income - above-the-line deductions. SE tax deduction (SE inc × 0.9235 × 15.3% × 0.5), IRA, student loan interest are above-line.",${wages + se_income}; $100000,"IRC §62(a), IRC §164(f), IRC §221"
REG-MCQ-INDI-0041,"IRC §62: AGI = Gross income - above-the-line deductions. SE tax deduction (SE inc × 0.9235 × 15.3% × 0.5), IRA, student loan interest are above-line.",${wages + se_income}; ${agi_calc + ira + sli},"IRC §62(a), IRC §164(f), IRC §221"
REG-MCQ-INDI-0042,"IRC §62: AGI = Gross income - above-the-line deductions. SE tax deduction (SE inc × 0.9235 × 15.3% × 0.5), IRA, student loan interest are above-line.",$100000; ${wages + se_income},"IRC §62(a), IRC §164(f), IRC §221"
REG-MCQ-INDI-0043,"IRC §62: AGI = Gross income - above-the-line deductions. SE tax deduction (SE inc × 0.9235 × 15.3% × 0.5), IRA, student loan interest are above-line.",${agi_calc + ira + sli}; ${wages + se_income},"IRC §62(a), IRC §164(f), IRC §221"
REG-MCQ-INDI-0044,"IRC §62: AGI = Gross income - above-the-line deductions. SE tax deduction (SE inc × 0.9235 × 15.3% × 0.5), IRA, student loan interest are above-line.",${agi_calc + ira + sli}; ${wages + se_income},"IRC §62(a), IRC §164(f), IRC §221"
REG-MCQ-INDI-0045,"IRC §62: AGI = Gross income - above-the-line deductions. SE tax deduction (SE inc × 0.9235 × 15.3% × 0.5), IRA, student loan interest are above-line.",${agi_calc + ira + sli}; $150000,"IRC §62(a), IRC §164(f), IRC §221"
REG-MCQ-INDI-0046,"IRC §62: AGI = Gross income - above-the-line deductions. SE tax deduction (SE inc × 0.9235 × 15.3% × 0.5), IRA, student loan interest are above-line.",${agi_calc + ira + sli}; ${wages + se_income},"IRC §62(a), IRC §164(f), IRC §221"
REG-MCQ-INDI-0047,"IRC §62: AGI = Gross income - above-the-line deductions. SE tax deduction (SE inc × 0.9235 × 15.3% × 0.5), IRA, student loan interest are above-line.",$100000; ${wages + se_income},"IRC §62(a), IRC §164(f), IRC §221"
REG-MCQ-INDI-0048,"IRC §62: AGI = Gross income - above-the-line deductions. SE tax deduction (SE inc × 0.9235 × 15.3% × 0.5), IRA, student loan interest are above-line.",${agi_calc + ira + sli}; ${wages + se_income},"IRC §62(a), IRC §164(f), IRC §221"
REG-MCQ-INDI-0049,"IRC §62: AGI = Gross income - above-the-line deductions. SE tax deduction (SE inc × 0.9235 × 15.3% × 0.5), IRA, student loan interest are above-line.",$100000; ${wages + se_income},"IRC §62(a), IRC §164(f), IRC §221"
REG-MCQ-INDI-0050,"IRC §62: AGI = Gross income - above-the-line deductions. SE tax deduction (SE inc × 0.9235 × 15.3% × 0.5), IRA, student loan interest are above-line.",${agi_calc + ira + sli}; $100000,"IRC §62(a), IRC §164(f), IRC §221"
REG-MCQ-INDI-0051,"IRC §62: AGI = Gross income - above-the-line deductions. SE tax deduction (SE inc × 0.9235 × 15.3% × 0.5), IRA, student loan interest are above-line.",${agi_calc + ira + sli}; $80000,"IRC §62(a), IRC §164(f), IRC §221"
REG-MCQ-INDI-0052,"IRC §62: AGI = Gross income - above-the-line deductions. SE tax deduction (SE inc × 0.9235 × 15.3% × 0.5), IRA, student loan interest are above-line.",$150000; ${wages + se_income},"IRC §62(a), IRC §164(f), IRC §221"
REG-MCQ-INDI-0053,"IRC §62: AGI = Gross income - above-the-line deductions. SE tax deduction (SE inc × 0.9235 × 15.3% × 0.5), IRA, student loan interest are above-line.",$80000; ${wages + se_income},"IRC §62(a), IRC §164(f), IRC §221"
REG-MCQ-INDI-0054,"IRC §62: AGI = Gross income - above-the-line deductions. SE tax deduction (SE inc × 0.9235 × 15.3% × 0.5), IRA, student loan interest are above-line.",$100000; ${agi_calc + ira + sli},"IRC §62(a), IRC §164(f), IRC §221"
REG-MCQ-INDI-0055,"IRC §62: AGI = Gross income - above-the-line deductions. SE tax deduction (SE inc × 0.9235 × 15.3% × 0.5), IRA, student loan interest are above-line.",${wages + se_income}; ${agi_calc + ira + sli},"IRC §62(a), IRC §164(f), IRC §221"
REG-MCQ-INDI-0056,"IRC §62: AGI = Gross income - above-the-line deductions. SE tax deduction (SE inc × 0.9235 × 15.3% × 0.5), IRA, student loan interest are above-line.",${wages + se_income}; ${agi_calc + ira + sli},"IRC §62(a), IRC §164(f), IRC §221"
REG-MCQ-INDI-0057,"IRC §62: AGI = Gross income - above-the-line deductions. SE tax deduction (SE inc × 0.9235 × 15.3% × 0.5), IRA, student loan interest are above-line.",${wages + se_income}; $100000,"IRC §62(a), IRC §164(f), IRC §221"
REG-MCQ-INDI-0058,"IRC §62: AGI = Gross income - above-the-line deductions. SE tax deduction (SE inc × 0.9235 × 15.3% × 0.5), IRA, student loan interest are above-line.",$80000; ${agi_calc + ira + sli},"IRC §62(a), IRC §164(f), IRC §221"
REG-MCQ-INDI-0059,"IRC §62: AGI = Gross income - above-the-line deductions. SE tax deduction (SE inc × 0.9235 × 15.3% × 0.5), IRA, student loan interest are above-line.",${wages + se_income}; $150000,"IRC §62(a), IRC §164(f), IRC §221"
REG-MCQ-INDI-0060,"IRC §62: AGI = Gross income - above-the-line deductions. SE tax deduction (SE inc × 0.9235 × 15.3% × 0.5), IRA, student loan interest are above-line.",$150000; ${agi_calc + ira + sli},"IRC §62(a), IRC §164(f), IRC §221"
REG-MCQ-INDI-0061,"IRC §62: AGI = Gross income - above-the-line deductions. SE tax deduction (SE inc × 0.9235 × 15.3% × 0.5), IRA, student loan interest are above-line.",${agi_calc + ira + sli}; $80000,"IRC §62(a), IRC §164(f), IRC §221"
REG-MCQ-INDI-0062,"IRC §62: AGI = Gross income - above-the-line deductions. SE tax deduction (SE inc × 0.9235 × 15.3% × 0.5), IRA, student loan interest are above-line.",$80000; ${agi_calc + ira + sli},"IRC §62(a), IRC §164(f), IRC §221"
REG-MCQ-INDI-0063,"IRC §62: AGI = Gross income - above-the-line deductions. SE tax deduction (SE inc × 0.9235 × 15.3% × 0.5), IRA, student loan interest are above-line.",$100000; ${wages + se_income},"IRC §62(a), IRC §164(f), IRC §221"
REG-MCQ-INDI-0064,"IRC §62: AGI = Gross income - above-the-line deductions. SE tax deduction (SE inc × 0.9235 × 15.3% × 0.5), IRA, student loan interest are above-line.",${agi_calc + ira + sli}; $150000,"IRC §62(a), IRC §164(f), IRC §221"
REG-MCQ-INDI-0065,"IRC §62: AGI = Gross income - above-the-line deductions. SE tax deduction (SE inc × 0.9235 × 15.3% × 0.5), IRA, student loan interest are above-line.",${wages + se_income}; $150000,"IRC §62(a), IRC §164(f), IRC §221"
REG-MCQ-INDI-0066,"IRC §62: AGI = Gross income - above-the-line deductions. SE tax deduction (SE inc × 0.9235 × 15.3% × 0.5), IRA, student loan interest are above-line.",${wages + se_income}; ${agi_calc + ira + sli},"IRC §62(a), IRC §164(f), IRC §221"
REG-MCQ-INDI-0067,"IRC §62: AGI = Gross income - above-the-line deductions. SE tax deduction (SE inc × 0.9235 × 15.3% × 0.5), IRA, student loan interest are above-line.",${agi_calc + ira + sli}; $80000,"IRC §62(a), IRC §164(f), IRC §221"
REG-MCQ-INDI-0068,"IRC §62: AGI = Gross income - above-the-line deductions. SE tax deduction (SE inc × 0.9235 × 15.3% × 0.5), IRA, student loan interest are above-line.",${agi_calc + ira + sli}; $80000,"IRC §62(a), IRC §164(f), IRC §221"
REG-MCQ-INDI-0069,"IRC §62: AGI = Gross income - above-the-line deductions. SE tax deduction (SE inc × 0.9235 × 15.3% × 0.5), IRA, student loan interest are above-line.",${wages + se_income}; ${agi_calc + ira + sli},"IRC §62(a), IRC §164(f), IRC §221"
REG-MCQ-INDI-0070,"IRC §62: AGI = Gross income - above-the-line deductions. SE tax deduction (SE inc × 0.9235 × 15.3% × 0.5), IRA, student loan interest are above-line.",${agi_calc + ira + sli}; $100000,"IRC §62(a), IRC §164(f), IRC §221"
REG-MCQ-INDI-0071,"IRC §62: AGI = Gross income - above-the-line deductions. SE tax deduction (SE inc × 0.9235 × 15.3% × 0.5), IRA, student loan interest are above-line.",${wages + se_income}; $80000,"IRC §62(a), IRC §164(f), IRC §221"
REG-MCQ-INDI-0072,"IRC §62: AGI = Gross income - above-the-line deductions. SE tax deduction (SE inc × 0.9235 × 15.3% × 0.5), IRA, student loan interest are above-line.",${agi_calc + ira + sli}; $80000,"IRC §62(a), IRC §164(f), IRC §221"
REG-MCQ-INDI-0073,"IRC §62: AGI = Gross income - above-the-line deductions. SE tax deduction (SE inc × 0.9235 × 15.3% × 0.5), IRA, student loan interest are above-line.",${agi_calc + ira + sli}; $100000,"IRC §62(a), IRC §164(f), IRC §221"
REG-MCQ-INDI-0074,"IRC §62: AGI = Gross income - above-the-line deductions. SE tax deduction (SE inc × 0.9235 × 15.3% × 0.5), IRA, student loan interest are above-line.",${agi_calc + ira + sli}; $80000,"IRC §62(a), IRC §164(f), IRC §221"
REG-MCQ-INDI-0075,"IRC §62: AGI = Gross income - above-the-line deductions. SE tax deduction (SE inc × 0.9235 × 15.3% × 0.5), IRA, student loan interest are above-line.",$150000; ${agi_calc + ira + sli},"IRC §62(a), IRC §164(f), IRC §221"
REG-MCQ-INDI-0076,"IRC §62: AGI = Gross income - above-the-line deductions. SE tax deduction (SE inc × 0.9235 × 15.3% × 0.5), IRA, student loan interest are above-line.",${wages + se_income}; $80000,"IRC §62(a), IRC §164(f), IRC §221"
REG-MCQ-INDI-0077,"IRC §62: AGI = Gross income - above-the-line deductions. SE tax deduction (SE inc × 0.9235 × 15.3% × 0.5), IRA, student loan interest are above-line.",$150000; ${agi_calc + ira + sli},"IRC §62(a), IRC §164(f), IRC §221"
REG-MCQ-INDI-0078,"IRC §62: AGI = Gross income - above-the-line deductions. SE tax deduction (SE inc × 0.9235 × 15.3% × 0.5), IRA, student loan interest are above-line.",$80000; ${wages + se_income},"IRC §62(a), IRC §164(f), IRC §221"
REG-MCQ-INDI-0079,"IRC §62: AGI = Gross income - above-the-line deductions. SE tax deduction (SE inc × 0.9235 × 15.3% × 0.5), IRA, student loan interest are above-line.",${wages + se_income}; ${agi_calc + ira + sli},"IRC §62(a), IRC §164(f), IRC §221"
REG-MCQ-INDI-0080,"IRC §62: AGI = Gross income - above-the-line deductions. SE tax deduction (SE inc × 0.9235 × 15.3% × 0.5), IRA, student loan interest are above-line.",${agi_calc + ira + sli}; $150000,"IRC §62(a), IRC §164(f), IRC §221"
REG-MCQ-INDI-0081,"IRC §62: AGI = Gross income - above-the-line deductions. SE tax deduction (SE inc × 0.9235 × 15.3% × 0.5), IRA, student loan interest are above-line.",$100000; ${wages + se_income},"IRC §62(a), IRC §164(f), IRC §221"
REG-MCQ-INDI-0082,"IRC §62: AGI = Gross income - above-the-line deductions. SE tax deduction (SE inc × 0.9235 × 15.3% × 0.5), IRA, student loan interest are above-line.",${wages + se_income}; ${agi_calc + ira + sli},"IRC §62(a), IRC §164(f), IRC §221"
REG-MCQ-INDI-0083,"IRC §62: AGI = Gross income - above-the-line deductions. SE tax deduction (SE inc × 0.9235 × 15.3% × 0.5), IRA, student loan interest are above-line.",$150000; ${agi_calc + ira + sli},"IRC §62(a), IRC §164(f), IRC §221"
REG-MCQ-INDI-0084,"IRC §62: AGI = Gross income - above-the-line deductions. SE tax deduction (SE inc × 0.9235 × 15.3% × 0.5), IRA, student loan interest are above-line.",${wages + se_income}; ${agi_calc + ira + sli},"IRC §62(a), IRC §164(f), IRC §221"
REG-MCQ-INDI-0085,"IRC §62: AGI = Gross income - above-the-line deductions. SE tax deduction (SE inc × 0.9235 × 15.3% × 0.5), IRA, student loan interest are above-line.",$150000; ${wages + se_income},"IRC §62(a), IRC §164(f), IRC §221"
REG-MCQ-INDI-0086,"IRC §62: AGI = Gross income - above-the-line deductions. SE tax deduction (SE inc × 0.9235 × 15.3% × 0.5), IRA, student loan interest are above-line.",${agi_calc + ira + sli}; ${wages + se_income},"IRC §62(a), IRC §164(f), IRC §221"
REG-MCQ-INDI-0087,"IRC §62: AGI = Gross income - above-the-line deductions. SE tax deduction (SE inc × 0.9235 × 15.3% × 0.5), IRA, student loan interest are above-line.",${agi_calc + ira + sli}; ${wages + se_income},"IRC §62(a), IRC §164(f), IRC §221"
REG-MCQ-INDI-0088,"IRC §62: AGI = Gross income - above-the-line deductions. SE tax deduction (SE inc × 0.9235 × 15.3% × 0.5), IRA, student loan interest are above-line.",$100000; ${wages + se_income},"IRC §62(a), IRC §164(f), IRC §221"
REG-MCQ-INDI-0089,"IRC §62: AGI = Gross income - above-the-line deductions. SE tax deduction (SE inc × 0.9235 × 15.3% × 0.5), IRA, student loan interest are above-line.",${wages + se_income}; ${agi_calc + ira + sli},"IRC §62(a), IRC §164(f), IRC §221"
REG-MCQ-INDI-0090,"IRC §62: AGI = Gross income - above-the-line deductions. SE tax deduction (SE inc × 0.9235 × 15.3% × 0.5), IRA, student loan interest are above-line.",$150000; ${agi_calc + ira + sli},"IRC §62(a), IRC §164(f), IRC §221"
REG-MCQ-INDI-0091,"IRC §62: AGI = Gross income - above-the-line deductions. SE tax deduction (SE inc × 0.9235 × 15.3% × 0.5), IRA, student loan interest are above-line.",${wages + se_income}; $80000,"IRC §62(a), IRC §164(f), IRC §221"
REG-MCQ-INDI-0092,"IRC §62: AGI = Gross income - above-the-line deductions. SE tax deduction (SE inc × 0.9235 × 15.3% × 0.5), IRA, student loan interest are above-line.",${wages + se_income}; ${agi_calc + ira + sli},"IRC §62(a), IRC §164(f), IRC §221"
REG-MCQ-INDI-0093,"IRC §62: AGI = Gross income - above-the-line deductions. SE tax deduction (SE inc × 0.9235 × 15.3% × 0.5), IRA, student loan interest are above-line.",${agi_calc + ira + sli}; $80000,"IRC §62(a), IRC §164(f), IRC §221"
REG-MCQ-INDI-0094,"IRC §62: AGI = Gross income - above-the-line deductions. SE tax deduction (SE inc × 0.9235 × 15.3% × 0.5), IRA, student loan interest are above-line.",${wages + se_income}; ${agi_calc + ira + sli},"IRC §62(a), IRC §164(f), IRC §221"
REG-MCQ-INDI-0095,"IRC §62: AGI = Gross income - above-the-line deductions. SE tax deduction (SE inc × 0.9235 × 15.3% × 0.5), IRA, student loan interest are above-line.",$150000; ${wages + se_income},"IRC §62(a), IRC §164(f), IRC §221"
REG-MCQ-INDI-0096,"IRC §62: AGI = Gross income - above-the-line deductions. SE tax deduction (SE inc × 0.9235 × 15.3% × 0.5), IRA, student loan interest are above-line.",$150000; ${agi_calc + ira + sli},"IRC §62(a), IRC §164(f), IRC §221"
REG-MCQ-INDI-0097,"IRC §62: AGI = Gross income - above-the-line deductions. SE tax deduction (SE inc × 0.9235 × 15.3% × 0.5), IRA, student loan interest are above-line.",${wages + se_income}; $80000,"IRC §62(a), IRC §164(f), IRC §221"
REG-MCQ-INDI-0098,"IRC §62: AGI = Gross income - above-the-line deductions. SE tax deduction (SE inc × 0.9235 × 15.3% × 0.5), IRA, student loan interest are above-line.",${agi_calc + ira + sli}; $100000,"IRC §62(a), IRC §164(f), IRC §221"
REG-MCQ-INDI-0099,"IRC §62: AGI = Gross income - above-the-line deductions. SE tax deduction (SE inc × 0.9235 × 15.3% × 0.5), IRA, student loan interest are above-line.",${agi_calc + ira + sli}; $80000,"IRC §62(a), IRC §164(f), IRC §221"
REG-MCQ-INDI-0100,"IRC §62: AGI = Gross income - above-the-line deductions. SE tax deduction (SE inc × 0.9235 × 15.3% × 0.5), IRA, student loan interest are above-line.",${agi_calc + ira + sli}; ${wages + se_income},"IRC §62(a), IRC §164(f), IRC §221"
REG-MCQ-INDI-0101,"IRC §62: AGI = Gross income - above-the-line deductions. SE tax deduction (SE inc × 0.9235 × 15.3% × 0.5), IRA, student loan interest are above-line.",${agi_calc + ira + sli}; $150000,"IRC §62(a), IRC §164(f), IRC §221"
REG-MCQ-INDI-0102,"IRC §62: AGI = Gross income - above-the-line deductions. SE tax deduction (SE inc × 0.9235 × 15.3% × 0.5), IRA, student loan interest are above-line.",${wages + se_income}; ${agi_calc + ira + sli},"IRC §62(a), IRC §164(f), IRC §221"
REG-MCQ-INDI-0103,"IRC §62: AGI = Gross income - above-the-line deductions. SE tax deduction (SE inc × 0.9235 × 15.3% × 0.5), IRA, student loan interest are above-line.",${wages + se_income}; $100000,"IRC §62(a), IRC §164(f), IRC §221"
REG-MCQ-INDI-0104,"IRC §62: AGI = Gross income - above-the-line deductions. SE tax deduction (SE inc × 0.9235 × 15.3% × 0.5), IRA, student loan interest are above-line.",${agi_calc + ira + sli}; $150000,"IRC §62(a), IRC §164(f), IRC §221"
REG-MCQ-INDI-0105,"IRC §62: AGI = Gross income - above-the-line deductions. SE tax deduction (SE inc × 0.9235 × 15.3% × 0.5), IRA, student loan interest are above-line.",${wages + se_income}; $100000,"IRC §62(a), IRC §164(f), IRC §221"
REG-MCQ-INDI-0106,"IRC §62: AGI = Gross income - above-the-line deductions. SE tax deduction (SE inc × 0.9235 × 15.3% × 0.5), IRA, student loan interest are above-line.",${wages + se_income}; $150000,"IRC §62(a), IRC §164(f), IRC §221"
REG-MCQ-INDI-0107,"IRC §62: AGI = Gross income - above-the-line deductions. SE tax deduction (SE inc × 0.9235 × 15.3% × 0.5), IRA, student loan interest are above-line.",$100000; ${wages + se_income},"IRC §62(a), IRC §164(f), IRC §221"
REG-MCQ-INDI-0108,"IRC §62: AGI = Gross income - above-the-line deductions. SE tax deduction (SE inc × 0.9235 × 15.3% × 0.5), IRA, student loan interest are above-line.",${agi_calc + ira + sli}; ${wages + se_income},"IRC §62(a), IRC §164(f), IRC §221"
REG-MCQ-INDI-0109,"IRC §62: AGI = Gross income - above-the-line deductions. SE tax deduction (SE inc × 0.9235 × 15.3% × 0.5), IRA, student loan interest are above-line.",${wages + se_income}; ${agi_calc + ira + sli},"IRC §62(a), IRC §164(f), IRC §221"
REG-MCQ-INDI-0110,"IRC §62: AGI = Gross income - above-the-line deductions. SE tax deduction (SE inc × 0.9235 × 15.3% × 0.5), IRA, student loan interest are above-line.",${agi_calc + ira + sli}; ${wages + se_income},"IRC §62(a), IRC §164(f), IRC §221"
REG-MCQ-INDI-0111,"IRC §62: AGI = Gross income - above-the-line deductions. SE tax deduction (SE inc × 0.9235 × 15.3% × 0.5), IRA, student loan interest are above-line.",$100000; ${wages + se_income},"IRC §62(a), IRC §164(f), IRC §221"
REG-MCQ-INDI-0112,"IRC §62: AGI = Gross income - above-the-line deductions. SE tax deduction (SE inc × 0.9235 × 15.3% × 0.5), IRA, student loan interest are above-line.",$80000; ${agi_calc + ira + sli},"IRC §62(a), IRC §164(f), IRC §221"
REG-MCQ-INDI-0113,"IRC §62: AGI = Gross income - above-the-line deductions. SE tax deduction (SE inc × 0.9235 × 15.3% × 0.5), IRA, student loan interest are above-line.",${wages + se_income}; $100000,"IRC §62(a), IRC §164(f), IRC §221"
REG-MCQ-INDI-0114,"IRC §62: AGI = Gross income - above-the-line deductions. SE tax deduction (SE inc × 0.9235 × 15.3% × 0.5), IRA, student loan interest are above-line.",${agi_calc + ira + sli}; $150000,"IRC §62(a), IRC §164(f), IRC §221"
REG-MCQ-INDI-0115,"IRC §62: AGI = Gross income - above-the-line deductions. SE tax deduction (SE inc × 0.9235 × 15.3% × 0.5), IRA, student loan interest are above-line.",$150000; ${wages + se_income},"IRC §62(a), IRC §164(f), IRC §221"
REG-MCQ-INDI-0116,"IRC §62: AGI = Gross income - above-the-line deductions. SE tax deduction (SE inc × 0.9235 × 15.3% × 0.5), IRA, student loan interest are above-line.",${agi_calc + ira + sli}; $150000,"IRC §62(a), IRC §164(f), IRC §221"
REG-MCQ-INDI-0117,"IRC §62: AGI = Gross income - above-the-line deductions. SE tax deduction (SE inc × 0.9235 × 15.3% × 0.5), IRA, student loan interest are above-line.",${wages + se_income}; ${agi_calc + ira + sli},"IRC §62(a), IRC §164(f), IRC §221"
REG-MCQ-INDI-0118,"IRC §62: AGI = Gross income - above-the-line deductions. SE tax deduction (SE inc × 0.9235 × 15.3% × 0.5), IRA, student loan interest are above-line.",$100000; ${agi_calc + ira + sli},"IRC §62(a), IRC §164(f), IRC §221"
REG-MCQ-INDI-0119,"IRC §62: AGI = Gross income - above-the-line deductions. SE tax deduction (SE inc × 0.9235 × 15.3% × 0.5), IRA, student loan interest are above-line.",$150000; ${agi_calc + ira + sli},"IRC §62(a), IRC §164(f), IRC §221"
REG-MCQ-INDI-0120,"IRC §62: AGI = Gross income - above-the-line deductions. SE tax deduction (SE inc × 0.9235 × 15.3% × 0.5), IRA, student loan interest are above-line.",$150000; ${agi_calc + ira + sli},"IRC §62(a), IRC §164(f), IRC §221"
REG-MCQ-INDI-0121,"IRC §62: AGI = Gross income - above-the-line deductions. SE tax deduction (SE inc × 0.9235 × 15.3% × 0.5), IRA, student loan interest are above-line.",$80000; ${agi_calc + ira + sli},"IRC §62(a), IRC §164(f), IRC §221"
REG-MCQ-INDI-0122,"IRC §62: AGI = Gross income - above-the-line deductions. SE tax deduction (SE inc × 0.9235 × 15.3% × 0.5), IRA, student loan interest are above-line.",$80000; ${wages + se_income},"IRC §62(a), IRC §164(f), IRC §221"
REG-MCQ-INDI-0123,"IRC §62: AGI = Gross income - above-the-line deductions. SE tax deduction (SE inc × 0.9235 × 15.3% × 0.5), IRA, student loan interest are above-line.",${wages + se_income}; $150000,"IRC §62(a), IRC §164(f), IRC §221"
REG-MCQ-INDI-0124,"IRC §62: AGI = Gross income - above-the-line deductions. SE tax deduction (SE inc × 0.9235 × 15.3% × 0.5), IRA, student loan interest are above-line.",$150000; ${agi_calc + ira + sli},"IRC §62(a), IRC §164(f), IRC §221"
REG-MCQ-INDI-0125,"IRC §62: AGI = Gross income - above-the-line deductions. SE tax deduction (SE inc × 0.9235 × 15.3% × 0.5), IRA, student loan interest are above-line.",${agi_calc + ira + sli}; ${wages + se_income},"IRC §62(a), IRC §164(f), IRC §221"
REG-MCQ-INDI-0126,"IRC §62: AGI = Gross income - above-the-line deductions. SE tax deduction (SE inc × 0.9235 × 15.3% × 0.5), IRA, student loan interest are above-line.",$100000; ${agi_calc + ira + sli},"IRC §62(a), IRC §164(f), IRC §221"
REG-MCQ-INDI-0127,"IRC §62: AGI = Gross income - above-the-line deductions. SE tax deduction (SE inc × 0.9235 × 15.3% × 0.5), IRA, student loan interest are above-line.",$80000; ${agi_calc + ira + sli},"IRC §62(a), IRC §164(f), IRC §221"
REG-MCQ-INDI-0128,"IRC §62: AGI = Gross income - above-the-line deductions. SE tax deduction (SE inc × 0.9235 × 15.3% × 0.5), IRA, student loan interest are above-line.",${wages + se_income}; $150000,"IRC §62(a), IRC §164(f), IRC §221"
REG-MCQ-INDI-0129,"IRC §62: AGI = Gross income - above-the-line deductions. SE tax deduction (SE inc × 0.9235 × 15.3% × 0.5), IRA, student loan interest are above-line.",$100000; ${agi_calc + ira + sli},"IRC §62(a), IRC §164(f), IRC §221"
REG-MCQ-INDI-0130,"IRC §62: AGI = Gross income - above-the-line deductions. SE tax deduction (SE inc × 0.9235 × 15.3% × 0.5), IRA, student loan interest are above-line.",${agi_calc + ira + sli}; ${wages + se_income},"IRC §62(a), IRC §164(f), IRC §221"
REG-MCQ-INDI-0131,"IRC §62: AGI = Gross income - above-the-line deductions. SE tax deduction (SE inc × 0.9235 × 15.3% × 0.5), IRA, student loan interest are above-line.",${agi_calc + ira + sli}; $150000,"IRC §62(a), IRC §164(f), IRC §221"
REG-MCQ-INDI-0132,"IRC §62: AGI = Gross income - above-the-line deductions. SE tax deduction (SE inc × 0.9235 × 15.3% × 0.5), IRA, student loan interest are above-line.",${agi_calc + ira + sli}; ${wages + se_income},"IRC §62(a), IRC §164(f), IRC §221"
REG-MCQ-INDI-0133,"IRC §62: AGI = Gross income - above-the-line deductions. SE tax deduction (SE inc × 0.9235 × 15.3% × 0.5), IRA, student loan interest are above-line.",${wages + se_income}; $100000,"IRC §62(a), IRC §164(f), IRC §221"
REG-MCQ-INDI-0134,"IRC §62: AGI = Gross income - above-the-line deductions. SE tax deduction (SE inc × 0.9235 × 15.3% × 0.5), IRA, student loan interest are above-line.",$100000; ${agi_calc + ira + sli},"IRC §62(a), IRC §164(f), IRC §221"
REG-MCQ-INDI-0135,"IRC §62: AGI = Gross income - above-the-line deductions. SE tax deduction (SE inc × 0.9235 × 15.3% × 0.5), IRA, student loan interest are above-line.",${wages + se_income}; ${agi_calc + ira + sli},"IRC §62(a), IRC §164(f), IRC §221"
REG-MCQ-INDI-0136,"IRC §62: AGI = Gross income - above-the-line deductions. SE tax deduction (SE inc × 0.9235 × 15.3% × 0.5), IRA, student loan interest are above-line.",${wages + se_income}; $80000,"IRC §62(a), IRC §164(f), IRC §221"
REG-MCQ-INDI-0137,"IRC §62: AGI = Gross income - above-the-line deductions. SE tax deduction (SE inc × 0.9235 × 15.3% × 0.5), IRA, student loan interest are above-line.",${agi_calc + ira + sli}; $150000,"IRC §62(a), IRC §164(f), IRC §221"
REG-MCQ-INDI-0138,"IRC §62: AGI = Gross income - above-the-line deductions. SE tax deduction (SE inc × 0.9235 × 15.3% × 0.5), IRA, student loan interest are above-line.",${wages + se_income}; $150000,"IRC §62(a), IRC §164(f), IRC §221"
REG-MCQ-INDI-0139,"IRC §62: AGI = Gross income - above-the-line deductions. SE tax deduction (SE inc × 0.9235 × 15.3% × 0.5), IRA, student loan interest are above-line.",${agi_calc + ira + sli}; $80000,"IRC §62(a), IRC §164(f), IRC §221"
REG-MCQ-INDI-0140,"IRC §62: AGI = Gross income - above-the-line deductions. SE tax deduction (SE inc × 0.9235 × 15.3% × 0.5), IRA, student loan interest are above-line.",$150000; ${wages + se_income},"IRC §62(a), IRC §164(f), IRC §221"
REG-MCQ-INDI-0141,"IRC §62: AGI = Gross income - above-the-line deductions. SE tax deduction (SE inc × 0.9235 × 15.3% × 0.5), IRA, student loan interest are above-line.",${agi_calc + ira + sli}; ${wages + se_income},"IRC §62(a), IRC §164(f), IRC §221"
REG-MCQ-INDI-0142,"IRC §62: AGI = Gross income - above-the-line deductions. SE tax deduction (SE inc × 0.9235 × 15.3% × 0.5), IRA, student loan interest are above-line.",$80000; ${agi_calc + ira + sli},"IRC §62(a), IRC §164(f), IRC §221"
REG-MCQ-INDI-0143,"IRC §62: AGI = Gross income - above-the-line deductions. SE tax deduction (SE inc × 0.9235 × 15.3% × 0.5), IRA, student loan interest are above-line.",$80000; ${agi_calc + ira + sli},"IRC §62(a), IRC §164(f), IRC §221"
REG-MCQ-INDI-0144,"IRC §62: AGI = Gross income - above-the-line deductions. SE tax deduction (SE inc × 0.9235 × 15.3% × 0.5), IRA, student loan interest are above-line.",$100000; ${agi_calc + ira + sli},"IRC §62(a), IRC §164(f), IRC §221"
REG-MCQ-INDI-0145,"IRC §62: AGI = Gross income - above-the-line deductions. SE tax deduction (SE inc × 0.9235 × 15.3% × 0.5), IRA, student loan interest are above-line.",$100000; ${wages + se_income},"IRC §62(a), IRC §164(f), IRC §221"
REG-MCQ-INDI-0146,"IRC §62: AGI = Gross income - above-the-line deductions. SE tax deduction (SE inc × 0.9235 × 15.3% × 0.5), IRA, student loan interest are above-line.",$150000; ${agi_calc + ira + sli},"IRC §62(a), IRC §164(f), IRC §221"
REG-MCQ-INDI-0147,"IRC §62: AGI = Gross income - above-the-line deductions. SE tax deduction (SE inc × 0.9235 × 15.3% × 0.5), IRA, student loan interest are above-line.",${agi_calc + ira + sli}; ${wages + se_income},"IRC §62(a), IRC §164(f), IRC §221"
REG-MCQ-INDI-0148,"IRC §62: AGI = Gross income - above-the-line deductions. SE tax deduction (SE inc × 0.9235 × 15.3% × 0.5), IRA, student loan interest are above-line.",${wages + se_income}; ${agi_calc + ira + sli},"IRC §62(a), IRC §164(f), IRC §221"
REG-MCQ-INDI-0149,"IRC §62: AGI = Gross income - above-the-line deductions. SE tax deduction (SE inc × 0.9235 × 15.3% × 0.5), IRA, student loan interest are above-line.",${agi_calc + ira + sli}; $80000,"IRC §62(a), IRC §164(f), IRC §221"
REG-MCQ-INDI-0150,"IRC §62: AGI = Gross income - above-the-line deductions. SE tax deduction (SE inc × 0.9235 × 15.3% × 0.5), IRA, student loan interest are above-line.",${agi_calc + ira + sli}; ${wages + se_income},"IRC §62(a), IRC §164(f), IRC §221"
REG-MCQ-INDI-0151,"IRC §62: AGI = Gross income - above-the-line deductions. SE tax deduction (SE inc × 0.9235 × 15.3% × 0.5), IRA, student loan interest are above-line.",$80000; ${agi_calc + ira + sli},"IRC §62(a), IRC §164(f), IRC §221"
REG-MCQ-INDI-0152,"IRC §62: AGI = Gross income - above-the-line deductions. SE tax deduction (SE inc × 0.9235 × 15.3% × 0.5), IRA, student loan interest are above-line.",$150000; ${agi_calc + ira + sli},"IRC §62(a), IRC §164(f), IRC §221"
REG-MCQ-INDI-0153,"IRC §62: AGI = Gross income - above-the-line deductions. SE tax deduction (SE inc × 0.9235 × 15.3% × 0.5), IRA, student loan interest are above-line.",${agi_calc + ira + sli}; $80000,"IRC §62(a), IRC §164(f), IRC §221"
REG-MCQ-INDI-0154,"IRC §62: AGI = Gross income - above-the-line deductions. SE tax deduction (SE inc × 0.9235 × 15.3% × 0.5), IRA, student loan interest are above-line.",${agi_calc + ira + sli}; $80000,"IRC §62(a), IRC §164(f), IRC §221"
REG-MCQ-INDI-0155,"IRC §62: AGI = Gross income - above-the-line deductions. SE tax deduction (SE inc × 0.9235 × 15.3% × 0.5), IRA, student loan interest are above-line.",${wages + se_income}; ${agi_calc + ira + sli},"IRC §62(a), IRC §164(f), IRC §221"
REG-MCQ-INDI-0156,"IRC §62: AGI = Gross income - above-the-line deductions. SE tax deduction (SE inc × 0.9235 × 15.3% × 0.5), IRA, student loan interest are above-line.",$80000; ${wages + se_income},"IRC §62(a), IRC §164(f), IRC §221"
REG-MCQ-INDI-0157,"IRC §62: AGI = Gross income - above-the-line deductions. SE tax deduction (SE inc × 0.9235 × 15.3% × 0.5), IRA, student loan interest are above-line.",${wages + se_income}; ${agi_calc + ira + sli},"IRC §62(a), IRC §164(f), IRC §221"
REG-MCQ-INDI-0158,"IRC §62: AGI = Gross income - above-the-line deductions. SE tax deduction (SE inc × 0.9235 × 15.3% × 0.5), IRA, student loan interest are above-line.",${wages + se_income}; ${agi_calc + ira + sli},"IRC §62(a), IRC §164(f), IRC §221"
REG-MCQ-INDI-0159,"IRC §62: AGI = Gross income - above-the-line deductions. SE tax deduction (SE inc × 0.9235 × 15.3% × 0.5), IRA, student loan interest are above-line.",${agi_calc + ira + sli}; $100000,"IRC §62(a), IRC §164(f), IRC §221"
REG-MCQ-INDI-0160,"IRC §62: AGI = Gross income - above-the-line deductions. SE tax deduction (SE inc × 0.9235 × 15.3% × 0.5), IRA, student loan interest are above-line.",$80000; ${agi_calc + ira + sli},"IRC §62(a), IRC §164(f), IRC §221"
REG-MCQ-INDI-0161,"IRC §62: AGI = Gross income - above-the-line deductions. SE tax deduction (SE inc × 0.9235 × 15.3% × 0.5), IRA, student loan interest are above-line.",$150000; ${wages + se_income},"IRC §62(a), IRC §164(f), IRC §221"
REG-MCQ-INDI-0162,"IRC §62: AGI = Gross income - above-the-line deductions. SE tax deduction (SE inc × 0.9235 × 15.3% × 0.5), IRA, student loan interest are above-line.",$150000; ${wages + se_income},"IRC §62(a), IRC §164(f), IRC §221"
REG-MCQ-INDI-0163,"IRC §62: AGI = Gross income - above-the-line deductions. SE tax deduction (SE inc × 0.9235 × 15.3% × 0.5), IRA, student loan interest are above-line.",$100000; ${wages + se_income},"IRC §62(a), IRC §164(f), IRC §221"
REG-MCQ-INDI-0164,"IRC §62: AGI = Gross income - above-the-line deductions. SE tax deduction (SE inc × 0.9235 × 15.3% × 0.5), IRA, student loan interest are above-line.",$80000; ${wages + se_income},"IRC §62(a), IRC §164(f), IRC §221"
REG-MCQ-INDI-0165,"IRC §62: AGI = Gross income - above-the-line deductions. SE tax deduction (SE inc × 0.9235 × 15.3% × 0.5), IRA, student loan interest are above-line.",${wages + se_income}; ${agi_calc + ira + sli},"IRC §62(a), IRC §164(f), IRC §221"
REG-MCQ-INDI-0166,"IRC §62: AGI = Gross income - above-the-line deductions. SE tax deduction (SE inc × 0.9235 × 15.3% × 0.5), IRA, student loan interest are above-line.",${agi_calc + ira + sli}; ${wages + se_income},"IRC §62(a), IRC §164(f), IRC §221"
REG-MCQ-ENTI-0167,IRC §63: TI = GI - deductions. DRD and charitable (limited to 10% TI) calculated after initial TI determination.,${gi - exp}; $1000000,"IRC §63, IRC §243, IRC §170(b)(2)"
REG-MCQ-ENTI-0168,IRC §63: TI = GI - deductions. DRD and charitable (limited to 10% TI) calculated after initial TI determination.,${gi - exp}; $5000000,"IRC §63, IRC §243, IRC §170(b)(2)"
REG-MCQ-ENTI-0169,IRC §63: TI = GI - deductions. DRD and charitable (limited to 10% TI) calculated after initial TI determination.,${gi - exp - div}; ${gi - exp},"IRC §63, IRC §243, IRC §170(b)(2)"
REG-MCQ-ENTI-0170,IRC §63: TI = GI - deductions. DRD and charitable (limited to 10% TI) calculated after initial TI determination.,${gi - exp}; ${gi - exp - div},"IRC §63, IRC §243, IRC §170(b)(2)"
REG-MCQ-ENTI-0171,IRC §63: TI = GI - deductions. DRD and charitable (limited to 10% TI) calculated after initial TI determination.,${gi - exp}; ${gi - exp - div},"IRC §63, IRC §243, IRC §170(b)(2)"
REG-MCQ-ENTI-0172,IRC §63: TI = GI - deductions. DRD and charitable (limited to 10% TI) calculated after initial TI determination.,${gi - exp - div}; $2000000,"IRC §63, IRC §243, IRC §170(b)(2)"
REG-MCQ-ENTI-0173,IRC §63: TI = GI - deductions. DRD and charitable (limited to 10% TI) calculated after initial TI determination.,${gi - exp}; $2000000,"IRC §63, IRC §243, IRC §170(b)(2)"
REG-MCQ-ENTI-0174,IRC §63: TI = GI - deductions. DRD and charitable (limited to 10% TI) calculated after initial TI determination.,$5000000; ${gi - exp - div},"IRC §63, IRC §243, IRC §170(b)(2)"
REG-MCQ-ENTI-0175,IRC §63: TI = GI - deductions. DRD and charitable (limited to 10% TI) calculated after initial TI determination.,${gi - exp}; $1000000,"IRC §63, IRC §243, IRC §170(b)(2)"
REG-MCQ-ENTI-0176,IRC §63: TI = GI - deductions. DRD and charitable (limited to 10% TI) calculated after initial TI determination.,${gi - exp}; ${gi - exp - div},"IRC §63, IRC §243, IRC §170(b)(2)"
REG-MCQ-ENTI-0177,IRC §63: TI = GI - deductions. DRD and charitable (limited to 10% TI) calculated after initial TI determination.,${gi - exp - div}; ${gi - exp},"IRC §63, IRC §243, IRC §170(b)(2)"
REG-MCQ-ENTI-0178,IRC §63: TI = GI - deductions. DRD and charitable (limited to 10% TI) calculated after initial TI determination.,${gi - exp}; $5000000,"IRC §63, IRC §243, IRC §170(b)(2)"
REG-MCQ-ENTI-0179,IRC §63: TI = GI - deductions. DRD and charitable (limited to 10% TI) calculated after initial TI determination.,${gi - exp - div}; ${gi - exp},"IRC §63, IRC §243, IRC §170(b)(2)"
REG-MCQ-ENTI-0180,IRC §63: TI = GI - deductions. DRD and charitable (limited to 10% TI) calculated after initial TI determination.,${gi - exp}; $1000000,"IRC §63, IRC §243, IRC §170(b)(2)"
REG-MCQ-ENTI-0181,IRC §63: TI = GI - deductions. DRD and charitable (limited to 10% TI) calculated after initial TI determination.,$1000000; ${gi - exp - div},"IRC §63, IRC §243, IRC §170(b)(2)"
REG-MCQ-ENTI-0182,IRC §63: TI = GI - deductions. DRD and charitable (limited to 10% TI) calculated after initial TI determination.,${gi - exp}; ${gi - exp - div},"IRC §63, IRC §243, IRC §170(b)(2)"
REG-MCQ-ENTI-0183,IRC §63: TI = GI - deductions. DRD and charitable (limited to 10% TI) calculated after initial TI determination.,${gi - exp}; ${gi - exp - div},"IRC §63, IRC §243, IRC §170(b)(2)"
REG-MCQ-ENTI-0184,IRC §63: TI = GI - deductions. DRD and charitable (limited to 10% TI) calculated after initial TI determination.,$2000000; ${gi - exp - div},"IRC §63, IRC §243, IRC §170(b)(2)"
REG-MCQ-ENTI-0185,IRC §63: TI = GI - deductions. DRD and charitable (limited to 10% TI) calculated after initial TI determination.,${gi - exp - div}; ${gi - exp},"IRC §63, IRC §243, IRC §170(b)(2)"
REG-MCQ-ENTI-0186,IRC §63: TI = GI - deductions. DRD and charitable (limited to 10% TI) calculated after initial TI determination.,${gi - exp}; ${gi - exp - div},"IRC §63, IRC §243, IRC §170(b)(2)"
REG-MCQ-ENTI-0187,IRC §63: TI = GI - deductions. DRD and charitable (limited to 10% TI) calculated after initial TI determination.,${gi - exp}; $2000000,"IRC §63, IRC §243, IRC §170(b)(2)"
REG-MCQ-ENTI-0188,IRC §63: TI = GI - deductions. DRD and charitable (limited to 10% TI) calculated after initial TI determination.,$1000000; ${gi - exp},"IRC §63, IRC §243, IRC §170(b)(2)"
REG-MCQ-ENTI-0189,IRC §63: TI = GI - deductions. DRD and charitable (limited to 10% TI) calculated after initial TI determination.,${gi - exp}; $1000000,"IRC §63, IRC §243, IRC §170(b)(2)"
REG-MCQ-ENTI-0190,IRC §63: TI = GI - deductions. DRD and charitable (limited to 10% TI) calculated after initial TI determination.,${gi - exp - div}; ${gi - exp},"IRC §63, IRC §243, IRC §170(b)(2)"
REG-MCQ-ENTI-0191,IRC §63: TI = GI - deductions. DRD and charitable (limited to 10% TI) calculated after initial TI determination.,${gi - exp - div}; ${gi - exp},"IRC §63, IRC §243, IRC §170(b)(2)"
REG-MCQ-ENTI-0192,IRC §63: TI = GI - deductions. DRD and charitable (limited to 10% TI) calculated after initial TI determination.,${gi - exp - div}; ${gi - exp},"IRC §63, IRC §243, IRC §170(b)(2)"
REG-MCQ-ENTI-0193,IRC §63: TI = GI - deductions. DRD and charitable (limited to 10% TI) calculated after initial TI determination.,$5000000; ${gi - exp},"IRC §63, IRC §243, IRC §170(b)(2)"
REG-MCQ-ENTI-0194,IRC §63: TI = GI - deductions. DRD and charitable (limited to 10% TI) calculated after initial TI determination.,${gi - exp}; $5000000,"IRC §63, IRC §243, IRC §170(b)(2)"
REG-MCQ-ENTI-0195,IRC §63: TI = GI - deductions. DRD and charitable (limited to 10% TI) calculated after initial TI determination.,${gi - exp - div}; ${gi - exp},"IRC §63, IRC §243, IRC §170(b)(2)"
REG-MCQ-ENTI-0196,IRC §63: TI = GI - deductions. DRD and charitable (limited to 10% TI) calculated after initial TI determination.,${gi - exp - div}; $1000000,"IRC §63, IRC §243, IRC §170(b)(2)"
REG-MCQ-ENTI-0197,IRC §63: TI = GI - deductions. DRD and charitable (limited to 10% TI) calculated after initial TI determination.,${gi - exp - div}; $2000000,"IRC §63, IRC §243, IRC §170(b)(2)"
REG-MCQ-ENTI-0198,IRC §63: TI = GI - deductions. DRD and charitable (limited to 10% TI) calculated after initial TI determination.,$2000000; ${gi - exp},"IRC §63, IRC §243, IRC §170(b)(2)"
REG-MCQ-ENTI-0199,IRC §63: TI = GI - deductions. DRD and charitable (limited to 10% TI) calculated after initial TI determination.,$1000000; ${gi - exp - div},"IRC §63, IRC §243, IRC §170(b)(2)"
REG-MCQ-ENTI-0200,IRC §63: TI = GI - deductions. DRD and charitable (limited to 10% TI) calculated after initial TI determination.,${gi - exp - div}; ${gi - exp},"IRC §63, IRC §243, IRC §170(b)(2)"
REG-MCQ-ENTI-0201,IRC §63: TI = GI - deductions. DRD and charitable (limited to 10% TI) calculated after initial TI determination.,$2000000; ${gi - exp - div},"IRC §63, IRC §243, IRC §170(b)(2)"
REG-MCQ-ENTI-0202,IRC §63: TI = GI - deductions. DRD and charitable (limited to 10% TI) calculated after initial TI determination.,$2000000; ${gi - exp - div},"IRC §63, IRC §243, IRC §170(b)(2)"
REG-MCQ-ENTI-0203,IRC §63: TI = GI - deductions. DRD and charitable (limited to 10% TI) calculated after initial TI determination.,${gi - exp}; ${gi - exp - div},"IRC §63, IRC §243, IRC §170(b)(2)"
REG-MCQ-ENTI-0204,IRC §63: TI = GI - deductions. DRD and charitable (limited to 10% TI) calculated after initial TI determination.,${gi - exp - div}; $2000000,"IRC §63, IRC §243, IRC §170(b)(2)"
REG-MCQ-ENTI-0205,IRC §63: TI = GI - deductions. DRD and charitable (limited to 10% TI) calculated after initial TI determination.,$2000000; ${gi - exp - div},"IRC §63, IRC §243, IRC §170(b)(2)"
REG-MCQ-ENTI-0206,IRC §63: TI = GI - deductions. DRD and charitable (limited to 10% TI) calculated after initial TI determination.,$2000000; ${gi - exp - div},"IRC §63, IRC §243, IRC §170(b)(2)"
REG-MCQ-ENTI-0207,IRC §63: TI = GI - deductions. DRD and charitable (limited to 10% TI) calculated after initial TI determination.,${gi - exp - div}; $5000000,"IRC §63, IRC §243, IRC §170(b)(2)"
REG-MCQ-ENTI-0208,IRC §63: TI = GI - deductions. DRD and charitable (limited to 10% TI) calculated after initial TI determination.,$1000000; ${gi - exp},"IRC §63, IRC §243, IRC §170(b)(2)"
REG-MCQ-ENTI-0209,IRC §63: TI = GI - deductions. DRD and charitable (limited to 10% TI) calculated after initial TI determination.,${gi - exp}; $1000000,"IRC §63, IRC §243, IRC §170(b)(2)"
REG-MCQ-ENTI-0210,IRC §63: TI = GI - deductions. DRD and charitable (limited to 10% TI) calculated after initial TI determination.,${gi - exp}; ${gi - exp - div},"IRC §63, IRC §243, IRC §170(b)(2)"
REG-MCQ-ENTI-0211,IRC §63: TI = GI - deductions. DRD and charitable (limited to 10% TI) calculated after initial TI determination.,${gi - exp - div}; ${gi - exp},"IRC §63, IRC §243, IRC §170(b)(2)"
REG-MCQ-ENTI-0212,IRC §63: TI = GI - deductions. DRD and charitable (limited to 10% TI) calculated after initial TI determination.,${gi - exp}; $1000000,"IRC §63, IRC §243, IRC §170(b)(2)"
REG-MCQ-ENTI-0213,IRC §63: TI = GI - deductions. DRD and charitable (limited to 10% TI) calculated after initial TI determination.,${gi - exp - div}; ${gi - exp},"IRC §63, IRC §243, IRC §170(b)(2)"
REG-MCQ-ENTI-0214,IRC §63: TI = GI - deductions. DRD and charitable (limited to 10% TI) calculated after initial TI determination.,${gi - exp - div}; ${gi - exp},"IRC §63, IRC §243, IRC §170(b)(2)"
REG-MCQ-ENTI-0215,IRC §63: TI = GI - deductions. DRD and charitable (limited to 10% TI) calculated after initial TI determination.,${gi - exp - div}; ${gi - exp},"IRC §63, IRC §243, IRC §170(b)(2)"
REG-MCQ-ENTI-0216,IRC §63: TI = GI - deductions. DRD and charitable (limited to 10% TI) calculated after initial TI determination.,$5000000; ${gi - exp - div},"IRC §63, IRC §243, IRC §170(b)(2)"
REG-MCQ-ENTI-0217,IRC §63: TI = GI - deductions. DRD and charitable (limited to 10% TI) calculated after initial TI determination.,${gi - exp - div}; ${gi - exp},"IRC §63, IRC §243, IRC §170(b)(2)"
REG-MCQ-ENTI-0218,IRC §63: TI = GI - deductions. DRD and charitable (limited to 10% TI) calculated after initial TI determination.,${gi - exp}; $1000000,"IRC §63, IRC §243, IRC §170(b)(2)"
REG-MCQ-ENTI-0219,IRC §63: TI = GI - deductions. DRD and charitable (limited to 10% TI) calculated after initial TI determination.,$1000000; ${gi - exp},"IRC §63, IRC §243, IRC §170(b)(2)"
REG-MCQ-ENTI-0220,IRC §63: TI = GI - deductions. DRD and charitable (limited to 10% TI) calculated after initial TI determination.,${gi - exp - div}; $5000000,"IRC §63, IRC §243, IRC §170(b)(2)"
REG-MCQ-ENTI-0221,IRC §63: TI = GI - deductions. DRD and charitable (limited to 10% TI) calculated after initial TI determination.,${gi - exp}; ${gi - exp - div},"IRC §63, IRC §243, IRC §170(b)(2)"
REG-MCQ-ENTI-0222,IRC §63: TI = GI - deductions. DRD and charitable (limited to 10% TI) calculated after initial TI determination.,$5000000; ${gi - exp - div},"IRC §63, IRC §243, IRC §170(b)(2)"
REG-MCQ-ENTI-0223,IRC §63: TI = GI - deductions. DRD and charitable (limited to 10% TI) calculated after initial TI determination.,${gi - exp - div}; ${gi - exp},"IRC §63, IRC §243, IRC §170(b)(2)"
REG-MCQ-ENTI-0224,IRC §63: TI = GI - deductions. DRD and charitable (limited to 10% TI) calculated after initial TI determination.,${gi - exp - div}; $1000000,"IRC §63, IRC §243, IRC §170(b)(2)"
REG-MCQ-ENTI-0225,IRC §63: TI = GI - deductions. DRD and charitable (limited to 10% TI) calculated after initial TI determination.,$2000000; ${gi - exp},"IRC §63, IRC §243, IRC §170(b)(2)"
REG-MCQ-ENTI-0226,IRC §63: TI = GI - deductions. DRD and charitable (limited to 10% TI) calculated after initial TI determination.,$5000000; ${gi - exp - div},"IRC §63, IRC §243, IRC §170(b)(2)"
REG-MCQ-ENTI-0227,IRC §63: TI = GI - deductions. DRD and charitable (limited to 10% TI) calculated after initial TI determination.,${gi - exp}; ${gi - exp - div},"IRC §63, IRC §243, IRC §170(b)(2)"
REG-MCQ-ENTI-0228,IRC §63: TI = GI - deductions. DRD and charitable (limited to 10% TI) calculated after initial TI determination.,$2000000; ${gi - exp},"IRC §63, IRC §243, IRC §170(b)(2)"
REG-MCQ-ENTI-0229,IRC §63: TI = GI - deductions. DRD and charitable (limited to 10% TI) calculated after initial TI determination.,${gi - exp}; ${gi - exp - div},"IRC §63, IRC §243, IRC §170(b)(2)"
REG-MCQ-ENTI-0230,IRC §63: TI = GI - deductions. DRD and charitable (limited to 10% TI) calculated after initial TI determination.,${gi - exp - div}; $1000000,"IRC §63, IRC §243, IRC §170(b)(2)"
REG-MCQ-ENTI-0231,IRC §63: TI = GI - deductions. DRD and charitable (limited to 10% TI) calculated after initial TI determination.,$5000000; ${gi - exp},"IRC §63, IRC §243, IRC §170(b)(2)"
REG-MCQ-ENTI-0232,IRC §63: TI = GI - deductions. DRD and charitable (limited to 10% TI) calculated after initial TI determination.,${gi - exp}; ${gi - exp - div},"IRC §63, IRC §243, IRC §170(b)(2)"
REG-MCQ-ENTI-0233,IRC §63: TI = GI - deductions. DRD and charitable (limited to 10% TI) calculated after initial TI determination.,$1000000; ${gi - exp - div},"IRC §63, IRC §243, IRC §170(b)(2)"
REG-MCQ-ENTI-0234,IRC §63: TI = GI - deductions. DRD and charitable (limited to 10% TI) calculated after initial TI determination.,${gi - exp}; ${gi - exp - div},"IRC §63, IRC §243, IRC §170(b)(2)"
REG-MCQ-ENTI-0235,IRC §63: TI = GI - deductions. DRD and charitable (limited to 10% TI) calculated after initial TI determination.,$2000000; ${gi - exp},"IRC §63, IRC §243, IRC §170(b)(2)"
REG-MCQ-ENTI-0236,IRC §63: TI = GI - deductions. DRD and charitable (limited to 10% TI) calculated after initial TI determination.,${gi - exp}; $5000000,"IRC §63, IRC §243, IRC §170(b)(2)"
REG-MCQ-ENTI-0237,IRC §63: TI = GI - deductions. DRD and charitable (limited to 10% TI) calculated after initial TI determination.,${gi - exp}; $5000000,"IRC §63, IRC §243, IRC §170(b)(2)"
REG-MCQ-ENTI-0238,IRC §63: TI = GI - deductions. DRD and charitable (limited to 10% TI) calculated after initial TI determination.,${gi - exp}; $1000000,"IRC §63, IRC §243, IRC §170(b)(2)"
REG-MCQ-ENTI-0239,IRC §63: TI = GI - deductions. DRD and charitable (limited to 10% TI) calculated after initial TI determination.,${gi - exp - div}; ${gi - exp},"IRC §63, IRC §243, IRC §170(b)(2)"
REG-MCQ-ENTI-0240,IRC §63: TI = GI - deductions. DRD and charitable (limited to 10% TI) calculated after initial TI determination.,${gi - exp - div}; $5000000,"IRC §63, IRC §243, IRC §170(b)(2)"
REG-MCQ-ENTI-0241,IRC §63: TI = GI - deductions. DRD and charitable (limited to 10% TI) calculated after initial TI determination.,$1000000; ${gi - exp},"IRC §63, IRC §243, IRC §170(b)(2)"
REG-MCQ-ENTI-0242,IRC §63: TI = GI - deductions. DRD and charitable (limited to 10% TI) calculated after initial TI determination.,$5000000; ${gi - exp - div},"IRC §63, IRC §243, IRC §170(b)(2)"
REG-MCQ-ENTI-0243,IRC §63: TI = GI - deductions. DRD and charitable (limited to 10% TI) calculated after initial TI determination.,$5000000; ${gi - exp - div},"IRC §63, IRC §243, IRC §170(b)(2)"
REG-MCQ-ENTI-0244,IRC §63: TI = GI - deductions. DRD and charitable (limited to 10% TI) calculated after initial TI determination.,${gi - exp}; ${gi - exp - div},"IRC §63, IRC §243, IRC §170(b)(2)"
REG-MCQ-ENTI-0245,IRC §63: TI = GI - deductions. DRD and charitable (limited to 10% TI) calculated after initial TI determination.,$2000000; ${gi - exp},"IRC §63, IRC §243, IRC §170(b)(2)"
REG-MCQ-ENTI-0246,IRC §63: TI = GI - deductions. DRD and charitable (limited to 10% TI) calculated after initial TI determination.,$1000000; ${gi - exp},"IRC §63, IRC §243, IRC §170(b)(2)"
REG-MCQ-ENTI-0247,IRC §63: TI = GI - deductions. DRD and charitable (limited to 10% TI) calculated after initial TI determination.,$5000000; ${gi - exp - div},"IRC §63, IRC §243, IRC §170(b)(2)"
REG-MCQ-ENTI-0248,IRC §63: TI = GI - deductions. DRD and charitable (limited to 10% TI) calculated after initial TI determination.,${gi - exp}; ${gi - exp - div},"IRC §63, IRC §243, IRC §170(b)(2)"
REG-MCQ-ENTI-0249,IRC §63: TI = GI - deductions. DRD and charitable (limited to 10% TI) calculated after initial TI determination.,$1000000; ${gi - exp - div},"IRC §63, IRC §243, IRC §170(b)(2)"
REG-MCQ-ENTI-0250,IRC §63: TI = GI - deductions. DRD and charitable (limited to 10% TI) calculated after initial TI determination.,${gi - exp - div}; $2000000,"IRC §63, IRC §243, IRC §170(b)(2)"
REG-MCQ-ENTI-0251,IRC §63: TI = GI - deductions. DRD and charitable (limited to 10% TI) calculated after initial TI determination.,$5000000; ${gi - exp - div},"IRC §63, IRC §243, IRC §170(b)(2)"
REG-MCQ-ENTI-0252,IRC §63: TI = GI - deductions. DRD and charitable (limited to 10% TI) calculated after initial TI determination.,$5000000; ${gi - exp - div},"IRC §63, IRC §243, IRC §170(b)(2)"
REG-MCQ-ENTI-0253,IRC §63: TI = GI - deductions. DRD and charitable (limited to 10% TI) calculated after initial TI determination.,${gi - exp}; ${gi - exp - div},"IRC §63, IRC §243, IRC §170(b)(2)"
REG-MCQ-ENTI-0254,IRC §63: TI = GI - deductions. DRD and charitable (limited to 10% TI) calculated after initial TI determination.,$1000000; ${gi - exp - div},"IRC §63, IRC §243, IRC §170(b)(2)"
REG-MCQ-ENTI-0255,IRC §63: TI = GI - deductions. DRD and charitable (limited to 10% TI) calculated after initial TI determination.,${gi - exp - div}; $5000000,"IRC §63, IRC §243, IRC §170(b)(2)"
REG-MCQ-ENTI-0256,IRC §63: TI = GI - deductions. DRD and charitable (limited to 10% TI) calculated after initial TI determination.,${gi - exp - div}; ${gi - exp},"IRC §63, IRC §243, IRC §170(b)(2)"
REG-MCQ-ENTI-0257,IRC §63: TI = GI - deductions. DRD and charitable (limited to 10% TI) calculated after initial TI determination.,${gi - exp - div}; ${gi - exp},"IRC §63, IRC §243, IRC §170(b)(2)"
REG-MCQ-ENTI-0258,IRC §63: TI = GI - deductions. DRD and charitable (limited to 10% TI) calculated after initial TI determination.,$2000000; ${gi - exp},"IRC §63, IRC §243, IRC §170(b)(2)"
REG-MCQ-ENTI-0259,IRC §63: TI = GI - deductions. DRD and charitable (limited to 10% TI) calculated after initial TI determination.,${gi - exp - div}; ${gi - exp},"IRC §63, IRC §243, IRC §170(b)(2)"
REG-MCQ-ENTI-0260,IRC §63: TI = GI - deductions. DRD and charitable (limited to 10% TI) calculated after initial TI determination.,${gi - exp - div}; $2000000,"IRC §63, IRC §243, IRC §170(b)(2)"
REG-MCQ-ENTI-0261,IRC §63: TI = GI - deductions. DRD and charitable (limited to 10% TI) calculated after initial TI determination.,${gi - exp - div}; ${gi - exp},"IRC §63, IRC §243, IRC §170(b)(2)"
REG-MCQ-ENTI-0262,IRC §63: TI = GI - deductions. DRD and charitable (limited to 10% TI) calculated after initial TI determination.,$1000000; ${gi - exp},"IRC §63, IRC §243, IRC §170(b)(2)"
REG-MCQ-ENTI-0263,IRC §63: TI = GI - deductions. DRD and charitable (limited to 10% TI) calculated after initial TI determination.,$5000000; ${gi - exp - div},"IRC §63, IRC §243, IRC §170(b)(2)"
REG-MCQ-ENTI-0264,IRC §63: TI = GI - deductions. DRD and charitable (limited to 10% TI) calculated after initial TI determination.,${gi - exp - div}; ${gi - exp},"IRC §63, IRC §243, IRC §170(b)(2)"
REG-MCQ-ENTI-0265,IRC §63: TI = GI - deductions. DRD and charitable (limited to 10% TI) calculated after initial TI determination.,${gi - exp}; $1000000,"IRC §63, IRC §243, IRC §170(b)(2)"
REG-MCQ-ENTI-0266,IRC §63: TI = GI - deductions. DRD and charitable (limited to 10% TI) calculated after initial TI determination.,${gi - exp}; ${gi - exp - div},"IRC §63, IRC §243, IRC §170(b)(2)"
REG-MCQ-ENTI-0267,IRC §63: TI = GI - deductions. DRD and charitable (limited to 10% TI) calculated after initial TI determination.,${gi - exp}; ${gi - exp - div},"IRC §63, IRC §243, IRC §170(b)(2)"
REG-MCQ-ENTI-0268,IRC §63: TI = GI - deductions. DRD and charitable (limited to 10% TI) calculated after initial TI determination.,${gi - exp}; $1000000,"IRC §63, IRC §243, IRC §170(b)(2)"
REG-MCQ-ENTI-0269,IRC §63: TI = GI - deductions. DRD and charitable (limited to 10% TI) calculated after initial TI determination.,${gi - exp - div}; ${gi - exp},"IRC §63, IRC §243, IRC §170(b)(2)"
REG-MCQ-ENTI-0270,IRC §63: TI = GI - deductions. DRD and charitable (limited to 10% TI) calculated after initial TI determination.,${gi - exp - div}; ${gi - exp},"IRC §63, IRC §243, IRC §170(b)(2)"
REG-MCQ-ENTI-0271,IRC §63: TI = GI - deductions. DRD and charitable (limited to 10% TI) calculated after initial TI determination.,$2000000; ${gi - exp},"IRC §63, IRC §243, IRC §170(b)(2)"
REG-MCQ-ENTI-0272,IRC §63: TI = GI - deductions. DRD and charitable (limited to 10% TI) calculated after initial TI determination.,${gi - exp - div}; ${gi - exp},"IRC §63, IRC §243, IRC §170(b)(2)"
REG-MCQ-ENTI-0273,IRC §63: TI = GI - deductions. DRD and charitable (limited to 10% TI) calculated after initial TI determination.,$1000000; ${gi - exp - div},"IRC §63, IRC §243, IRC §170(b)(2)"
REG-MCQ-ENTI-0274,IRC §63: TI = GI - deductions. DRD and charitable (limited to 10% TI) calculated after initial TI determination.,$2000000; ${gi - exp},"IRC §63, IRC §243, IRC §170(b)(2)"
REG-MCQ-ENTI-0275,IRC §63: TI = GI - deductions. DRD and charitable (limited to 10% TI) calculated after initial TI determination.,${gi - exp - div}; $2000000,"IRC §63, IRC §243, IRC §170(b)(2)"
REG-MCQ-ENTI-0276,IRC §63: TI = GI - deductions. DRD and charitable (limited to 10% TI) calculated after initial TI determination.,${gi - exp - div}; ${gi - exp},"IRC §63, IRC §243, IRC §170(b)(2)"
REG-MCQ-ENTI-0277,IRC §63: TI = GI - deductions. DRD and charitable (limited to 10% TI) calculated after initial TI determination.,$2000000; ${gi - exp},"IRC §63, IRC §243, IRC §170(b)(2)"
REG-MCQ-ENTI-0278,IRC §63: TI = GI - deductions. DRD and charitable (limited to 10% TI) calculated after initial TI determination.,$2000000; ${gi - exp},"IRC §63, IRC §243, IRC §170(b)(2)"
REG-MCQ-ENTI-0279,IRC §63: TI = GI - deductions. DRD and charitable (limited to 10% TI) calculated after initial TI determination.,$1000000; ${gi - exp},"IRC §63, IRC §243, IRC §170(b)(2)"
REG-MCQ-ENTI-0280,IRC §63: TI = GI - deductions. DRD and charitable (limited to 10% TI) calculated after initial TI determination.,$5000000; ${gi - exp},"IRC §63, IRC §243, IRC §170(b)(2)"
REG-MCQ-ENTI-0281,IRC §63: TI = GI - deductions. DRD and charitable (limited to 10% TI) calculated after initial TI determination.,${gi - exp}; ${gi - exp - div},"IRC §63, IRC §243, IRC §170(b)(2)"
REG-MCQ-ENTI-0282,IRC §63: TI = GI - deductions. DRD and charitable (limited to 10% TI) calculated after initial TI determination.,${gi - exp - div}; ${gi - exp},"IRC §63, IRC §243, IRC §170(b)(2)"
REG-MCQ-ENTI-0283,IRC §63: TI = GI - deductions. DRD and charitable (limited to 10% TI) calculated after initial TI determination.,${gi - exp}; ${gi - exp - div},"IRC §63, IRC §243, IRC §170(b)(2)"
REG-MCQ-ENTI-0284,IRC §63: TI = GI - deductions. DRD and charitable (limited to 10% TI) calculated after initial TI determination.,${gi - exp - div}; $1000000,"IRC §63, IRC §243, IRC §170(b)(2)"
REG-MCQ-ENTI-0285,IRC §63: TI = GI - deductions. DRD and charitable (limited to 10% TI) calculated after initial TI determination.,$1000000; ${gi - exp},"IRC §63, IRC §243, IRC §170(b)(2)"
REG-MCQ-ENTI-0286,IRC §63: TI = GI - deductions. DRD and charitable (limited to 10% TI) calculated after initial TI determination.,$1000000; ${gi - exp - div},"IRC §63, IRC §243, IRC §170(b)(2)"
REG-MCQ-ENTI-0287,IRC §63: TI = GI - deductions. DRD and charitable (limited to 10% TI) calculated after initial TI determination.,${gi - exp - div}; ${gi - exp},"IRC §63, IRC §243, IRC §170(b)(2)"
REG-MCQ-ENTI-0288,IRC §63: TI = GI - deductions. DRD and charitable (limited to 10% TI) calculated after initial TI determination.,${gi - exp - div}; ${gi - exp},"IRC §63, IRC §243, IRC §170(b)(2)"
REG-MCQ-ENTI-0289,IRC §63: TI = GI - deductions. DRD and charitable (limited to 10% TI) calculated after initial TI determination.,${gi - exp - div}; $2000000,"IRC §63, IRC §243, IRC §170(b)(2)"
REG-MCQ-ENTI-0290,IRC §63: TI = GI - deductions. DRD and charitable (limited to 10% TI) calculated after initial TI determination.,$1000000; ${gi - exp - div},"IRC §63, IRC §243, IRC §170(b)(2)"
REG-MCQ-ENTI-0291,IRC §63: TI = GI - deductions. DRD and charitable (limited to 10% TI) calculated after initial TI determination.,${gi - exp}; ${gi - exp - div},"IRC §63, IRC §243, IRC §170(b)(2)"
REG-MCQ-ENTI-0292,IRC §63: TI = GI - deductions. DRD and charitable (limited to 10% TI) calculated after initial TI determination.,$5000000; ${gi - exp},"IRC §63, IRC §243, IRC §170(b)(2)"
REG-MCQ-ENTI-0293,IRC §63: TI = GI - deductions. DRD and charitable (limited to 10% TI) calculated after initial TI determination.,${gi - exp}; ${gi - exp - div},"IRC §63, IRC §243, IRC §170(b)(2)"
REG-MCQ-ENTI-0294,IRC §63: TI = GI - deductions. DRD and charitable (limited to 10% TI) calculated after initial TI determination.,${gi - exp - div}; $1000000,"IRC §63, IRC §243, IRC §170(b)(2)"
REG-MCQ-ENTI-0295,IRC §63: TI = GI - deductions. DRD and charitable (limited to 10% TI) calculated after initial TI determination.,$2000000; ${gi - exp - div},"IRC §63, IRC §243, IRC §170(b)(2)"
REG-MCQ-ENTI-0296,IRC §63: TI = GI - deductions. DRD and charitable (limited to 10% TI) calculated after initial TI determination.,${gi - exp - div}; $1000000,"IRC §63, IRC §243, IRC §170(b)(2)"
REG-MCQ-ENTI-0297,IRC §63: TI = GI - deductions. DRD and charitable (limited to 10% TI) calculated after initial TI determination.,${gi - exp}; ${gi - exp - div},"IRC §63, IRC §243, IRC §170(b)(2)"
REG-MCQ-ENTI-0298,IRC §63: TI = GI - deductions. DRD and charitable (limited to 10% TI) calculated after initial TI determination.,$2000000; ${gi - exp},"IRC §63, IRC §243, IRC §170(b)(2)"
REG-MCQ-ENTI-0299,IRC §63: TI = GI - deductions. DRD and charitable (limited to 10% TI) calculated after initial TI determination.,${gi - exp}; $1000000,"IRC §63, IRC §243, IRC §170(b)(2)"
REG-MCQ-ENTI-0300,IRC §63: TI = GI - deductions. DRD and charitable (limited to 10% TI) calculated after initial TI determination.,${gi - exp}; ${gi - exp - div},"IRC §63, IRC §243, IRC §170(b)(2)"
REG-MCQ-ENTI-0301,IRC §63: TI = GI - deductions. DRD and charitable (limited to 10% TI) calculated after initial TI determination.,${gi - exp - div}; ${gi - exp},"IRC §63, IRC §243, IRC §170(b)(2)"
REG-MCQ-ENTI-0302,IRC §63: TI = GI - deductions. DRD and charitable (limited to 10% TI) calculated after initial TI determination.,${gi - exp - div}; ${gi - exp},"IRC §63, IRC §243, IRC §170(b)(2)"
REG-MCQ-ENTI-0303,IRC §63: TI = GI - deductions. DRD and charitable (limited to 10% TI) calculated after initial TI determination.,$5000000; ${gi - exp},"IRC §63, IRC §243, IRC §170(b)(2)"
REG-MCQ-ENTI-0304,IRC §63: TI = GI - deductions. DRD and charitable (limited to 10% TI) calculated after initial TI determination.,${gi - exp}; $2000000,"IRC §63, IRC §243, IRC §170(b)(2)"
REG-MCQ-ENTI-0305,IRC §63: TI = GI - deductions. DRD and charitable (limited to 10% TI) calculated after initial TI determination.,$2000000; ${gi - exp},"IRC §63, IRC §243, IRC §170(b)(2)"
REG-MCQ-ENTI-0306,IRC §63: TI = GI - deductions. DRD and charitable (limited to 10% TI) calculated after initial TI determination.,$5000000; ${gi - exp},"IRC §63, IRC §243, IRC §170(b)(2)"
REG-MCQ-ENTI-0307,IRC §63: TI = GI - deductions. DRD and charitable (limited to 10% TI) calculated after initial TI determination.,${gi - exp - div}; ${gi - exp},"IRC §63, IRC §243, IRC §170(b)(2)"
REG-MCQ-ENTI-0308,IRC §63: TI = GI - deductions. DRD and charitable (limited to 10% TI) calculated after initial TI determination.,${gi - exp - div}; $1000000,"IRC §63, IRC §243, IRC §170(b)(2)"
REG-MCQ-ENTI-0309,IRC §63: TI = GI - deductions. DRD and charitable (limited to 10% TI) calculated after initial TI determination.,${gi - exp - div}; ${gi - exp},"IRC §63, IRC §243, IRC §170(b)(2)"
REG-MCQ-ENTI-0310,IRC §63: TI = GI - deductions. DRD and charitable (limited to 10% TI) calculated after initial TI determination.,${gi - exp}; ${gi - exp - div},"IRC §63, IRC §243, IRC §170(b)(2)"
REG-MCQ-ENTI-0311,IRC §63: TI = GI - deductions. DRD and charitable (limited to 10% TI) calculated after initial TI determination.,$1000000; ${gi - exp},"IRC §63, IRC §243, IRC §170(b)(2)"
REG-MCQ-ENTI-0312,IRC §63: TI = GI - deductions. DRD and charitable (limited to 10% TI) calculated after initial TI determination.,${gi - exp - div}; $1000000,"IRC §63, IRC §243, IRC §170(b)(2)"
REG-MCQ-ENTI-0313,IRC §63: TI = GI - deductions. DRD and charitable (limited to 10% TI) calculated after initial TI determination.,$2000000; ${gi - exp},"IRC §63, IRC §243, IRC §170(b)(2)"
REG-MCQ-ENTI-0314,IRC §63: TI = GI - deductions. DRD and charitable (limited to 10% TI) calculated after initial TI determination.,${gi - exp - div}; ${gi - exp},"IRC §63, IRC §243, IRC §170(b)(2)"
REG-MCQ-ENTI-0315,IRC §63: TI = GI - deductions. DRD and charitable (limited to 10% TI) calculated after initial TI determination.,${gi - exp}; $5000000,"IRC §63, IRC §243, IRC §170(b)(2)"
REG-MCQ-ENTI-0316,IRC §63: TI = GI - deductions. DRD and charitable (limited to 10% TI) calculated after initial TI determination.,$5000000; ${gi - exp - div},"IRC §63, IRC §243, IRC §170(b)(2)"
REG-MCQ-ENTI-0317,IRC §63: TI = GI - deductions. DRD and charitable (limited to 10% TI) calculated after initial TI determination.,${gi - exp}; $5000000,"IRC §63, IRC §243, IRC §170(b)(2)"
REG-MCQ-ENTI-0318,IRC §63: TI = GI - deductions. DRD and charitable (limited to 10% TI) calculated after initial TI determination.,$5000000; ${gi - exp - div},"IRC §63, IRC §243, IRC §170(b)(2)"
REG-MCQ-ENTI-0319,IRC §63: TI = GI - deductions. DRD and charitable (limited to 10% TI) calculated after initial TI determination.,${gi - exp}; $5000000,"IRC §63, IRC §243, IRC §170(b)(2)"
REG-MCQ-ENTI-0320,IRC §63: TI = GI - deductions. DRD and charitable (limited to 10% TI) calculated after initial TI determination.,$1000000; ${gi - exp},"IRC §63, IRC §243, IRC §170(b)(2)"
REG-MCQ-ENTI-0321,IRC §63: TI = GI - deductions. DRD and charitable (limited to 10% TI) calculated after initial TI determination.,${gi - exp - div}; $5000000,"IRC §63, IRC §243, IRC §170(b)(2)"
REG-MCQ-ENTI-0322,IRC §63: TI = GI - deductions. DRD and charitable (limited to 10% TI) calculated after initial TI determination.,${gi - exp}; $5000000,"IRC §63, IRC §243, IRC §170(b)(2)"
REG-MCQ-ENTI-0323,IRC §63: TI = GI - deductions. DRD and charitable (limited to 10% TI) calculated after initial TI determination.,$2000000; ${gi - exp - div},"IRC §63, IRC §243, IRC §170(b)(2)"
REG-MCQ-ENTI-0324,IRC §63: TI = GI - deductions. DRD and charitable (limited to 10% TI) calculated after initial TI determination.,${gi - exp}; $5000000,"IRC §63, IRC §243, IRC §170(b)(2)"
REG-MCQ-ENTI-0325,IRC §63: TI = GI - deductions. DRD and charitable (limited to 10% TI) calculated after initial TI determination.,$5000000; ${gi - exp},"IRC §63, IRC §243, IRC §170(b)(2)"
REG-MCQ-ENTI-0326,IRC §63: TI = GI - deductions. DRD and charitable (limited to 10% TI) calculated after initial TI determination.,${gi - exp}; ${gi - exp - div},"IRC §63, IRC §243, IRC §170(b)(2)"
REG-MCQ-ENTI-0327,IRC §63: TI = GI - deductions. DRD and charitable (limited to 10% TI) calculated after initial TI determination.,$5000000; ${gi - exp},"IRC §63, IRC §243, IRC §170(b)(2)"
REG-MCQ-ENTI-0328,IRC §63: TI = GI - deductions. DRD and charitable (limited to 10% TI) calculated after initial TI determination.,${gi - exp}; ${gi - exp - div},"IRC §63, IRC §243, IRC §170(b)(2)"
REG-MCQ-ENTI-0329,IRC §63: TI = GI - deductions. DRD and charitable (limited to 10% TI) calculated after initial TI determination.,$5000000; ${gi - exp - div},"IRC §63, IRC §243, IRC §170(b)(2)"
REG-MCQ-ENTI-0330,IRC §63: TI = GI - deductions. DRD and charitable (limited to 10% TI) calculated after initial TI determination.,${gi - exp - div}; $5000000,"IRC §63, IRC §243, IRC §170(b)(2)"
REG-MCQ-ENTI-0331,IRC §63: TI = GI - deductions. DRD and charitable (limited to 10% TI) calculated after initial TI determination.,${gi - exp - div}; $1000000,"IRC §63, IRC §243, IRC §170(b)(2)"
REG-MCQ-ENTI-0332,IRC §63: TI = GI - deductions. DRD and charitable (limited to 10% TI) calculated after initial TI determination.,$2000000; ${gi - exp},"IRC §63, IRC §243, IRC §170(b)(2)"
REG-MCQ-BUSI-0333,"UCC §2-207: Between merchants, additional terms become part of contract unless material. Shipping date is typically not material.","No, shipping term is material modification; No, mirror image rule violated","UCC §2-207(2), UCC §2-206"
REG-MCQ-BUSI-0334,"UCC §2-207: Between merchants, additional terms become part of contract unless material. Shipping date is typically not material.","Yes, but only if Party A agrees to shipping date; No, shipping term is material modification","UCC §2-207(2), UCC §2-206"
REG-MCQ-BUSI-0335,"UCC §2-207: Between merchants, additional terms become part of contract unless material. Shipping date is typically not material.","Yes, but only if Party A agrees to shipping date; No, shipping term is material modification","UCC §2-207(2), UCC §2-206"
REG-MCQ-BUSI-0336,"UCC §2-207: Between merchants, additional terms become part of contract unless material. Shipping date is typically not material.","Yes, but only if Party A agrees to shipping date; No, shipping term is material modification","UCC §2-207(2), UCC §2-206"
REG-MCQ-BUSI-0337,"UCC §2-207: Between merchants, additional terms become part of contract unless material. Shipping date is typically not material.","No, shipping term is material modification; Yes, but only if Party A agrees to shipping date","UCC §2-207(2), UCC §2-206"
REG-MCQ-BUSI-0338,"UCC §2-207: Between merchants, additional terms become part of contract unless material. Shipping date is typically not material.","Yes, but only if Party A agrees to shipping date; No, shipping term is material modification","UCC §2-207(2), UCC §2-206"
REG-MCQ-BUSI-0339,"UCC §2-207: Between merchants, additional terms become part of contract unless material. Shipping date is typically not material.","Yes, but only if Party A agrees to shipping date; No, mirror image rule violated","UCC §2-207(2), UCC §2-206"
REG-MCQ-BUSI-0340,"UCC §2-207: Between merchants, additional terms become part of contract unless material. Shipping date is typically not material.","No, shipping term is material modification; No, mirror image rule violated","UCC §2-207(2), UCC §2-206"
REG-MCQ-BUSI-0341,"UCC §2-207: Between merchants, additional terms become part of contract unless material. Shipping date is typically not material.","No, mirror image rule violated; Yes, but only if Party A agrees to shipping date","UCC §2-207(2), UCC §2-206"
REG-MCQ-BUSI-0342,"UCC §2-207: Between merchants, additional terms become part of contract unless material. Shipping date is typically not material.","No, shipping term is material modification; No, mirror image rule violated","UCC §2-207(2), UCC §2-206"
REG-MCQ-BUSI-0343,"UCC §2-207: Between merchants, additional terms become part of contract unless material. Shipping date is typically not material.","No, mirror image rule violated; No, shipping term is material modification","UCC §2-207(2), UCC §2-206"
REG-MCQ-BUSI-0344,"UCC §2-207: Between merchants, additional terms become part of contract unless material. Shipping date is typically not material.","No, shipping term is material modification; No, mirror image rule violated","UCC §2-207(2), UCC §2-206"
REG-MCQ-BUSI-0345,"UCC §2-207: Between merchants, additional terms become part of contract unless material. Shipping date is typically not material.","No, mirror image rule violated; Yes, but only if Party A agrees to shipping date","UCC §2-207(2), UCC §2-206"
REG-MCQ-BUSI-0346,"UCC §2-207: Between merchants, additional terms become part of contract unless material. Shipping date is typically not material.","No, mirror image rule violated; Yes, but only if Party A agrees to shipping date","UCC §2-207(2), UCC §2-206"
REG-MCQ-BUSI-0347,"UCC §2-207: Between merchants, additional terms become part of contract unless material. Shipping date is typically not material.","No, mirror image rule violated; No, shipping term is material modification","UCC §2-207(2), UCC §2-206"
REG-MCQ-BUSI-0348,"UCC §2-207: Between merchants, additional terms become part of contract unless material. Shipping date is typically not material.","No, mirror image rule violated; No, shipping term is material modification","UCC §2-207(2), UCC §2-206"
REG-MCQ-BUSI-0349,"UCC §2-207: Between merchants, additional terms become part of contract unless material. Shipping date is typically not material.","Yes, but only if Party A agrees to shipping date; No, shipping term is material modification","UCC §2-207(2), UCC §2-206"
REG-MCQ-BUSI-0350,"UCC §2-207: Between merchants, additional terms become part of contract unless material. Shipping date is typically not material.","Yes, but only if Party A agrees to shipping date; No, mirror image rule violated","UCC §2-207(2), UCC §2-206"
REG-MCQ-BUSI-0351,"UCC §2-207: Between merchants, additional terms become part of contract unless material. Shipping date is typically not material.","No, mirror image rule violated; No, shipping term is material modification","UCC §2-207(2), UCC §2-206"
REG-MCQ-BUSI-0352,"UCC §2-207: Between merchants, additional terms become part of contract unless material. Shipping date is typically not material.","No, mirror image rule violated; Yes, but only if Party A agrees to shipping date","UCC §2-207(2), UCC §2-206"
REG-MCQ-BUSI-0353,"UCC §2-207: Between merchants, additional terms become part of contract unless material. Shipping date is typically not material.","Yes, but only if Party A agrees to shipping date; No, shipping term is material modification","UCC §2-207(2), UCC §2-206"
REG-MCQ-BUSI-0354,"UCC §2-207: Between merchants, additional terms become part of contract unless material. Shipping date is typically not material.","No, mirror image rule violated; No, shipping term is material modification","UCC §2-207(2), UCC §2-206"
REG-MCQ-BUSI-0355,"UCC §2-207: Between merchants, additional terms become part of contract unless material. Shipping date is typically not material.","No, shipping term is material modification; Yes, but only if Party A agrees to shipping date","UCC §2-207(2), UCC §2-206"
REG-MCQ-BUSI-0356,"UCC §2-207: Between merchants, additional terms become part of contract unless material. Shipping date is typically not material.","Yes, but only if Party A agrees to shipping date; No, mirror image rule violated","UCC §2-207(2), UCC §2-206"
REG-MCQ-BUSI-0357,"UCC §2-207: Between merchants, additional terms become part of contract unless material. Shipping date is typically not material.","Yes, but only if Party A agrees to shipping date; No, mirror image rule violated","UCC §2-207(2), UCC §2-206"
REG-MCQ-BUSI-0358,"UCC §2-207: Between merchants, additional terms become part of contract unless material. Shipping date is typically not material.","No, mirror image rule violated; No, shipping term is material modification","UCC §2-207(2), UCC §2-206"
REG-MCQ-BUSI-0359,"UCC §2-207: Between merchants, additional terms become part of contract unless material. Shipping date is typically not material.","Yes, but only if Party A agrees to shipping date; No, shipping term is material modification","UCC §2-207(2), UCC §2-206"
REG-MCQ-BUSI-0360,"UCC §2-207: Between merchants, additional terms become part of contract unless material. Shipping date is typically not material.","No, mirror image rule violated; No, shipping term is material modification","UCC §2-207(2), UCC §2-206"
REG-MCQ-BUSI-0361,"UCC §2-207: Between merchants, additional terms become part of contract unless material. Shipping date is typically not material.","No, shipping term is material modification; No, mirror image rule violated","UCC §2-207(2), UCC §2-206"
REG-MCQ-BUSI-0362,"UCC §2-207: Between merchants, additional terms become part of contract unless material. Shipping date is typically not material.","No, mirror image rule violated; Yes, but only if Party A agrees to shipping date","UCC §2-207(2), UCC §2-206"
REG-MCQ-BUSI-0363,"UCC §2-207: Between merchants, additional terms become part of contract unless material. Shipping date is typically not material.","No, mirror image rule violated; Yes, but only if Party A agrees to shipping date","UCC §2-207(2), UCC §2-206"
REG-MCQ-BUSI-0364,"UCC §2-207: Between merchants, additional terms become part of contract unless material. Shipping date is typically not material.","No, shipping term is material modification; No, mirror image rule violated","UCC §2-207(2), UCC §2-206"
REG-MCQ-BUSI-0365,"UCC §2-207: Between merchants, additional terms become part of contract unless material. Shipping date is typically not material.","No, shipping term is material modification; No, mirror image rule violated","UCC §2-207(2), UCC §2-206"
REG-MCQ-BUSI-0366,"UCC §2-207: Between merchants, additional terms become part of contract unless material. Shipping date is typically not material.","Yes, but only if Party A agrees to shipping date; No, shipping term is material modification","UCC §2-207(2), UCC §2-206"
REG-MCQ-BUSI-0367,"UCC §2-207: Between merchants, additional terms become part of contract unless material. Shipping date is typically not material.","No, mirror image rule violated; Yes, but only if Party A agrees to shipping date","UCC §2-207(2), UCC §2-206"
REG-MCQ-BUSI-0368,"UCC §2-207: Between merchants, additional terms become part of contract unless material. Shipping date is typically not material.","No, shipping term is material modification; Yes, but only if Party A agrees to shipping date","UCC §2-207(2), UCC §2-206"
REG-MCQ-BUSI-0369,"UCC §2-207: Between merchants, additional terms become part of contract unless material. Shipping date is typically not material.","Yes, but only if Party A agrees to shipping date; No, mirror image rule violated","UCC §2-207(2), UCC §2-206"
REG-MCQ-BUSI-0370,"UCC §2-207: Between merchants, additional terms become part of contract unless material. Shipping date is typically not material.","No, shipping term is material modification; Yes, but only if Party A agrees to shipping date","UCC §2-207(2), UCC §2-206"
REG-MCQ-BUSI-0371,"UCC §2-207: Between merchants, additional terms become part of contract unless material. Shipping date is typically not material.","No, shipping term is material modification; Yes, but only if Party A agrees to shipping date","UCC §2-207(2), UCC §2-206"
REG-MCQ-BUSI-0372,"UCC §2-207: Between merchants, additional terms become part of contract unless material. Shipping date is typically not material.","No, mirror image rule violated; Yes, but only if Party A agrees to shipping date","UCC §2-207(2), UCC §2-206"
REG-MCQ-BUSI-0373,"UCC §2-207: Between merchants, additional terms become part of contract unless material. Shipping date is typically not material.","No, mirror image rule violated; Yes, but only if Party A agrees to shipping date","UCC §2-207(2), UCC §2-206"
REG-MCQ-BUSI-0374,"UCC §2-207: Between merchants, additional terms become part of contract unless material. Shipping date is typically not material.","No, shipping term is material modification; Yes, but only if Party A agrees to shipping date","UCC §2-207(2), UCC §2-206"
REG-MCQ-BUSI-0375,"UCC §2-207: Between merchants, additional terms become part of contract unless material. Shipping date is typically not material.","No, mirror image rule violated; Yes, but only if Party A agrees to shipping date","UCC §2-207(2), UCC §2-206"
REG-MCQ-BUSI-0376,"UCC §2-207: Between merchants, additional terms become part of contract unless material. Shipping date is typically not material.","No, shipping term is material modification; Yes, but only if Party A agrees to shipping date","UCC §2-207(2), UCC §2-206"
REG-MCQ-BUSI-0377,"UCC §2-207: Between merchants, additional terms become part of contract unless material. Shipping date is typically not material.","No, shipping term is material modification; No, mirror image rule violated","UCC §2-207(2), UCC §2-206"
REG-MCQ-BUSI-0378,"UCC §2-207: Between merchants, additional terms become part of contract unless material. Shipping date is typically not material.","Yes, but only if Party A agrees to shipping date; No, mirror image rule violated","UCC §2-207(2), UCC §2-206"
REG-MCQ-BUSI-0379,"UCC §2-207: Between merchants, additional terms become part of contract unless material. Shipping date is typically not material.","No, mirror image rule violated; Yes, but only if Party A agrees to shipping date","UCC §2-207(2), UCC §2-206"
REG-MCQ-BUSI-0380,"UCC §2-207: Between merchants, additional terms become part of contract unless material. Shipping date is typically not material.","No, mirror image rule violated; No, shipping term is material modification","UCC §2-207(2), UCC §2-206"
REG-MCQ-BUSI-0381,"UCC §2-207: Between merchants, additional terms become part of contract unless material. Shipping date is typically not material.","No, shipping term is material modification; No, mirror image rule violated","UCC §2-207(2), UCC §2-206"
REG-MCQ-BUSI-0382,"UCC §2-207: Between merchants, additional terms become part of contract unless material. Shipping date is typically not material.","No, shipping term is material modification; Yes, but only if Party A agrees to shipping date","UCC §2-207(2), UCC §2-206"
REG-MCQ-BUSI-0383,"UCC §2-207: Between merchants, additional terms become part of contract unless material. Shipping date is typically not material.","Yes, but only if Party A agrees to shipping date; No, shipping term is material modification","UCC §2-207(2), UCC §2-206"
REG-MCQ-BUSI-0384,"UCC §2-207: Between merchants, additional terms become part of contract unless material. Shipping date is typically not material.","No, mirror image rule violated; No, shipping term is material modification","UCC §2-207(2), UCC §2-206"
REG-MCQ-BUSI-0385,"UCC §2-207: Between merchants, additional terms become part of contract unless material. Shipping date is typically not material.","Yes, but only if Party A agrees to shipping date; No, mirror image rule violated","UCC §2-207(2), UCC §2-206"
REG-MCQ-BUSI-0386,"UCC §2-207: Between merchants, additional terms become part of contract unless material. Shipping date is typically not material.","Yes, but only if Party A agrees to shipping date; No, shipping term is material modification","UCC §2-207(2), UCC §2-206"
REG-MCQ-BUSI-0387,"UCC §2-207: Between merchants, additional terms become part of contract unless material. Shipping date is typically not material.","No, mirror image rule violated; Yes, but only if Party A agrees to shipping date","UCC §2-207(2), UCC §2-206"
REG-MCQ-BUSI-0388,"UCC §2-207: Between merchants, additional terms become part of contract unless material. Shipping date is typically not material.","No, shipping term is material modification; Yes, but only if Party A agrees to shipping date","UCC §2-207(2), UCC §2-206"
REG-MCQ-BUSI-0389,"UCC §2-207: Between merchants, additional terms become part of contract unless material. Shipping date is typically not material.","Yes, but only if Party A agrees to shipping date; No, mirror image rule violated","UCC §2-207(2), UCC §2-206"
REG-MCQ-BUSI-0390,"UCC §2-207: Between merchants, additional terms become part of contract unless material. Shipping date is typically not material.","No, shipping term is material modification; No, mirror image rule violated","UCC §2-207(2), UCC §2-206"
REG-MCQ-BUSI-0391,"UCC §2-207: Between merchants, additional terms become part of contract unless material. Shipping date is typically not material.","Yes, but only if Party A agrees to shipping date; No, shipping term is material modification","UCC §2-207(2), UCC §2-206"
REG-MCQ-BUSI-0392,"UCC §2-207: Between merchants, additional terms become part of contract unless material. Shipping date is typically not material.","Yes, but only if Party A agrees to shipping date; No, mirror image rule violated","UCC §2-207(2), UCC §2-206"
REG-MCQ-BUSI-0393,"UCC §2-207: Between merchants, additional terms become part of contract unless material. Shipping date is typically not material.","No, shipping term is material modification; Yes, but only if Party A agrees to shipping date","UCC §2-207(2), UCC §2-206"
REG-MCQ-BUSI-0394,"UCC §2-207: Between merchants, additional terms become part of contract unless material. Shipping date is typically not material.","No, shipping term is material modification; No, mirror image rule violated","UCC §2-207(2), UCC §2-206"
REG-MCQ-BUSI-0395,"UCC §2-207: Between merchants, additional terms become part of contract unless material. Shipping date is typically not material.","No, mirror image rule violated; No, shipping term is material modification","UCC §2-207(2), UCC §2-206"
REG-MCQ-BUSI-0396,"UCC §2-207: Between merchants, additional terms become part of contract unless material. Shipping date is typically not material.","Yes, but only if Party A agrees to shipping date; No, mirror image rule violated","UCC §2-207(2), UCC §2-206"
REG-MCQ-BUSI-0397,"UCC §2-207: Between merchants, additional terms become part of contract unless material. Shipping date is typically not material.","No, mirror image rule violated; Yes, but only if Party A agrees to shipping date","UCC §2-207(2), UCC §2-206"
REG-MCQ-BUSI-0398,"UCC §2-207: Between merchants, additional terms become part of contract unless material. Shipping date is typically not material.","No, mirror image rule violated; Yes, but only if Party A agrees to shipping date","UCC §2-207(2), UCC §2-206"
REG-MCQ-BUSI-0399,"UCC §2-207: Between merchants, additional terms become part of contract unless material. Shipping date is typically not material.","No, shipping term is material modification; Yes, but only if Party A agrees to shipping date","UCC §2-207(2), UCC §2-206"
REG-MCQ-BUSI-0400,"UCC §2-207: Between merchants, additional terms become part of contract unless material. Shipping date is typically not material.","No, mirror image rule violated; Yes, but only if Party A agrees to shipping date","UCC §2-207(2), UCC §2-206"
REG-MCQ-BUSI-0401,"UCC §2-207: Between merchants, additional terms become part of contract unless material. Shipping date is typically not material.","No, shipping term is material modification; No, mirror image rule violated","UCC §2-207(2), UCC §2-206"
REG-MCQ-BUSI-0402,"UCC §2-207: Between merchants, additional terms become part of contract unless material. Shipping date is typically not material.","No, shipping term is material modification; Yes, but only if Party A agrees to shipping date","UCC §2-207(2), UCC §2-206"
REG-MCQ-BUSI-0403,"UCC §2-207: Between merchants, additional terms become part of contract unless material. Shipping date is typically not material.","No, shipping term is material modification; Yes, but only if Party A agrees to shipping date","UCC §2-207(2), UCC §2-206"
REG-MCQ-BUSI-0404,"UCC §2-207: Between merchants, additional terms become part of contract unless material. Shipping date is typically not material.","No, shipping term is material modification; Yes, but only if Party A agrees to shipping date","UCC §2-207(2), UCC §2-206"
REG-MCQ-BUSI-0405,"UCC §2-207: Between merchants, additional terms become part of contract unless material. Shipping date is typically not material.","No, mirror image rule violated; Yes, but only if Party A agrees to shipping date","UCC §2-207(2), UCC §2-206"
REG-MCQ-BUSI-0406,"UCC §2-207: Between merchants, additional terms become part of contract unless material. Shipping date is typically not material.","No, shipping term is material modification; Yes, but only if Party A agrees to shipping date","UCC §2-207(2), UCC §2-206"
REG-MCQ-BUSI-0407,"UCC §2-207: Between merchants, additional terms become part of contract unless material. Shipping date is typically not material.","No, mirror image rule violated; Yes, but only if Party A agrees to shipping date","UCC §2-207(2), UCC §2-206"
REG-MCQ-BUSI-0408,"UCC §2-207: Between merchants, additional terms become part of contract unless material. Shipping date is typically not material.","Yes, but only if Party A agrees to shipping date; No, shipping term is material modification","UCC §2-207(2), UCC §2-206"
REG-MCQ-BUSI-0409,"UCC §2-207: Between merchants, additional terms become part of contract unless material. Shipping date is typically not material.","Yes, but only if Party A agrees to shipping date; No, mirror image rule violated","UCC §2-207(2), UCC §2-206"
REG-MCQ-BUSI-0410,"UCC §2-207: Between merchants, additional terms become part of contract unless material. Shipping date is typically not material.","No, shipping term is material modification; No, mirror image rule violated","UCC §2-207(2), UCC §2-206"
REG-MCQ-BUSI-0411,"UCC §2-207: Between merchants, additional terms become part of contract unless material. Shipping date is typically not material.","Yes, but only if Party A agrees to shipping date; No, shipping term is material modification","UCC §2-207(2), UCC §2-206"
REG-MCQ-BUSI-0412,"UCC §2-207: Between merchants, additional terms become part of contract unless material. Shipping date is typically not material.","No, shipping term is material modification; No, mirror image rule violated","UCC §2-207(2), UCC §2-206"
REG-MCQ-BUSI-0413,"UCC §2-207: Between merchants, additional terms become part of contract unless material. Shipping date is typically not material.","No, shipping term is material modification; No, mirror image rule violated","UCC §2-207(2), UCC §2-206"
REG-MCQ-BUSI-0414,"UCC §2-207: Between merchants, additional terms become part of contract unless material. Shipping date is typically not material.","Yes, but only if Party A agrees to shipping date; No, mirror image rule violated","UCC §2-207(2), UCC §2-206"
REG-MCQ-BUSI-0415,"UCC §2-207: Between merchants, additional terms become part of contract unless material. Shipping date is typically not material.","Yes, but only if Party A agrees to shipping date; No, shipping term is material modification","UCC §2-207(2), UCC §2-206"
REG-MCQ-BUSI-0416,"UCC §2-207: Between merchants, additional terms become part of contract unless material. Shipping date is typically not material.","No, mirror image rule violated; No, shipping term is material modification","UCC §2-207(2), UCC §2-206"
REG-MCQ-BUSI-0417,"UCC §2-207: Between merchants, additional terms become part of contract unless material. Shipping date is typically not material.","No, mirror image rule violated; Yes, but only if Party A agrees to shipping date","UCC §2-207(2), UCC §2-206"
REG-MCQ-BUSI-0418,"UCC §2-207: Between merchants, additional terms become part of contract unless material. Shipping date is typically not material.","No, mirror image rule violated; Yes, but only if Party A agrees to shipping date","UCC §2-207(2), UCC §2-206"
REG-MCQ-BUSI-0419,"UCC §2-207: Between merchants, additional terms become part of contract unless material. Shipping date is typically not material.","No, shipping term is material modification; Yes, but only if Party A agrees to shipping date","UCC §2-207(2), UCC §2-206"
REG-MCQ-BUSI-0420,"UCC §2-207: Between merchants, additional terms become part of contract unless material. Shipping date is typically not material.","No, shipping term is material modification; No, mirror image rule violated","UCC §2-207(2), UCC §2-206"
REG-MCQ-BUSI-0421,"UCC §2-207: Between merchants, additional terms become part of contract unless material. Shipping date is typically not material.","No, mirror image rule violated; Yes, but only if Party A agrees to shipping date","UCC §2-207(2), UCC §2-206"
REG-MCQ-BUSI-0422,"UCC §2-207: Between merchants, additional terms become part of contract unless material. Shipping date is typically not material.","No, mirror image rule violated; No, shipping term is material modification","UCC §2-207(2), UCC §2-206"
REG-MCQ-BUSI-0423,"UCC §2-207: Between merchants, additional terms become part of contract unless material. Shipping date is typically not material.","No, shipping term is material modification; No, mirror image rule violated","UCC §2-207(2), UCC §2-206"
REG-MCQ-BUSI-0424,"UCC §2-207: Between merchants, additional terms become part of contract unless material. Shipping date is typically not material.","Yes, but only if Party A agrees to shipping date; No, shipping term is material modification","UCC §2-207(2), UCC §2-206"
REG-MCQ-BUSI-0425,"UCC §2-207: Between merchants, additional terms become part of contract unless material. Shipping date is typically not material.","No, mirror image rule violated; Yes, but only if Party A agrees to shipping date","UCC §2-207(2), UCC §2-206"
REG-MCQ-BUSI-0426,"UCC §2-207: Between merchants, additional terms become part of contract unless material. Shipping date is typically not material.","No, mirror image rule violated; Yes, but only if Party A agrees to shipping date","UCC §2-207(2), UCC §2-206"
REG-MCQ-BUSI-0427,"UCC §2-207: Between merchants, additional terms become part of contract unless material. Shipping date is typically not material.","No, shipping term is material modification; Yes, but only if Party A agrees to shipping date","UCC §2-207(2), UCC §2-206"
REG-MCQ-BUSI-0428,"UCC §2-207: Between merchants, additional terms become part of contract unless material. Shipping date is typically not material.","No, shipping term is material modification; Yes, but only if Party A agrees to shipping date","UCC §2-207(2), UCC §2-206"
REG-MCQ-BUSI-0429,"UCC §2-207: Between merchants, additional terms become part of contract unless material. Shipping date is typically not material.","No, shipping term is material modification; Yes, but only if Party A agrees to shipping date","UCC §2-207(2), UCC §2-206"
REG-MCQ-BUSI-0430,"UCC §2-207: Between merchants, additional terms become part of contract unless material. Shipping date is typically not material.","No, shipping term is material modification; No, mirror image rule violated","UCC §2-207(2), UCC §2-206"
REG-MCQ-BUSI-0431,"UCC §2-207: Between merchants, additional terms become part of contract unless material. Shipping date is typically not material.","No, mirror image rule violated; No, shipping term is material modification","UCC §2-207(2), UCC §2-206"
REG-MCQ-BUSI-0432,"UCC §2-207: Between merchants, additional terms become part of contract unless material. Shipping date is typically not material.","Yes, but only if Party A agrees to shipping date; No, shipping term is material modification","UCC §2-207(2), UCC §2-206"
REG-MCQ-BUSI-0433,"UCC §2-207: Between merchants, additional terms become part of contract unless material. Shipping date is typically not material.","No, mirror image rule violated; No, shipping term is material modification","UCC §2-207(2), UCC §2-206"
REG-MCQ-BUSI-0434,"UCC §2-207: Between merchants, additional terms become part of contract unless material. Shipping date is typically not material.","No, mirror image rule violated; Yes, but only if Party A agrees to shipping date","UCC §2-207(2), UCC §2-206"
REG-MCQ-BUSI-0435,"UCC §2-207: Between merchants, additional terms become part of contract unless material. Shipping date is typically not material.","Yes, but only if Party A agrees to shipping date; No, mirror image rule violated","UCC §2-207(2), UCC §2-206"
REG-MCQ-BUSI-0436,"UCC §2-207: Between merchants, additional terms become part of contract unless material. Shipping date is typically not material.","No, mirror image rule violated; No, shipping term is material modification","UCC §2-207(2), UCC §2-206"
REG-MCQ-BUSI-0437,"UCC §2-207: Between merchants, additional terms become part of contract unless material. Shipping date is typically not material.","No, mirror image rule violated; Yes, but only if Party A agrees to shipping date","UCC §2-207(2), UCC §2-206"
REG-MCQ-BUSI-0438,"UCC §2-207: Between merchants, additional terms become part of contract unless material. Shipping date is typically not material.","No, mirror image rule violated; Yes, but only if Party A agrees to shipping date","UCC §2-207(2), UCC §2-206"
REG-MCQ-BUSI-0439,"UCC §2-207: Between merchants, additional terms become part of contract unless material. Shipping date is typically not material.","No, shipping term is material modification; No, mirror image rule violated","UCC §2-207(2), UCC §2-206"
REG-MCQ-BUSI-0440,"UCC §2-207: Between merchants, additional terms become part of contract unless material. Shipping date is typically not material.","Yes, but only if Party A agrees to shipping date; No, shipping term is material modification","UCC §2-207(2), UCC §2-206"
REG-MCQ-BUSI-0441,"UCC §2-207: Between merchants, additional terms become part of contract unless material. Shipping date is typically not material.","No, shipping term is material modification; Yes, but only if Party A agrees to shipping date","UCC §2-207(2), UCC §2-206"
REG-MCQ-BUSI-0442,"UCC §2-207: Between merchants, additional terms become part of contract unless material. Shipping date is typically not material.","No, mirror image rule violated; Yes, but only if Party A agrees to shipping date","UCC §2-207(2), UCC §2-206"
REG-MCQ-BUSI-0443,"UCC §2-207: Between merchants, additional terms become part of contract unless material. Shipping date is typically not material.","Yes, but only if Party A agrees to shipping date; No, mirror image rule violated","UCC §2-207(2), UCC §2-206"
REG-MCQ-BUSI-0444,"UCC §2-207: Between merchants, additional terms become part of contract unless material. Shipping date is typically not material.","No, shipping term is material modification; No, mirror image rule violated","UCC §2-207(2), UCC §2-206"
REG-MCQ-BUSI-0445,"UCC §2-207: Between merchants, additional terms become part of contract unless material. Shipping date is typically not material.","No, mirror image rule violated; No, shipping term is material modification","UCC §2-207(2), UCC §2-206"
REG-MCQ-BUSI-0446,"UCC §2-207: Between merchants, additional terms become part of contract unless material. Shipping date is typically not material.","No, mirror image rule violated; Yes, but only if Party A agrees to shipping date","UCC §2-207(2), UCC §2-206"
REG-MCQ-BUSI-0447,"UCC §2-207: Between merchants, additional terms become part of contract unless material. Shipping date is typically not material.","Yes, but only if Party A agrees to shipping date; No, shipping term is material modification","UCC §2-207(2), UCC §2-206"
REG-MCQ-BUSI-0448,"UCC §2-207: Between merchants, additional terms become part of contract unless material. Shipping date is typically not material.","No, shipping term is material modification; Yes, but only if Party A agrees to shipping date","UCC §2-207(2), UCC §2-206"
REG-MCQ-BUSI-0449,"UCC §2-207: Between merchants, additional terms become part of contract unless material. Shipping date is typically not material.","Yes, but only if Party A agrees to shipping date; No, mirror image rule violated","UCC §2-207(2), UCC §2-206"
REG-MCQ-BUSI-0450,"UCC §2-207: Between merchants, additional terms become part of contract unless material. Shipping date is typically not material.","No, shipping term is material modification; Yes, but only if Party A agrees to shipping date","UCC §2-207(2), UCC §2-206"
REG-MCQ-BUSI-0451,"UCC §2-207: Between merchants, additional terms become part of contract unless material. Shipping date is typically not material.","Yes, but only if Party A agrees to shipping date; No, shipping term is material modification","UCC §2-207(2), UCC §2-206"
REG-MCQ-BUSI-0452,"UCC §2-207: Between merchants, additional terms become part of contract unless material. Shipping date is typically not material.","No, shipping term is material modification; No, mirror image rule violated","UCC §2-207(2), UCC §2-206"
REG-MCQ-BUSI-0453,"UCC §2-207: Between merchants, additional terms become part of contract unless material. Shipping date is typically not material.","No, shipping term is material modification; Yes, but only if Party A agrees to shipping date","UCC §2-207(2), UCC §2-206"
REG-MCQ-BUSI-0454,"UCC §2-207: Between merchants, additional terms become part of contract unless material. Shipping date is typically not material.","No, shipping term is material modification; No, mirror image rule violated","UCC §2-207(2), UCC §2-206"
REG-MCQ-BUSI-0455,"UCC §2-207: Between merchants, additional terms become part of contract unless material. Shipping date is typically not material.","No, shipping term is material modification; Yes, but only if Party A agrees to shipping date","UCC §2-207(2), UCC §2-206"
REG-MCQ-BUSI-0456,"UCC §2-207: Between merchants, additional terms become part of contract unless material. Shipping date is typically not material.","No, mirror image rule violated; Yes, but only if Party A agrees to shipping date","UCC §2-207(2), UCC §2-206"
REG-MCQ-BUSI-0457,"UCC §2-207: Between merchants, additional terms become part of contract unless material. Shipping date is typically not material.","No, mirror image rule violated; No, shipping term is material modification","UCC §2-207(2), UCC §2-206"
REG-MCQ-BUSI-0458,"UCC §2-207: Between merchants, additional terms become part of contract unless material. Shipping date is typically not material.","Yes, but only if Party A agrees to shipping date; No, shipping term is material modification","UCC §2-207(2), UCC §2-206"
REG-MCQ-BUSI-0459,"UCC §2-207: Between merchants, additional terms become part of contract unless material. Shipping date is typically not material.","Yes, but only if Party A agrees to shipping date; No, mirror image rule violated","UCC §2-207(2), UCC §2-206"
REG-MCQ-BUSI-0460,"UCC §2-207: Between merchants, additional terms become part of contract unless material. Shipping date is typically not material.","No, shipping term is material modification; Yes, but only if Party A agrees to shipping date","UCC §2-207(2), UCC §2-206"
REG-MCQ-BUSI-0461,"UCC §2-207: Between merchants, additional terms become part of contract unless material. Shipping date is typically not material.","No, mirror image rule violated; Yes, but only if Party A agrees to shipping date","UCC §2-207(2), UCC §2-206"
REG-MCQ-BUSI-0462,"UCC §2-207: Between merchants, additional terms become part of contract unless material. Shipping date is typically not material.","Yes, but only if Party A agrees to shipping date; No, mirror image rule violated","UCC §2-207(2), UCC §2-206"
REG-MCQ-BUSI-0463,"UCC §2-207: Between merchants, additional terms become part of contract unless material. Shipping date is typically not material.","No, shipping term is material modification; No, mirror image rule violated","UCC §2-207(2), UCC §2-206"
REG-MCQ-BUSI-0464,"UCC §2-207: Between merchants, additional terms become part of contract unless material. Shipping date is typically not material.","No, shipping term is material modification; No, mirror image rule violated","UCC §2-207(2), UCC §2-206"
REG-MCQ-BUSI-0465,"UCC §2-207: Between merchants, additional terms become part of contract unless material. Shipping date is typically not material.","No, mirror image rule violated; No, shipping term is material modification","UCC §2-207(2), UCC §2-206"
REG-MCQ-BUSI-0466,"UCC §2-207: Between merchants, additional terms become part of contract unless material. Shipping date is typically not material.","Yes, but only if Party A agrees to shipping date; No, mirror image rule violated","UCC §2-207(2), UCC §2-206"
REG-MCQ-BUSI-0467,"UCC §2-207: Between merchants, additional terms become part of contract unless material. Shipping date is typically not material.","No, mirror image rule violated; No, shipping term is material modification","UCC §2-207(2), UCC §2-206"
REG-MCQ-BUSI-0468,"UCC §2-207: Between merchants, additional terms become part of contract unless material. Shipping date is typically not material.","No, shipping term is material modification; No, mirror image rule violated","UCC §2-207(2), UCC §2-206"
REG-MCQ-BUSI-0469,"UCC §2-207: Between merchants, additional terms become part of contract unless material. Shipping date is typically not material.","No, shipping term is material modification; Yes, but only if Party A agrees to shipping date","UCC §2-207(2), UCC §2-206"
REG-MCQ-BUSI-0470,"UCC §2-207: Between merchants, additional terms become part of contract unless material. Shipping date is typically not material.","No, mirror image rule violated; No, shipping term is material modification","UCC §2-207(2), UCC §2-206"
REG-MCQ-BUSI-0471,"UCC §2-207: Between merchants, additional terms become part of contract unless material. Shipping date is typically not material.","No, mirror image rule violated; No, shipping term is material modification","UCC §2-207(2), UCC §2-206"
REG-MCQ-BUSI-0472,"UCC §2-207: Between merchants, additional terms become part of contract unless material. Shipping date is typically not material.","Yes, but only if Party A agrees to shipping date; No, shipping term is material modification","UCC §2-207(2), UCC §2-206"
REG-MCQ-BUSI-0473,"UCC §2-207: Between merchants, additional terms become part of contract unless material. Shipping date is typically not material.","Yes, but only if Party A agrees to shipping date; No, shipping term is material modification","UCC §2-207(2), UCC §2-206"
REG-MCQ-BUSI-0474,"UCC §2-207: Between merchants, additional terms become part of contract unless material. Shipping date is typically not material.","No, mirror image rule violated; Yes, but only if Party A agrees to shipping date","UCC §2-207(2), UCC §2-206"
REG-MCQ-BUSI-0475,"UCC §2-207: Between merchants, additional terms become part of contract unless material. Shipping date is typically not material.","No, mirror image rule violated; No, shipping term is material modification","UCC §2-207(2), UCC §2-206"
REG-MCQ-BUSI-0476,"UCC §2-207: Between merchants, additional terms become part of contract unless material. Shipping date is typically not material.","No, mirror image rule violated; Yes, but only if Party A agrees to shipping date","UCC §2-207(2), UCC §2-206"
REG-MCQ-BUSI-0477,"UCC §2-207: Between merchants, additional terms become part of contract unless material. Shipping date is typically not material.","Yes, but only if Party A agrees to shipping date; No, shipping term is material modification","UCC §2-207(2), UCC §2-206"
REG-MCQ-BUSI-0478,"UCC §2-207: Between merchants, additional terms become part of contract unless material. Shipping date is typically not material.","No, mirror image rule violated; No, shipping term is material modification","UCC §2-207(2), UCC §2-206"
REG-MCQ-BUSI-0479,"UCC §2-207: Between merchants, additional terms become part of contract unless material. Shipping date is typically not material.","Yes, but only if Party A agrees to shipping date; No, shipping term is material modification","UCC §2-207(2), UCC §2-206"
REG-MCQ-BUSI-0480,"UCC §2-207: Between merchants, additional terms become part of contract unless material. Shipping date is typically not material.","No, mirror image rule violated; No, shipping term is material modification","UCC §2-207(2), UCC §2-206"
REG-MCQ-BUSI-0481,"UCC §2-207: Between merchants, additional terms become part of contract unless material. Shipping date is typically not material.","Yes, but only if Party A agrees to shipping date; No, mirror image rule violated","UCC §2-207(2), UCC §2-206"
REG-MCQ-BUSI-0482,"UCC §2-207: Between merchants, additional terms become part of contract unless material. Shipping date is typically not material.","No, mirror image rule violated; No, shipping term is material modification","UCC §2-207(2), UCC §2-206"
REG-MCQ-BUSI-0483,"UCC §2-207: Between merchants, additional terms become part of contract unless material. Shipping date is typically not material.","No, mirror image rule violated; No, shipping term is material modification","UCC §2-207(2), UCC §2-206"
REG-MCQ-BUSI-0484,"UCC §2-207: Between merchants, additional terms become part of contract unless material. Shipping date is typically not material.","No, mirror image rule violated; Yes, but only if Party A agrees to shipping date","UCC §2-207(2), UCC §2-206"
REG-MCQ-BUSI-0485,"UCC §2-207: Between merchants, additional terms become part of contract unless material. Shipping date is typically not material.","Yes, but only if Party A agrees to shipping date; No, mirror image rule violated","UCC §2-207(2), UCC §2-206"
REG-MCQ-BUSI-0486,"UCC §2-207: Between merchants, additional terms become part of contract unless material. Shipping date is typically not material.","No, shipping term is material modification; No, mirror image rule violated","UCC §2-207(2), UCC §2-206"
REG-MCQ-BUSI-0487,"UCC §2-207: Between merchants, additional terms become part of contract unless material. Shipping date is typically not material.","No, mirror image rule violated; Yes, but only if Party A agrees to shipping date","UCC §2-207(2), UCC §2-206"
REG-MCQ-BUSI-0488,"UCC §2-207: Between merchants, additional terms become part of contract unless material. Shipping date is typically not material.","No, shipping term is material modification; No, mirror image rule violated","UCC §2-207(2), UCC §2-206"
REG-MCQ-BUSI-0489,"UCC §2-207: Between merchants, additional terms become part of contract unless material. Shipping date is typically not material.","No, shipping term is material modification; Yes, but only if Party A agrees to shipping date","UCC §2-207(2), UCC §2-206"
REG-MCQ-BUSI-0490,"UCC §2-207: Between merchants, additional terms become part of contract unless material. Shipping date is typically not material.","No, shipping term is material modification; No, mirror image rule violated","UCC §2-207(2), UCC §2-206"
REG-MCQ-BUSI-0491,"UCC §2-207: Between merchants, additional terms become part of contract unless material. Shipping date is typically not material.","No, shipping term is material modification; No, mirror image rule violated","UCC §2-207(2), UCC §2-206"
REG-MCQ-BUSI-0492,"UCC §2-207: Between merchants, additional terms become part of contract unless material. Shipping date is typically not material.","No, shipping term is material modification; Yes, but only if Party A agrees to shipping date","UCC §2-207(2), UCC §2-206"
REG-MCQ-BUSI-0493,"UCC §2-207: Between merchants, additional terms become part of contract unless material. Shipping date is typically not material.","Yes, but only if Party A agrees to shipping date; No, mirror image rule violated","UCC §2-207(2), UCC §2-206"
REG-MCQ-BUSI-0494,"UCC §2-207: Between merchants, additional terms become part of contract unless material. Shipping date is typically not material.","No, mirror image rule violated; Yes, but only if Party A agrees to shipping date","UCC §2-207(2), UCC §2-206"
REG-MCQ-BUSI-0495,"UCC §2-207: Between merchants, additional terms become part of contract unless material. Shipping date is typically not material.","No, shipping term is material modification; No, mirror image rule violated","UCC §2-207(2), UCC §2-206"
REG-MCQ-BUSI-0496,"UCC §2-207: Between merchants, additional terms become part of contract unless material. Shipping date is typically not material.","No, shipping term is material modification; No, mirror image rule violated","UCC §2-207(2), UCC §2-206"
REG-MCQ-BUSI-0497,"UCC §2-207: Between merchants, additional terms become part of contract unless material. Shipping date is typically not material.","No, shipping term is material modification; No, mirror image rule violated","UCC §2-207(2), UCC §2-206"
REG-MCQ-BUSI-0498,"UCC §2-207: Between merchants, additional terms become part of contract unless material. Shipping date is typically not material.","No, shipping term is material modification; Yes, but only if Party A agrees to shipping date","UCC §2-207(2), UCC §2-206"
