id,why_correct,why_others_wrong,cites
FAR-MCQ-LEAS-0001,ASC 842-20: Lease liability = PV of lease payments using IBR. PV ordinary annuity: payment × PV factor.,${pv_calculated * 1.06}; ${payment * term},"ASC 842-20-30-1, ASC 842-20-30-3"
FAR-MCQ-LEAS-0002,ASC 842-20: Lease liability = PV of lease payments using IBR. PV ordinary annuity: payment × PV factor.,${payment * (term - 1)}; ${payment * term},"ASC 842-20-30-1, ASC 842-20-30-3"
FAR-MCQ-LEAS-0003,ASC 842-20: Lease liability = PV of lease payments using IBR. PV ordinary annuity: payment × PV factor.,${payment * (term - 1)}; ${pv_calculated * 1.06},"ASC 842-20-30-1, ASC 842-20-30-3"
FAR-MCQ-LEAS-0004,ASC 842-20: Lease liability = PV of lease payments using IBR. PV ordinary annuity: payment × PV factor.,${pv_calculated * 1.06}; ${payment * (term - 1)},"ASC 842-20-30-1, ASC 842-20-30-3"
FAR-MCQ-LEAS-0005,ASC 842-20: Lease liability = PV of lease payments using IBR. PV ordinary annuity: payment × PV factor.,${pv_calculated * 1.06}; ${payment * term},"ASC 842-20-30-1, ASC 842-20-30-3"
FAR-MCQ-LEAS-0006,ASC 842-20: Lease liability = PV of lease payments using IBR. PV ordinary annuity: payment × PV factor.,${pv_calculated * 1.06}; ${payment * (term - 1)},"ASC 842-20-30-1, ASC 842-20-30-3"
FAR-MCQ-LEAS-0007,ASC 842-20: Lease liability = PV of lease payments using IBR. PV ordinary annuity: payment × PV factor.,${payment * term}; ${payment * (term - 1)},"ASC 842-20-30-1, ASC 842-20-30-3"
FAR-MCQ-LEAS-0008,ASC 842-20: Lease liability = PV of lease payments using IBR. PV ordinary annuity: payment × PV factor.,${payment * term}; ${pv_calculated * 1.06},"ASC 842-20-30-1, ASC 842-20-30-3"
FAR-MCQ-LEAS-0009,ASC 842-20: Lease liability = PV of lease payments using IBR. PV ordinary annuity: payment × PV factor.,${pv_calculated * 1.06}; ${payment * term},"ASC 842-20-30-1, ASC 842-20-30-3"
FAR-MCQ-LEAS-0010,ASC 842-20: Lease liability = PV of lease payments using IBR. PV ordinary annuity: payment × PV factor.,${payment * (term - 1)}; ${payment * term},"ASC 842-20-30-1, ASC 842-20-30-3"
FAR-MCQ-LEAS-0011,ASC 842-20: Lease liability = PV of lease payments using IBR. PV ordinary annuity: payment × PV factor.,${pv_calculated * 1.06}; ${payment * (term - 1)},"ASC 842-20-30-1, ASC 842-20-30-3"
FAR-MCQ-LEAS-0012,ASC 842-20: Lease liability = PV of lease payments using IBR. PV ordinary annuity: payment × PV factor.,${payment * (term - 1)}; ${payment * term},"ASC 842-20-30-1, ASC 842-20-30-3"
FAR-MCQ-LEAS-0013,ASC 842-20: Lease liability = PV of lease payments using IBR. PV ordinary annuity: payment × PV factor.,${payment * term}; ${pv_calculated * 1.06},"ASC 842-20-30-1, ASC 842-20-30-3"
FAR-MCQ-LEAS-0014,ASC 842-20: Lease liability = PV of lease payments using IBR. PV ordinary annuity: payment × PV factor.,${payment * (term - 1)}; ${payment * term},"ASC 842-20-30-1, ASC 842-20-30-3"
FAR-MCQ-LEAS-0015,ASC 842-20: Lease liability = PV of lease payments using IBR. PV ordinary annuity: payment × PV factor.,${pv_calculated * 1.06}; ${payment * term},"ASC 842-20-30-1, ASC 842-20-30-3"
FAR-MCQ-LEAS-0016,ASC 842-20: Lease liability = PV of lease payments using IBR. PV ordinary annuity: payment × PV factor.,${payment * term}; ${payment * (term - 1)},"ASC 842-20-30-1, ASC 842-20-30-3"
FAR-MCQ-LEAS-0017,ASC 842-20: Lease liability = PV of lease payments using IBR. PV ordinary annuity: payment × PV factor.,${pv_calculated * 1.06}; ${payment * term},"ASC 842-20-30-1, ASC 842-20-30-3"
FAR-MCQ-LEAS-0018,ASC 842-20: Lease liability = PV of lease payments using IBR. PV ordinary annuity: payment × PV factor.,${payment * term}; ${pv_calculated * 1.06},"ASC 842-20-30-1, ASC 842-20-30-3"
FAR-MCQ-LEAS-0019,ASC 842-20: Lease liability = PV of lease payments using IBR. PV ordinary annuity: payment × PV factor.,${payment * term}; ${payment * (term - 1)},"ASC 842-20-30-1, ASC 842-20-30-3"
FAR-MCQ-LEAS-0020,ASC 842-20: Lease liability = PV of lease payments using IBR. PV ordinary annuity: payment × PV factor.,${payment * term}; ${pv_calculated * 1.06},"ASC 842-20-30-1, ASC 842-20-30-3"
FAR-MCQ-LEAS-0021,ASC 842-20: Lease liability = PV of lease payments using IBR. PV ordinary annuity: payment × PV factor.,${payment * term}; ${pv_calculated * 1.06},"ASC 842-20-30-1, ASC 842-20-30-3"
FAR-MCQ-LEAS-0022,ASC 842-20: Lease liability = PV of lease payments using IBR. PV ordinary annuity: payment × PV factor.,${payment * (term - 1)}; ${payment * term},"ASC 842-20-30-1, ASC 842-20-30-3"
FAR-MCQ-LEAS-0023,ASC 842-20: Lease liability = PV of lease payments using IBR. PV ordinary annuity: payment × PV factor.,${payment * (term - 1)}; ${payment * term},"ASC 842-20-30-1, ASC 842-20-30-3"
FAR-MCQ-LEAS-0024,ASC 842-20: Lease liability = PV of lease payments using IBR. PV ordinary annuity: payment × PV factor.,${payment * (term - 1)}; ${payment * term},"ASC 842-20-30-1, ASC 842-20-30-3"
FAR-MCQ-LEAS-0025,ASC 842-20: Lease liability = PV of lease payments using IBR. PV ordinary annuity: payment × PV factor.,${payment * (term - 1)}; ${payment * term},"ASC 842-20-30-1, ASC 842-20-30-3"
FAR-MCQ-LEAS-0026,ASC 842-20: Lease liability = PV of lease payments using IBR. PV ordinary annuity: payment × PV factor.,${payment * term}; ${payment * (term - 1)},"ASC 842-20-30-1, ASC 842-20-30-3"
FAR-MCQ-LEAS-0027,ASC 842-20: Lease liability = PV of lease payments using IBR. PV ordinary annuity: payment × PV factor.,${payment * (term - 1)}; ${pv_calculated * 1.06},"ASC 842-20-30-1, ASC 842-20-30-3"
FAR-MCQ-LEAS-0028,ASC 842-20: Lease liability = PV of lease payments using IBR. PV ordinary annuity: payment × PV factor.,${payment * term}; ${payment * (term - 1)},"ASC 842-20-30-1, ASC 842-20-30-3"
FAR-MCQ-LEAS-0029,ASC 842-20: Lease liability = PV of lease payments using IBR. PV ordinary annuity: payment × PV factor.,${payment * (term - 1)}; ${payment * term},"ASC 842-20-30-1, ASC 842-20-30-3"
FAR-MCQ-LEAS-0030,ASC 842-20: Lease liability = PV of lease payments using IBR. PV ordinary annuity: payment × PV factor.,${payment * (term - 1)}; ${payment * term},"ASC 842-20-30-1, ASC 842-20-30-3"
FAR-MCQ-LEAS-0031,ASC 842-20: Lease liability = PV of lease payments using IBR. PV ordinary annuity: payment × PV factor.,${payment * (term - 1)}; ${pv_calculated * 1.06},"ASC 842-20-30-1, ASC 842-20-30-3"
FAR-MCQ-LEAS-0032,ASC 842-20: Lease liability = PV of lease payments using IBR. PV ordinary annuity: payment × PV factor.,${pv_calculated * 1.06}; ${payment * term},"ASC 842-20-30-1, ASC 842-20-30-3"
FAR-MCQ-LEAS-0033,ASC 842-20: Lease liability = PV of lease payments using IBR. PV ordinary annuity: payment × PV factor.,${payment * term}; ${pv_calculated * 1.06},"ASC 842-20-30-1, ASC 842-20-30-3"
FAR-MCQ-LEAS-0034,ASC 842-20: Lease liability = PV of lease payments using IBR. PV ordinary annuity: payment × PV factor.,${payment * term}; ${payment * (term - 1)},"ASC 842-20-30-1, ASC 842-20-30-3"
FAR-MCQ-LEAS-0035,ASC 842-20: Lease liability = PV of lease payments using IBR. PV ordinary annuity: payment × PV factor.,${payment * term}; ${payment * (term - 1)},"ASC 842-20-30-1, ASC 842-20-30-3"
FAR-MCQ-LEAS-0036,ASC 842-20: Lease liability = PV of lease payments using IBR. PV ordinary annuity: payment × PV factor.,${payment * term}; ${pv_calculated * 1.06},"ASC 842-20-30-1, ASC 842-20-30-3"
FAR-MCQ-LEAS-0037,ASC 842-20: Lease liability = PV of lease payments using IBR. PV ordinary annuity: payment × PV factor.,${payment * term}; ${payment * (term - 1)},"ASC 842-20-30-1, ASC 842-20-30-3"
FAR-MCQ-LEAS-0038,ASC 842-20: Lease liability = PV of lease payments using IBR. PV ordinary annuity: payment × PV factor.,${pv_calculated * 1.06}; ${payment * term},"ASC 842-20-30-1, ASC 842-20-30-3"
FAR-MCQ-LEAS-0039,ASC 842-20: Lease liability = PV of lease payments using IBR. PV ordinary annuity: payment × PV factor.,${pv_calculated * 1.06}; ${payment * (term - 1)},"ASC 842-20-30-1, ASC 842-20-30-3"
FAR-MCQ-LEAS-0040,ASC 842-20: Lease liability = PV of lease payments using IBR. PV ordinary annuity: payment × PV factor.,${payment * term}; ${pv_calculated * 1.06},"ASC 842-20-30-1, ASC 842-20-30-3"
FAR-MCQ-LEAS-0041,ASC 842-20: Lease liability = PV of lease payments using IBR. PV ordinary annuity: payment × PV factor.,${payment * term}; ${payment * (term - 1)},"ASC 842-20-30-1, ASC 842-20-30-3"
FAR-MCQ-LEAS-0042,ASC 842-20: Lease liability = PV of lease payments using IBR. PV ordinary annuity: payment × PV factor.,${payment * (term - 1)}; ${payment * term},"ASC 842-20-30-1, ASC 842-20-30-3"
FAR-MCQ-LEAS-0043,ASC 842-20: Lease liability = PV of lease payments using IBR. PV ordinary annuity: payment × PV factor.,${payment * (term - 1)}; ${payment * term},"ASC 842-20-30-1, ASC 842-20-30-3"
FAR-MCQ-LEAS-0044,ASC 842-20: Lease liability = PV of lease payments using IBR. PV ordinary annuity: payment × PV factor.,${payment * (term - 1)}; ${pv_calculated * 1.06},"ASC 842-20-30-1, ASC 842-20-30-3"
FAR-MCQ-LEAS-0045,ASC 842-20: Lease liability = PV of lease payments using IBR. PV ordinary annuity: payment × PV factor.,${payment * (term - 1)}; ${pv_calculated * 1.06},"ASC 842-20-30-1, ASC 842-20-30-3"
FAR-MCQ-LEAS-0046,ASC 842-20: Lease liability = PV of lease payments using IBR. PV ordinary annuity: payment × PV factor.,${pv_calculated * 1.06}; ${payment * term},"ASC 842-20-30-1, ASC 842-20-30-3"
FAR-MCQ-LEAS-0047,ASC 842-20: Lease liability = PV of lease payments using IBR. PV ordinary annuity: payment × PV factor.,${payment * term}; ${pv_calculated * 1.06},"ASC 842-20-30-1, ASC 842-20-30-3"
FAR-MCQ-LEAS-0048,ASC 842-20: Lease liability = PV of lease payments using IBR. PV ordinary annuity: payment × PV factor.,${payment * term}; ${payment * (term - 1)},"ASC 842-20-30-1, ASC 842-20-30-3"
FAR-MCQ-LEAS-0049,ASC 842-20: Lease liability = PV of lease payments using IBR. PV ordinary annuity: payment × PV factor.,${payment * (term - 1)}; ${pv_calculated * 1.06},"ASC 842-20-30-1, ASC 842-20-30-3"
FAR-MCQ-LEAS-0050,ASC 842-20: Lease liability = PV of lease payments using IBR. PV ordinary annuity: payment × PV factor.,${payment * (term - 1)}; ${pv_calculated * 1.06},"ASC 842-20-30-1, ASC 842-20-30-3"
FAR-MCQ-LEAS-0051,ASC 842-20: Lease liability = PV of lease payments using IBR. PV ordinary annuity: payment × PV factor.,${pv_calculated * 1.06}; ${payment * term},"ASC 842-20-30-1, ASC 842-20-30-3"
FAR-MCQ-LEAS-0052,ASC 842-20: Lease liability = PV of lease payments using IBR. PV ordinary annuity: payment × PV factor.,${payment * (term - 1)}; ${pv_calculated * 1.06},"ASC 842-20-30-1, ASC 842-20-30-3"
FAR-MCQ-LEAS-0053,ASC 842-20: Lease liability = PV of lease payments using IBR. PV ordinary annuity: payment × PV factor.,${payment * (term - 1)}; ${payment * term},"ASC 842-20-30-1, ASC 842-20-30-3"
FAR-MCQ-LEAS-0054,ASC 842-20: Lease liability = PV of lease payments using IBR. PV ordinary annuity: payment × PV factor.,${payment * term}; ${pv_calculated * 1.06},"ASC 842-20-30-1, ASC 842-20-30-3"
FAR-MCQ-LEAS-0055,ASC 842-20: Lease liability = PV of lease payments using IBR. PV ordinary annuity: payment × PV factor.,${pv_calculated * 1.06}; ${payment * term},"ASC 842-20-30-1, ASC 842-20-30-3"
FAR-MCQ-LEAS-0056,ASC 842-20: Lease liability = PV of lease payments using IBR. PV ordinary annuity: payment × PV factor.,${payment * term}; ${pv_calculated * 1.06},"ASC 842-20-30-1, ASC 842-20-30-3"
FAR-MCQ-LEAS-0057,ASC 842-20: Lease liability = PV of lease payments using IBR. PV ordinary annuity: payment × PV factor.,${payment * (term - 1)}; ${pv_calculated * 1.06},"ASC 842-20-30-1, ASC 842-20-30-3"
FAR-MCQ-LEAS-0058,ASC 842-20: Lease liability = PV of lease payments using IBR. PV ordinary annuity: payment × PV factor.,${payment * (term - 1)}; ${payment * term},"ASC 842-20-30-1, ASC 842-20-30-3"
FAR-MCQ-LEAS-0059,ASC 842-20: Lease liability = PV of lease payments using IBR. PV ordinary annuity: payment × PV factor.,${pv_calculated * 1.06}; ${payment * term},"ASC 842-20-30-1, ASC 842-20-30-3"
FAR-MCQ-LEAS-0060,ASC 842-20: Lease liability = PV of lease payments using IBR. PV ordinary annuity: payment × PV factor.,${payment * term}; ${pv_calculated * 1.06},"ASC 842-20-30-1, ASC 842-20-30-3"
FAR-MCQ-LEAS-0061,ASC 842-20: Lease liability = PV of lease payments using IBR. PV ordinary annuity: payment × PV factor.,${payment * (term - 1)}; ${pv_calculated * 1.06},"ASC 842-20-30-1, ASC 842-20-30-3"
FAR-MCQ-LEAS-0062,ASC 842-20: Lease liability = PV of lease payments using IBR. PV ordinary annuity: payment × PV factor.,${payment * term}; ${payment * (term - 1)},"ASC 842-20-30-1, ASC 842-20-30-3"
FAR-MCQ-LEAS-0063,ASC 842-20: Lease liability = PV of lease payments using IBR. PV ordinary annuity: payment × PV factor.,${payment * term}; ${payment * (term - 1)},"ASC 842-20-30-1, ASC 842-20-30-3"
FAR-MCQ-LEAS-0064,ASC 842-20: Lease liability = PV of lease payments using IBR. PV ordinary annuity: payment × PV factor.,${payment * term}; ${payment * (term - 1)},"ASC 842-20-30-1, ASC 842-20-30-3"
FAR-MCQ-LEAS-0065,ASC 842-20: Lease liability = PV of lease payments using IBR. PV ordinary annuity: payment × PV factor.,${payment * term}; ${payment * (term - 1)},"ASC 842-20-30-1, ASC 842-20-30-3"
FAR-MCQ-LEAS-0066,ASC 842-20: Lease liability = PV of lease payments using IBR. PV ordinary annuity: payment × PV factor.,${pv_calculated * 1.06}; ${payment * term},"ASC 842-20-30-1, ASC 842-20-30-3"
FAR-MCQ-LEAS-0067,ASC 842-20: Lease liability = PV of lease payments using IBR. PV ordinary annuity: payment × PV factor.,${payment * term}; ${pv_calculated * 1.06},"ASC 842-20-30-1, ASC 842-20-30-3"
FAR-MCQ-LEAS-0068,ASC 842-20: Lease liability = PV of lease payments using IBR. PV ordinary annuity: payment × PV factor.,${payment * (term - 1)}; ${pv_calculated * 1.06},"ASC 842-20-30-1, ASC 842-20-30-3"
FAR-MCQ-LEAS-0069,ASC 842-20: Lease liability = PV of lease payments using IBR. PV ordinary annuity: payment × PV factor.,${payment * (term - 1)}; ${payment * term},"ASC 842-20-30-1, ASC 842-20-30-3"
FAR-MCQ-LEAS-0070,ASC 842-20: Lease liability = PV of lease payments using IBR. PV ordinary annuity: payment × PV factor.,${payment * (term - 1)}; ${pv_calculated * 1.06},"ASC 842-20-30-1, ASC 842-20-30-3"
FAR-MCQ-LEAS-0071,ASC 842-20: Lease liability = PV of lease payments using IBR. PV ordinary annuity: payment × PV factor.,${pv_calculated * 1.06}; ${payment * term},"ASC 842-20-30-1, ASC 842-20-30-3"
FAR-MCQ-LEAS-0072,ASC 842-20: Lease liability = PV of lease payments using IBR. PV ordinary annuity: payment × PV factor.,${payment * (term - 1)}; ${pv_calculated * 1.06},"ASC 842-20-30-1, ASC 842-20-30-3"
FAR-MCQ-LEAS-0073,ASC 842-20: Lease liability = PV of lease payments using IBR. PV ordinary annuity: payment × PV factor.,${payment * (term - 1)}; ${payment * term},"ASC 842-20-30-1, ASC 842-20-30-3"
FAR-MCQ-LEAS-0074,ASC 842-20: Lease liability = PV of lease payments using IBR. PV ordinary annuity: payment × PV factor.,${payment * (term - 1)}; ${pv_calculated * 1.06},"ASC 842-20-30-1, ASC 842-20-30-3"
FAR-MCQ-LEAS-0075,ASC 842-20: Lease liability = PV of lease payments using IBR. PV ordinary annuity: payment × PV factor.,${payment * term}; ${pv_calculated * 1.06},"ASC 842-20-30-1, ASC 842-20-30-3"
FAR-MCQ-LEAS-0076,ASC 842-20: Lease liability = PV of lease payments using IBR. PV ordinary annuity: payment × PV factor.,${pv_calculated * 1.06}; ${payment * term},"ASC 842-20-30-1, ASC 842-20-30-3"
FAR-MCQ-LEAS-0077,ASC 842-20: Lease liability = PV of lease payments using IBR. PV ordinary annuity: payment × PV factor.,${pv_calculated * 1.06}; ${payment * (term - 1)},"ASC 842-20-30-1, ASC 842-20-30-3"
FAR-MCQ-LEAS-0078,ASC 842-20: Lease liability = PV of lease payments using IBR. PV ordinary annuity: payment × PV factor.,${payment * term}; ${pv_calculated * 1.06},"ASC 842-20-30-1, ASC 842-20-30-3"
FAR-MCQ-LEAS-0079,ASC 842-20: Lease liability = PV of lease payments using IBR. PV ordinary annuity: payment × PV factor.,${pv_calculated * 1.06}; ${payment * term},"ASC 842-20-30-1, ASC 842-20-30-3"
FAR-MCQ-LEAS-0080,ASC 842-20: Lease liability = PV of lease payments using IBR. PV ordinary annuity: payment × PV factor.,${pv_calculated * 1.06}; ${payment * term},"ASC 842-20-30-1, ASC 842-20-30-3"
FAR-MCQ-LEAS-0081,ASC 842-20: Lease liability = PV of lease payments using IBR. PV ordinary annuity: payment × PV factor.,${payment * term}; ${pv_calculated * 1.06},"ASC 842-20-30-1, ASC 842-20-30-3"
FAR-MCQ-LEAS-0082,ASC 842-20: Lease liability = PV of lease payments using IBR. PV ordinary annuity: payment × PV factor.,${pv_calculated * 1.06}; ${payment * (term - 1)},"ASC 842-20-30-1, ASC 842-20-30-3"
FAR-MCQ-LEAS-0083,ASC 842-20: Lease liability = PV of lease payments using IBR. PV ordinary annuity: payment × PV factor.,${pv_calculated * 1.06}; ${payment * term},"ASC 842-20-30-1, ASC 842-20-30-3"
FAR-MCQ-LEAS-0084,ASC 842-20: Lease liability = PV of lease payments using IBR. PV ordinary annuity: payment × PV factor.,${payment * (term - 1)}; ${payment * term},"ASC 842-20-30-1, ASC 842-20-30-3"
FAR-MCQ-LEAS-0085,ASC 842-20: Lease liability = PV of lease payments using IBR. PV ordinary annuity: payment × PV factor.,${payment * (term - 1)}; ${pv_calculated * 1.06},"ASC 842-20-30-1, ASC 842-20-30-3"
FAR-MCQ-LEAS-0086,ASC 842-20: Lease liability = PV of lease payments using IBR. PV ordinary annuity: payment × PV factor.,${payment * (term - 1)}; ${payment * term},"ASC 842-20-30-1, ASC 842-20-30-3"
FAR-MCQ-LEAS-0087,ASC 842-20: Lease liability = PV of lease payments using IBR. PV ordinary annuity: payment × PV factor.,${pv_calculated * 1.06}; ${payment * (term - 1)},"ASC 842-20-30-1, ASC 842-20-30-3"
FAR-MCQ-LEAS-0088,ASC 842-20: Lease liability = PV of lease payments using IBR. PV ordinary annuity: payment × PV factor.,${payment * term}; ${pv_calculated * 1.06},"ASC 842-20-30-1, ASC 842-20-30-3"
FAR-MCQ-LEAS-0089,ASC 842-20: Lease liability = PV of lease payments using IBR. PV ordinary annuity: payment × PV factor.,${pv_calculated * 1.06}; ${payment * (term - 1)},"ASC 842-20-30-1, ASC 842-20-30-3"
FAR-MCQ-LEAS-0090,ASC 842-20: Lease liability = PV of lease payments using IBR. PV ordinary annuity: payment × PV factor.,${pv_calculated * 1.06}; ${payment * term},"ASC 842-20-30-1, ASC 842-20-30-3"
FAR-MCQ-LEAS-0091,ASC 842-20: Lease liability = PV of lease payments using IBR. PV ordinary annuity: payment × PV factor.,${payment * term}; ${pv_calculated * 1.06},"ASC 842-20-30-1, ASC 842-20-30-3"
FAR-MCQ-LEAS-0092,ASC 842-20: Lease liability = PV of lease payments using IBR. PV ordinary annuity: payment × PV factor.,${payment * term}; ${pv_calculated * 1.06},"ASC 842-20-30-1, ASC 842-20-30-3"
FAR-MCQ-LEAS-0093,ASC 842-20: Lease liability = PV of lease payments using IBR. PV ordinary annuity: payment × PV factor.,${payment * (term - 1)}; ${pv_calculated * 1.06},"ASC 842-20-30-1, ASC 842-20-30-3"
FAR-MCQ-LEAS-0094,ASC 842-20: Lease liability = PV of lease payments using IBR. PV ordinary annuity: payment × PV factor.,${payment * term}; ${payment * (term - 1)},"ASC 842-20-30-1, ASC 842-20-30-3"
FAR-MCQ-LEAS-0095,ASC 842-20: Lease liability = PV of lease payments using IBR. PV ordinary annuity: payment × PV factor.,${payment * term}; ${pv_calculated * 1.06},"ASC 842-20-30-1, ASC 842-20-30-3"
FAR-MCQ-LEAS-0096,ASC 842-20: Lease liability = PV of lease payments using IBR. PV ordinary annuity: payment × PV factor.,${pv_calculated * 1.06}; ${payment * (term - 1)},"ASC 842-20-30-1, ASC 842-20-30-3"
FAR-MCQ-LEAS-0097,ASC 842-20: Lease liability = PV of lease payments using IBR. PV ordinary annuity: payment × PV factor.,${payment * term}; ${payment * (term - 1)},"ASC 842-20-30-1, ASC 842-20-30-3"
FAR-MCQ-LEAS-0098,ASC 842-20: Lease liability = PV of lease payments using IBR. PV ordinary annuity: payment × PV factor.,${payment * term}; ${pv_calculated * 1.06},"ASC 842-20-30-1, ASC 842-20-30-3"
FAR-MCQ-LEAS-0099,ASC 842-20: Lease liability = PV of lease payments using IBR. PV ordinary annuity: payment × PV factor.,${pv_calculated * 1.06}; ${payment * (term - 1)},"ASC 842-20-30-1, ASC 842-20-30-3"
FAR-MCQ-LEAS-0100,ASC 842-20: Lease liability = PV of lease payments using IBR. PV ordinary annuity: payment × PV factor.,${pv_calculated * 1.06}; ${payment * term},"ASC 842-20-30-1, ASC 842-20-30-3"
FAR-MCQ-LEAS-0101,ASC 842-20: Lease liability = PV of lease payments using IBR. PV ordinary annuity: payment × PV factor.,${payment * (term - 1)}; ${payment * term},"ASC 842-20-30-1, ASC 842-20-30-3"
FAR-MCQ-LEAS-0102,ASC 842-20: Lease liability = PV of lease payments using IBR. PV ordinary annuity: payment × PV factor.,${payment * term}; ${payment * (term - 1)},"ASC 842-20-30-1, ASC 842-20-30-3"
FAR-MCQ-LEAS-0103,ASC 842-20: Lease liability = PV of lease payments using IBR. PV ordinary annuity: payment × PV factor.,${payment * term}; ${pv_calculated * 1.06},"ASC 842-20-30-1, ASC 842-20-30-3"
FAR-MCQ-LEAS-0104,ASC 842-20: Lease liability = PV of lease payments using IBR. PV ordinary annuity: payment × PV factor.,${pv_calculated * 1.06}; ${payment * (term - 1)},"ASC 842-20-30-1, ASC 842-20-30-3"
FAR-MCQ-LEAS-0105,ASC 842-20: Lease liability = PV of lease payments using IBR. PV ordinary annuity: payment × PV factor.,${payment * (term - 1)}; ${payment * term},"ASC 842-20-30-1, ASC 842-20-30-3"
FAR-MCQ-LEAS-0106,ASC 842-20: Lease liability = PV of lease payments using IBR. PV ordinary annuity: payment × PV factor.,${payment * (term - 1)}; ${payment * term},"ASC 842-20-30-1, ASC 842-20-30-3"
FAR-MCQ-LEAS-0107,ASC 842-20: Lease liability = PV of lease payments using IBR. PV ordinary annuity: payment × PV factor.,${payment * term}; ${pv_calculated * 1.06},"ASC 842-20-30-1, ASC 842-20-30-3"
FAR-MCQ-LEAS-0108,ASC 842-20: Lease liability = PV of lease payments using IBR. PV ordinary annuity: payment × PV factor.,${pv_calculated * 1.06}; ${payment * term},"ASC 842-20-30-1, ASC 842-20-30-3"
FAR-MCQ-LEAS-0109,ASC 842-20: Lease liability = PV of lease payments using IBR. PV ordinary annuity: payment × PV factor.,${payment * (term - 1)}; ${pv_calculated * 1.06},"ASC 842-20-30-1, ASC 842-20-30-3"
FAR-MCQ-LEAS-0110,ASC 842-20: Lease liability = PV of lease payments using IBR. PV ordinary annuity: payment × PV factor.,${pv_calculated * 1.06}; ${payment * term},"ASC 842-20-30-1, ASC 842-20-30-3"
FAR-MCQ-LEAS-0111,ASC 842-20: Lease liability = PV of lease payments using IBR. PV ordinary annuity: payment × PV factor.,${payment * term}; ${payment * (term - 1)},"ASC 842-20-30-1, ASC 842-20-30-3"
FAR-MCQ-LEAS-0112,ASC 842-20: Lease liability = PV of lease payments using IBR. PV ordinary annuity: payment × PV factor.,${payment * term}; ${payment * (term - 1)},"ASC 842-20-30-1, ASC 842-20-30-3"
FAR-MCQ-LEAS-0113,ASC 842-20: Lease liability = PV of lease payments using IBR. PV ordinary annuity: payment × PV factor.,${payment * term}; ${pv_calculated * 1.06},"ASC 842-20-30-1, ASC 842-20-30-3"
FAR-MCQ-LEAS-0114,ASC 842-20: Lease liability = PV of lease payments using IBR. PV ordinary annuity: payment × PV factor.,${payment * (term - 1)}; ${pv_calculated * 1.06},"ASC 842-20-30-1, ASC 842-20-30-3"
FAR-MCQ-LEAS-0115,ASC 842-20: Lease liability = PV of lease payments using IBR. PV ordinary annuity: payment × PV factor.,${payment * term}; ${payment * (term - 1)},"ASC 842-20-30-1, ASC 842-20-30-3"
FAR-MCQ-LEAS-0116,ASC 842-20: Lease liability = PV of lease payments using IBR. PV ordinary annuity: payment × PV factor.,${pv_calculated * 1.06}; ${payment * term},"ASC 842-20-30-1, ASC 842-20-30-3"
FAR-MCQ-LEAS-0117,ASC 842-20: Lease liability = PV of lease payments using IBR. PV ordinary annuity: payment × PV factor.,${payment * term}; ${pv_calculated * 1.06},"ASC 842-20-30-1, ASC 842-20-30-3"
FAR-MCQ-LEAS-0118,ASC 842-20: Lease liability = PV of lease payments using IBR. PV ordinary annuity: payment × PV factor.,${payment * (term - 1)}; ${pv_calculated * 1.06},"ASC 842-20-30-1, ASC 842-20-30-3"
FAR-MCQ-LEAS-0119,ASC 842-20: Lease liability = PV of lease payments using IBR. PV ordinary annuity: payment × PV factor.,${payment * term}; ${payment * (term - 1)},"ASC 842-20-30-1, ASC 842-20-30-3"
FAR-MCQ-LEAS-0120,ASC 842-20: Lease liability = PV of lease payments using IBR. PV ordinary annuity: payment × PV factor.,${payment * (term - 1)}; ${pv_calculated * 1.06},"ASC 842-20-30-1, ASC 842-20-30-3"
FAR-MCQ-LEAS-0121,ASC 842-20: Lease liability = PV of lease payments using IBR. PV ordinary annuity: payment × PV factor.,${payment * term}; ${payment * (term - 1)},"ASC 842-20-30-1, ASC 842-20-30-3"
FAR-MCQ-LEAS-0122,ASC 842-20: Lease liability = PV of lease payments using IBR. PV ordinary annuity: payment × PV factor.,${payment * (term - 1)}; ${payment * term},"ASC 842-20-30-1, ASC 842-20-30-3"
FAR-MCQ-LEAS-0123,ASC 842-20: Lease liability = PV of lease payments using IBR. PV ordinary annuity: payment × PV factor.,${pv_calculated * 1.06}; ${payment * (term - 1)},"ASC 842-20-30-1, ASC 842-20-30-3"
FAR-MCQ-LEAS-0124,ASC 842-20: Lease liability = PV of lease payments using IBR. PV ordinary annuity: payment × PV factor.,${payment * term}; ${pv_calculated * 1.06},"ASC 842-20-30-1, ASC 842-20-30-3"
FAR-MCQ-LEAS-0125,ASC 842-20: Lease liability = PV of lease payments using IBR. PV ordinary annuity: payment × PV factor.,${pv_calculated * 1.06}; ${payment * (term - 1)},"ASC 842-20-30-1, ASC 842-20-30-3"
FAR-MCQ-LEAS-0126,ASC 842-20: Lease liability = PV of lease payments using IBR. PV ordinary annuity: payment × PV factor.,${payment * term}; ${pv_calculated * 1.06},"ASC 842-20-30-1, ASC 842-20-30-3"
FAR-MCQ-LEAS-0127,ASC 842-20: Lease liability = PV of lease payments using IBR. PV ordinary annuity: payment × PV factor.,${payment * term}; ${pv_calculated * 1.06},"ASC 842-20-30-1, ASC 842-20-30-3"
FAR-MCQ-LEAS-0128,ASC 842-20: Lease liability = PV of lease payments using IBR. PV ordinary annuity: payment × PV factor.,${payment * (term - 1)}; ${payment * term},"ASC 842-20-30-1, ASC 842-20-30-3"
FAR-MCQ-LEAS-0129,ASC 842-20: Lease liability = PV of lease payments using IBR. PV ordinary annuity: payment × PV factor.,${payment * (term - 1)}; ${pv_calculated * 1.06},"ASC 842-20-30-1, ASC 842-20-30-3"
FAR-MCQ-LEAS-0130,ASC 842-20: Lease liability = PV of lease payments using IBR. PV ordinary annuity: payment × PV factor.,${payment * (term - 1)}; ${payment * term},"ASC 842-20-30-1, ASC 842-20-30-3"
FAR-MCQ-LEAS-0131,ASC 842-20: Lease liability = PV of lease payments using IBR. PV ordinary annuity: payment × PV factor.,${payment * (term - 1)}; ${payment * term},"ASC 842-20-30-1, ASC 842-20-30-3"
FAR-MCQ-LEAS-0132,ASC 842-20: Lease liability = PV of lease payments using IBR. PV ordinary annuity: payment × PV factor.,${pv_calculated * 1.06}; ${payment * term},"ASC 842-20-30-1, ASC 842-20-30-3"
FAR-MCQ-LEAS-0133,ASC 842-20: Lease liability = PV of lease payments using IBR. PV ordinary annuity: payment × PV factor.,${pv_calculated * 1.06}; ${payment * (term - 1)},"ASC 842-20-30-1, ASC 842-20-30-3"
FAR-MCQ-LEAS-0134,ASC 842-20: Lease liability = PV of lease payments using IBR. PV ordinary annuity: payment × PV factor.,${pv_calculated * 1.06}; ${payment * term},"ASC 842-20-30-1, ASC 842-20-30-3"
FAR-MCQ-LEAS-0135,ASC 842-20: Lease liability = PV of lease payments using IBR. PV ordinary annuity: payment × PV factor.,${payment * (term - 1)}; ${pv_calculated * 1.06},"ASC 842-20-30-1, ASC 842-20-30-3"
FAR-MCQ-LEAS-0136,ASC 842-20: Lease liability = PV of lease payments using IBR. PV ordinary annuity: payment × PV factor.,${payment * term}; ${payment * (term - 1)},"ASC 842-20-30-1, ASC 842-20-30-3"
FAR-MCQ-LEAS-0137,ASC 842-20: Lease liability = PV of lease payments using IBR. PV ordinary annuity: payment × PV factor.,${payment * (term - 1)}; ${pv_calculated * 1.06},"ASC 842-20-30-1, ASC 842-20-30-3"
FAR-MCQ-LEAS-0138,ASC 842-20: Lease liability = PV of lease payments using IBR. PV ordinary annuity: payment × PV factor.,${payment * term}; ${payment * (term - 1)},"ASC 842-20-30-1, ASC 842-20-30-3"
FAR-MCQ-LEAS-0139,ASC 842-20: Lease liability = PV of lease payments using IBR. PV ordinary annuity: payment × PV factor.,${payment * term}; ${payment * (term - 1)},"ASC 842-20-30-1, ASC 842-20-30-3"
FAR-MCQ-LEAS-0140,ASC 842-20: Lease liability = PV of lease payments using IBR. PV ordinary annuity: payment × PV factor.,${payment * term}; ${payment * (term - 1)},"ASC 842-20-30-1, ASC 842-20-30-3"
FAR-MCQ-LEAS-0141,ASC 842-20: Lease liability = PV of lease payments using IBR. PV ordinary annuity: payment × PV factor.,${payment * term}; ${pv_calculated * 1.06},"ASC 842-20-30-1, ASC 842-20-30-3"
FAR-MCQ-LEAS-0142,ASC 842-20: Lease liability = PV of lease payments using IBR. PV ordinary annuity: payment × PV factor.,${payment * (term - 1)}; ${payment * term},"ASC 842-20-30-1, ASC 842-20-30-3"
FAR-MCQ-LEAS-0143,ASC 842-20: Lease liability = PV of lease payments using IBR. PV ordinary annuity: payment × PV factor.,${payment * term}; ${payment * (term - 1)},"ASC 842-20-30-1, ASC 842-20-30-3"
FAR-MCQ-LEAS-0144,ASC 842-20: Lease liability = PV of lease payments using IBR. PV ordinary annuity: payment × PV factor.,${pv_calculated * 1.06}; ${payment * (term - 1)},"ASC 842-20-30-1, ASC 842-20-30-3"
FAR-MCQ-LEAS-0145,ASC 842-20: Lease liability = PV of lease payments using IBR. PV ordinary annuity: payment × PV factor.,${payment * (term - 1)}; ${pv_calculated * 1.06},"ASC 842-20-30-1, ASC 842-20-30-3"
FAR-MCQ-LEAS-0146,ASC 842-20: Lease liability = PV of lease payments using IBR. PV ordinary annuity: payment × PV factor.,${payment * term}; ${pv_calculated * 1.06},"ASC 842-20-30-1, ASC 842-20-30-3"
FAR-MCQ-LEAS-0147,ASC 842-20: Lease liability = PV of lease payments using IBR. PV ordinary annuity: payment × PV factor.,${payment * term}; ${pv_calculated * 1.06},"ASC 842-20-30-1, ASC 842-20-30-3"
FAR-MCQ-LEAS-0148,ASC 842-20: Lease liability = PV of lease payments using IBR. PV ordinary annuity: payment × PV factor.,${pv_calculated * 1.06}; ${payment * (term - 1)},"ASC 842-20-30-1, ASC 842-20-30-3"
FAR-MCQ-LEAS-0149,ASC 842-20: Lease liability = PV of lease payments using IBR. PV ordinary annuity: payment × PV factor.,${pv_calculated * 1.06}; ${payment * (term - 1)},"ASC 842-20-30-1, ASC 842-20-30-3"
FAR-MCQ-LEAS-0150,ASC 842-20: Lease liability = PV of lease payments using IBR. PV ordinary annuity: payment × PV factor.,${pv_calculated * 1.06}; ${payment * term},"ASC 842-20-30-1, ASC 842-20-30-3"
FAR-MCQ-LEAS-0151,ASC 842-20: Lease liability = PV of lease payments using IBR. PV ordinary annuity: payment × PV factor.,${payment * (term - 1)}; ${pv_calculated * 1.06},"ASC 842-20-30-1, ASC 842-20-30-3"
FAR-MCQ-LEAS-0152,ASC 842-20: Lease liability = PV of lease payments using IBR. PV ordinary annuity: payment × PV factor.,${pv_calculated * 1.06}; ${payment * (term - 1)},"ASC 842-20-30-1, ASC 842-20-30-3"
FAR-MCQ-LEAS-0153,ASC 842-20: Lease liability = PV of lease payments using IBR. PV ordinary annuity: payment × PV factor.,${pv_calculated * 1.06}; ${payment * term},"ASC 842-20-30-1, ASC 842-20-30-3"
FAR-MCQ-LEAS-0154,ASC 842-20: Lease liability = PV of lease payments using IBR. PV ordinary annuity: payment × PV factor.,${payment * term}; ${pv_calculated * 1.06},"ASC 842-20-30-1, ASC 842-20-30-3"
FAR-MCQ-LEAS-0155,ASC 842-20: Lease liability = PV of lease payments using IBR. PV ordinary annuity: payment × PV factor.,${payment * term}; ${pv_calculated * 1.06},"ASC 842-20-30-1, ASC 842-20-30-3"
FAR-MCQ-LEAS-0156,ASC 842-20: Lease liability = PV of lease payments using IBR. PV ordinary annuity: payment × PV factor.,${payment * (term - 1)}; ${payment * term},"ASC 842-20-30-1, ASC 842-20-30-3"
FAR-MCQ-LEAS-0157,ASC 842-20: Lease liability = PV of lease payments using IBR. PV ordinary annuity: payment × PV factor.,${pv_calculated * 1.06}; ${payment * (term - 1)},"ASC 842-20-30-1, ASC 842-20-30-3"
FAR-MCQ-LEAS-0158,ASC 842-20: Lease liability = PV of lease payments using IBR. PV ordinary annuity: payment × PV factor.,${payment * (term - 1)}; ${pv_calculated * 1.06},"ASC 842-20-30-1, ASC 842-20-30-3"
FAR-MCQ-LEAS-0159,ASC 842-20: Lease liability = PV of lease payments using IBR. PV ordinary annuity: payment × PV factor.,${payment * (term - 1)}; ${payment * term},"ASC 842-20-30-1, ASC 842-20-30-3"
FAR-MCQ-LEAS-0160,ASC 842-20: Lease liability = PV of lease payments using IBR. PV ordinary annuity: payment × PV factor.,${pv_calculated * 1.06}; ${payment * (term - 1)},"ASC 842-20-30-1, ASC 842-20-30-3"
FAR-MCQ-LEAS-0161,ASC 842-20: Lease liability = PV of lease payments using IBR. PV ordinary annuity: payment × PV factor.,${payment * term}; ${pv_calculated * 1.06},"ASC 842-20-30-1, ASC 842-20-30-3"
FAR-MCQ-LEAS-0162,ASC 842-20: Lease liability = PV of lease payments using IBR. PV ordinary annuity: payment × PV factor.,${payment * (term - 1)}; ${pv_calculated * 1.06},"ASC 842-20-30-1, ASC 842-20-30-3"
FAR-MCQ-REVE-0163,ASC 606-10-32-31: Allocate based on relative standalone selling prices. Product allocation = (Product SSP / Total SSP) × Transaction Price.,${allocated_prod * 1.1}; ${total * 0.5},"ASC 606-10-32-28, ASC 606-10-32-31"
FAR-MCQ-REVE-0164,ASC 606-10-32-31: Allocate based on relative standalone selling prices. Product allocation = (Product SSP / Total SSP) × Transaction Price.,$60000; ${allocated_prod * 1.1},"ASC 606-10-32-28, ASC 606-10-32-31"
FAR-MCQ-REVE-0165,ASC 606-10-32-31: Allocate based on relative standalone selling prices. Product allocation = (Product SSP / Total SSP) × Transaction Price.,${total * 0.5}; $60000,"ASC 606-10-32-28, ASC 606-10-32-31"
FAR-MCQ-REVE-0166,ASC 606-10-32-31: Allocate based on relative standalone selling prices. Product allocation = (Product SSP / Total SSP) × Transaction Price.,${allocated_prod * 1.1}; ${total * 0.5},"ASC 606-10-32-28, ASC 606-10-32-31"
FAR-MCQ-REVE-0167,ASC 606-10-32-31: Allocate based on relative standalone selling prices. Product allocation = (Product SSP / Total SSP) × Transaction Price.,${total * 0.5}; ${allocated_prod * 1.1},"ASC 606-10-32-28, ASC 606-10-32-31"
FAR-MCQ-REVE-0168,ASC 606-10-32-31: Allocate based on relative standalone selling prices. Product allocation = (Product SSP / Total SSP) × Transaction Price.,$60000; ${allocated_prod * 1.1},"ASC 606-10-32-28, ASC 606-10-32-31"
FAR-MCQ-REVE-0169,ASC 606-10-32-31: Allocate based on relative standalone selling prices. Product allocation = (Product SSP / Total SSP) × Transaction Price.,$300000; ${total * 0.5},"ASC 606-10-32-28, ASC 606-10-32-31"
FAR-MCQ-REVE-0170,ASC 606-10-32-31: Allocate based on relative standalone selling prices. Product allocation = (Product SSP / Total SSP) × Transaction Price.,$150000; ${total * 0.5},"ASC 606-10-32-28, ASC 606-10-32-31"
FAR-MCQ-REVE-0171,ASC 606-10-32-31: Allocate based on relative standalone selling prices. Product allocation = (Product SSP / Total SSP) × Transaction Price.,${total * 0.5}; ${allocated_prod * 1.1},"ASC 606-10-32-28, ASC 606-10-32-31"
FAR-MCQ-REVE-0172,ASC 606-10-32-31: Allocate based on relative standalone selling prices. Product allocation = (Product SSP / Total SSP) × Transaction Price.,${total * 0.5}; $150000,"ASC 606-10-32-28, ASC 606-10-32-31"
FAR-MCQ-REVE-0173,ASC 606-10-32-31: Allocate based on relative standalone selling prices. Product allocation = (Product SSP / Total SSP) × Transaction Price.,${total * 0.5}; ${allocated_prod * 1.1},"ASC 606-10-32-28, ASC 606-10-32-31"
FAR-MCQ-REVE-0174,ASC 606-10-32-31: Allocate based on relative standalone selling prices. Product allocation = (Product SSP / Total SSP) × Transaction Price.,$300000; ${allocated_prod * 1.1},"ASC 606-10-32-28, ASC 606-10-32-31"
FAR-MCQ-REVE-0175,ASC 606-10-32-31: Allocate based on relative standalone selling prices. Product allocation = (Product SSP / Total SSP) × Transaction Price.,$300000; ${total * 0.5},"ASC 606-10-32-28, ASC 606-10-32-31"
FAR-MCQ-REVE-0176,ASC 606-10-32-31: Allocate based on relative standalone selling prices. Product allocation = (Product SSP / Total SSP) × Transaction Price.,${total * 0.5}; $300000,"ASC 606-10-32-28, ASC 606-10-32-31"
FAR-MCQ-REVE-0177,ASC 606-10-32-31: Allocate based on relative standalone selling prices. Product allocation = (Product SSP / Total SSP) × Transaction Price.,${allocated_prod * 1.1}; $300000,"ASC 606-10-32-28, ASC 606-10-32-31"
FAR-MCQ-REVE-0178,ASC 606-10-32-31: Allocate based on relative standalone selling prices. Product allocation = (Product SSP / Total SSP) × Transaction Price.,${total * 0.5}; ${allocated_prod * 1.1},"ASC 606-10-32-28, ASC 606-10-32-31"
FAR-MCQ-REVE-0179,ASC 606-10-32-31: Allocate based on relative standalone selling prices. Product allocation = (Product SSP / Total SSP) × Transaction Price.,$60000; ${total * 0.5},"ASC 606-10-32-28, ASC 606-10-32-31"
FAR-MCQ-REVE-0180,ASC 606-10-32-31: Allocate based on relative standalone selling prices. Product allocation = (Product SSP / Total SSP) × Transaction Price.,${total * 0.5}; ${allocated_prod * 1.1},"ASC 606-10-32-28, ASC 606-10-32-31"
FAR-MCQ-REVE-0181,ASC 606-10-32-31: Allocate based on relative standalone selling prices. Product allocation = (Product SSP / Total SSP) × Transaction Price.,${allocated_prod * 1.1}; ${total * 0.5},"ASC 606-10-32-28, ASC 606-10-32-31"
FAR-MCQ-REVE-0182,ASC 606-10-32-31: Allocate based on relative standalone selling prices. Product allocation = (Product SSP / Total SSP) × Transaction Price.,${total * 0.5}; $300000,"ASC 606-10-32-28, ASC 606-10-32-31"
FAR-MCQ-REVE-0183,ASC 606-10-32-31: Allocate based on relative standalone selling prices. Product allocation = (Product SSP / Total SSP) × Transaction Price.,${total * 0.5}; ${allocated_prod * 1.1},"ASC 606-10-32-28, ASC 606-10-32-31"
FAR-MCQ-REVE-0184,ASC 606-10-32-31: Allocate based on relative standalone selling prices. Product allocation = (Product SSP / Total SSP) × Transaction Price.,$60000; ${allocated_prod * 1.1},"ASC 606-10-32-28, ASC 606-10-32-31"
FAR-MCQ-REVE-0185,ASC 606-10-32-31: Allocate based on relative standalone selling prices. Product allocation = (Product SSP / Total SSP) × Transaction Price.,$300000; ${allocated_prod * 1.1},"ASC 606-10-32-28, ASC 606-10-32-31"
FAR-MCQ-REVE-0186,ASC 606-10-32-31: Allocate based on relative standalone selling prices. Product allocation = (Product SSP / Total SSP) × Transaction Price.,$60000; ${total * 0.5},"ASC 606-10-32-28, ASC 606-10-32-31"
FAR-MCQ-REVE-0187,ASC 606-10-32-31: Allocate based on relative standalone selling prices. Product allocation = (Product SSP / Total SSP) × Transaction Price.,${total * 0.5}; $150000,"ASC 606-10-32-28, ASC 606-10-32-31"
FAR-MCQ-REVE-0188,ASC 606-10-32-31: Allocate based on relative standalone selling prices. Product allocation = (Product SSP / Total SSP) × Transaction Price.,${allocated_prod * 1.1}; ${total * 0.5},"ASC 606-10-32-28, ASC 606-10-32-31"
FAR-MCQ-REVE-0189,ASC 606-10-32-31: Allocate based on relative standalone selling prices. Product allocation = (Product SSP / Total SSP) × Transaction Price.,${total * 0.5}; ${allocated_prod * 1.1},"ASC 606-10-32-28, ASC 606-10-32-31"
FAR-MCQ-REVE-0190,ASC 606-10-32-31: Allocate based on relative standalone selling prices. Product allocation = (Product SSP / Total SSP) × Transaction Price.,$60000; ${total * 0.5},"ASC 606-10-32-28, ASC 606-10-32-31"
FAR-MCQ-REVE-0191,ASC 606-10-32-31: Allocate based on relative standalone selling prices. Product allocation = (Product SSP / Total SSP) × Transaction Price.,${allocated_prod * 1.1}; $150000,"ASC 606-10-32-28, ASC 606-10-32-31"
FAR-MCQ-REVE-0192,ASC 606-10-32-31: Allocate based on relative standalone selling prices. Product allocation = (Product SSP / Total SSP) × Transaction Price.,${allocated_prod * 1.1}; ${total * 0.5},"ASC 606-10-32-28, ASC 606-10-32-31"
FAR-MCQ-REVE-0193,ASC 606-10-32-31: Allocate based on relative standalone selling prices. Product allocation = (Product SSP / Total SSP) × Transaction Price.,${allocated_prod * 1.1}; $150000,"ASC 606-10-32-28, ASC 606-10-32-31"
FAR-MCQ-REVE-0194,ASC 606-10-32-31: Allocate based on relative standalone selling prices. Product allocation = (Product SSP / Total SSP) × Transaction Price.,${allocated_prod * 1.1}; ${total * 0.5},"ASC 606-10-32-28, ASC 606-10-32-31"
FAR-MCQ-REVE-0195,ASC 606-10-32-31: Allocate based on relative standalone selling prices. Product allocation = (Product SSP / Total SSP) × Transaction Price.,$60000; ${allocated_prod * 1.1},"ASC 606-10-32-28, ASC 606-10-32-31"
FAR-MCQ-REVE-0196,ASC 606-10-32-31: Allocate based on relative standalone selling prices. Product allocation = (Product SSP / Total SSP) × Transaction Price.,${allocated_prod * 1.1}; ${total * 0.5},"ASC 606-10-32-28, ASC 606-10-32-31"
FAR-MCQ-REVE-0197,ASC 606-10-32-31: Allocate based on relative standalone selling prices. Product allocation = (Product SSP / Total SSP) × Transaction Price.,$60000; ${total * 0.5},"ASC 606-10-32-28, ASC 606-10-32-31"
FAR-MCQ-REVE-0198,ASC 606-10-32-31: Allocate based on relative standalone selling prices. Product allocation = (Product SSP / Total SSP) × Transaction Price.,${total * 0.5}; $60000,"ASC 606-10-32-28, ASC 606-10-32-31"
FAR-MCQ-REVE-0199,ASC 606-10-32-31: Allocate based on relative standalone selling prices. Product allocation = (Product SSP / Total SSP) × Transaction Price.,${allocated_prod * 1.1}; $150000,"ASC 606-10-32-28, ASC 606-10-32-31"
FAR-MCQ-REVE-0200,ASC 606-10-32-31: Allocate based on relative standalone selling prices. Product allocation = (Product SSP / Total SSP) × Transaction Price.,${allocated_prod * 1.1}; ${total * 0.5},"ASC 606-10-32-28, ASC 606-10-32-31"
FAR-MCQ-REVE-0201,ASC 606-10-32-31: Allocate based on relative standalone selling prices. Product allocation = (Product SSP / Total SSP) × Transaction Price.,${total * 0.5}; ${allocated_prod * 1.1},"ASC 606-10-32-28, ASC 606-10-32-31"
FAR-MCQ-REVE-0202,ASC 606-10-32-31: Allocate based on relative standalone selling prices. Product allocation = (Product SSP / Total SSP) × Transaction Price.,$150000; ${allocated_prod * 1.1},"ASC 606-10-32-28, ASC 606-10-32-31"
FAR-MCQ-REVE-0203,ASC 606-10-32-31: Allocate based on relative standalone selling prices. Product allocation = (Product SSP / Total SSP) × Transaction Price.,${total * 0.5}; ${allocated_prod * 1.1},"ASC 606-10-32-28, ASC 606-10-32-31"
FAR-MCQ-REVE-0204,ASC 606-10-32-31: Allocate based on relative standalone selling prices. Product allocation = (Product SSP / Total SSP) × Transaction Price.,${total * 0.5}; ${allocated_prod * 1.1},"ASC 606-10-32-28, ASC 606-10-32-31"
FAR-MCQ-REVE-0205,ASC 606-10-32-31: Allocate based on relative standalone selling prices. Product allocation = (Product SSP / Total SSP) × Transaction Price.,${total * 0.5}; $300000,"ASC 606-10-32-28, ASC 606-10-32-31"
FAR-MCQ-REVE-0206,ASC 606-10-32-31: Allocate based on relative standalone selling prices. Product allocation = (Product SSP / Total SSP) × Transaction Price.,${allocated_prod * 1.1}; ${total * 0.5},"ASC 606-10-32-28, ASC 606-10-32-31"
FAR-MCQ-REVE-0207,ASC 606-10-32-31: Allocate based on relative standalone selling prices. Product allocation = (Product SSP / Total SSP) × Transaction Price.,${allocated_prod * 1.1}; ${total * 0.5},"ASC 606-10-32-28, ASC 606-10-32-31"
FAR-MCQ-REVE-0208,ASC 606-10-32-31: Allocate based on relative standalone selling prices. Product allocation = (Product SSP / Total SSP) × Transaction Price.,${total * 0.5}; ${allocated_prod * 1.1},"ASC 606-10-32-28, ASC 606-10-32-31"
FAR-MCQ-REVE-0209,ASC 606-10-32-31: Allocate based on relative standalone selling prices. Product allocation = (Product SSP / Total SSP) × Transaction Price.,$300000; ${allocated_prod * 1.1},"ASC 606-10-32-28, ASC 606-10-32-31"
FAR-MCQ-REVE-0210,ASC 606-10-32-31: Allocate based on relative standalone selling prices. Product allocation = (Product SSP / Total SSP) × Transaction Price.,${total * 0.5}; ${allocated_prod * 1.1},"ASC 606-10-32-28, ASC 606-10-32-31"
FAR-MCQ-REVE-0211,ASC 606-10-32-31: Allocate based on relative standalone selling prices. Product allocation = (Product SSP / Total SSP) × Transaction Price.,$300000; ${allocated_prod * 1.1},"ASC 606-10-32-28, ASC 606-10-32-31"
FAR-MCQ-REVE-0212,ASC 606-10-32-31: Allocate based on relative standalone selling prices. Product allocation = (Product SSP / Total SSP) × Transaction Price.,${total * 0.5}; ${allocated_prod * 1.1},"ASC 606-10-32-28, ASC 606-10-32-31"
FAR-MCQ-REVE-0213,ASC 606-10-32-31: Allocate based on relative standalone selling prices. Product allocation = (Product SSP / Total SSP) × Transaction Price.,$150000; ${allocated_prod * 1.1},"ASC 606-10-32-28, ASC 606-10-32-31"
FAR-MCQ-REVE-0214,ASC 606-10-32-31: Allocate based on relative standalone selling prices. Product allocation = (Product SSP / Total SSP) × Transaction Price.,$150000; ${allocated_prod * 1.1},"ASC 606-10-32-28, ASC 606-10-32-31"
FAR-MCQ-REVE-0215,ASC 606-10-32-31: Allocate based on relative standalone selling prices. Product allocation = (Product SSP / Total SSP) × Transaction Price.,${allocated_prod * 1.1}; $60000,"ASC 606-10-32-28, ASC 606-10-32-31"
FAR-MCQ-REVE-0216,ASC 606-10-32-31: Allocate based on relative standalone selling prices. Product allocation = (Product SSP / Total SSP) × Transaction Price.,${allocated_prod * 1.1}; $60000,"ASC 606-10-32-28, ASC 606-10-32-31"
FAR-MCQ-REVE-0217,ASC 606-10-32-31: Allocate based on relative standalone selling prices. Product allocation = (Product SSP / Total SSP) × Transaction Price.,${allocated_prod * 1.1}; ${total * 0.5},"ASC 606-10-32-28, ASC 606-10-32-31"
FAR-MCQ-REVE-0218,ASC 606-10-32-31: Allocate based on relative standalone selling prices. Product allocation = (Product SSP / Total SSP) × Transaction Price.,${allocated_prod * 1.1}; $300000,"ASC 606-10-32-28, ASC 606-10-32-31"
FAR-MCQ-REVE-0219,ASC 606-10-32-31: Allocate based on relative standalone selling prices. Product allocation = (Product SSP / Total SSP) × Transaction Price.,${allocated_prod * 1.1}; ${total * 0.5},"ASC 606-10-32-28, ASC 606-10-32-31"
FAR-MCQ-REVE-0220,ASC 606-10-32-31: Allocate based on relative standalone selling prices. Product allocation = (Product SSP / Total SSP) × Transaction Price.,${total * 0.5}; $150000,"ASC 606-10-32-28, ASC 606-10-32-31"
FAR-MCQ-REVE-0221,ASC 606-10-32-31: Allocate based on relative standalone selling prices. Product allocation = (Product SSP / Total SSP) × Transaction Price.,${total * 0.5}; ${allocated_prod * 1.1},"ASC 606-10-32-28, ASC 606-10-32-31"
FAR-MCQ-REVE-0222,ASC 606-10-32-31: Allocate based on relative standalone selling prices. Product allocation = (Product SSP / Total SSP) × Transaction Price.,$150000; ${total * 0.5},"ASC 606-10-32-28, ASC 606-10-32-31"
FAR-MCQ-REVE-0223,ASC 606-10-32-31: Allocate based on relative standalone selling prices. Product allocation = (Product SSP / Total SSP) × Transaction Price.,${allocated_prod * 1.1}; ${total * 0.5},"ASC 606-10-32-28, ASC 606-10-32-31"
FAR-MCQ-REVE-0224,ASC 606-10-32-31: Allocate based on relative standalone selling prices. Product allocation = (Product SSP / Total SSP) × Transaction Price.,$150000; ${total * 0.5},"ASC 606-10-32-28, ASC 606-10-32-31"
FAR-MCQ-REVE-0225,ASC 606-10-32-31: Allocate based on relative standalone selling prices. Product allocation = (Product SSP / Total SSP) × Transaction Price.,${allocated_prod * 1.1}; $150000,"ASC 606-10-32-28, ASC 606-10-32-31"
FAR-MCQ-REVE-0226,ASC 606-10-32-31: Allocate based on relative standalone selling prices. Product allocation = (Product SSP / Total SSP) × Transaction Price.,$60000; ${total * 0.5},"ASC 606-10-32-28, ASC 606-10-32-31"
FAR-MCQ-REVE-0227,ASC 606-10-32-31: Allocate based on relative standalone selling prices. Product allocation = (Product SSP / Total SSP) × Transaction Price.,$150000; ${total * 0.5},"ASC 606-10-32-28, ASC 606-10-32-31"
FAR-MCQ-REVE-0228,ASC 606-10-32-31: Allocate based on relative standalone selling prices. Product allocation = (Product SSP / Total SSP) × Transaction Price.,$150000; ${allocated_prod * 1.1},"ASC 606-10-32-28, ASC 606-10-32-31"
FAR-MCQ-REVE-0229,ASC 606-10-32-31: Allocate based on relative standalone selling prices. Product allocation = (Product SSP / Total SSP) × Transaction Price.,${total * 0.5}; $300000,"ASC 606-10-32-28, ASC 606-10-32-31"
FAR-MCQ-REVE-0230,ASC 606-10-32-31: Allocate based on relative standalone selling prices. Product allocation = (Product SSP / Total SSP) × Transaction Price.,${total * 0.5}; $60000,"ASC 606-10-32-28, ASC 606-10-32-31"
FAR-MCQ-REVE-0231,ASC 606-10-32-31: Allocate based on relative standalone selling prices. Product allocation = (Product SSP / Total SSP) × Transaction Price.,${total * 0.5}; $300000,"ASC 606-10-32-28, ASC 606-10-32-31"
FAR-MCQ-REVE-0232,ASC 606-10-32-31: Allocate based on relative standalone selling prices. Product allocation = (Product SSP / Total SSP) × Transaction Price.,${total * 0.5}; ${allocated_prod * 1.1},"ASC 606-10-32-28, ASC 606-10-32-31"
FAR-MCQ-REVE-0233,ASC 606-10-32-31: Allocate based on relative standalone selling prices. Product allocation = (Product SSP / Total SSP) × Transaction Price.,${allocated_prod * 1.1}; ${total * 0.5},"ASC 606-10-32-28, ASC 606-10-32-31"
FAR-MCQ-REVE-0234,ASC 606-10-32-31: Allocate based on relative standalone selling prices. Product allocation = (Product SSP / Total SSP) × Transaction Price.,${allocated_prod * 1.1}; $150000,"ASC 606-10-32-28, ASC 606-10-32-31"
FAR-MCQ-REVE-0235,ASC 606-10-32-31: Allocate based on relative standalone selling prices. Product allocation = (Product SSP / Total SSP) × Transaction Price.,${allocated_prod * 1.1}; ${total * 0.5},"ASC 606-10-32-28, ASC 606-10-32-31"
FAR-MCQ-REVE-0236,ASC 606-10-32-31: Allocate based on relative standalone selling prices. Product allocation = (Product SSP / Total SSP) × Transaction Price.,$60000; ${allocated_prod * 1.1},"ASC 606-10-32-28, ASC 606-10-32-31"
FAR-MCQ-REVE-0237,ASC 606-10-32-31: Allocate based on relative standalone selling prices. Product allocation = (Product SSP / Total SSP) × Transaction Price.,${total * 0.5}; ${allocated_prod * 1.1},"ASC 606-10-32-28, ASC 606-10-32-31"
FAR-MCQ-REVE-0238,ASC 606-10-32-31: Allocate based on relative standalone selling prices. Product allocation = (Product SSP / Total SSP) × Transaction Price.,${total * 0.5}; ${allocated_prod * 1.1},"ASC 606-10-32-28, ASC 606-10-32-31"
FAR-MCQ-REVE-0239,ASC 606-10-32-31: Allocate based on relative standalone selling prices. Product allocation = (Product SSP / Total SSP) × Transaction Price.,${allocated_prod * 1.1}; ${total * 0.5},"ASC 606-10-32-28, ASC 606-10-32-31"
FAR-MCQ-REVE-0240,ASC 606-10-32-31: Allocate based on relative standalone selling prices. Product allocation = (Product SSP / Total SSP) × Transaction Price.,$60000; ${allocated_prod * 1.1},"ASC 606-10-32-28, ASC 606-10-32-31"
FAR-MCQ-REVE-0241,ASC 606-10-32-31: Allocate based on relative standalone selling prices. Product allocation = (Product SSP / Total SSP) × Transaction Price.,$150000; ${total * 0.5},"ASC 606-10-32-28, ASC 606-10-32-31"
FAR-MCQ-REVE-0242,ASC 606-10-32-31: Allocate based on relative standalone selling prices. Product allocation = (Product SSP / Total SSP) × Transaction Price.,${total * 0.5}; ${allocated_prod * 1.1},"ASC 606-10-32-28, ASC 606-10-32-31"
FAR-MCQ-REVE-0243,ASC 606-10-32-31: Allocate based on relative standalone selling prices. Product allocation = (Product SSP / Total SSP) × Transaction Price.,$150000; ${allocated_prod * 1.1},"ASC 606-10-32-28, ASC 606-10-32-31"
FAR-MCQ-REVE-0244,ASC 606-10-32-31: Allocate based on relative standalone selling prices. Product allocation = (Product SSP / Total SSP) × Transaction Price.,${total * 0.5}; ${allocated_prod * 1.1},"ASC 606-10-32-28, ASC 606-10-32-31"
FAR-MCQ-REVE-0245,ASC 606-10-32-31: Allocate based on relative standalone selling prices. Product allocation = (Product SSP / Total SSP) × Transaction Price.,$150000; ${total * 0.5},"ASC 606-10-32-28, ASC 606-10-32-31"
FAR-MCQ-REVE-0246,ASC 606-10-32-31: Allocate based on relative standalone selling prices. Product allocation = (Product SSP / Total SSP) × Transaction Price.,${allocated_prod * 1.1}; $150000,"ASC 606-10-32-28, ASC 606-10-32-31"
FAR-MCQ-REVE-0247,ASC 606-10-32-31: Allocate based on relative standalone selling prices. Product allocation = (Product SSP / Total SSP) × Transaction Price.,${total * 0.5}; ${allocated_prod * 1.1},"ASC 606-10-32-28, ASC 606-10-32-31"
FAR-MCQ-REVE-0248,ASC 606-10-32-31: Allocate based on relative standalone selling prices. Product allocation = (Product SSP / Total SSP) × Transaction Price.,$60000; ${allocated_prod * 1.1},"ASC 606-10-32-28, ASC 606-10-32-31"
FAR-MCQ-REVE-0249,ASC 606-10-32-31: Allocate based on relative standalone selling prices. Product allocation = (Product SSP / Total SSP) × Transaction Price.,$60000; ${allocated_prod * 1.1},"ASC 606-10-32-28, ASC 606-10-32-31"
FAR-MCQ-REVE-0250,ASC 606-10-32-31: Allocate based on relative standalone selling prices. Product allocation = (Product SSP / Total SSP) × Transaction Price.,$150000; ${allocated_prod * 1.1},"ASC 606-10-32-28, ASC 606-10-32-31"
FAR-MCQ-REVE-0251,ASC 606-10-32-31: Allocate based on relative standalone selling prices. Product allocation = (Product SSP / Total SSP) × Transaction Price.,${total * 0.5}; $60000,"ASC 606-10-32-28, ASC 606-10-32-31"
FAR-MCQ-REVE-0252,ASC 606-10-32-31: Allocate based on relative standalone selling prices. Product allocation = (Product SSP / Total SSP) × Transaction Price.,${allocated_prod * 1.1}; ${total * 0.5},"ASC 606-10-32-28, ASC 606-10-32-31"
FAR-MCQ-REVE-0253,ASC 606-10-32-31: Allocate based on relative standalone selling prices. Product allocation = (Product SSP / Total SSP) × Transaction Price.,${allocated_prod * 1.1}; ${total * 0.5},"ASC 606-10-32-28, ASC 606-10-32-31"
FAR-MCQ-REVE-0254,ASC 606-10-32-31: Allocate based on relative standalone selling prices. Product allocation = (Product SSP / Total SSP) × Transaction Price.,$150000; ${total * 0.5},"ASC 606-10-32-28, ASC 606-10-32-31"
FAR-MCQ-REVE-0255,ASC 606-10-32-31: Allocate based on relative standalone selling prices. Product allocation = (Product SSP / Total SSP) × Transaction Price.,$150000; ${allocated_prod * 1.1},"ASC 606-10-32-28, ASC 606-10-32-31"
FAR-MCQ-REVE-0256,ASC 606-10-32-31: Allocate based on relative standalone selling prices. Product allocation = (Product SSP / Total SSP) × Transaction Price.,${allocated_prod * 1.1}; ${total * 0.5},"ASC 606-10-32-28, ASC 606-10-32-31"
FAR-MCQ-REVE-0257,ASC 606-10-32-31: Allocate based on relative standalone selling prices. Product allocation = (Product SSP / Total SSP) × Transaction Price.,${allocated_prod * 1.1}; ${total * 0.5},"ASC 606-10-32-28, ASC 606-10-32-31"
FAR-MCQ-REVE-0258,ASC 606-10-32-31: Allocate based on relative standalone selling prices. Product allocation = (Product SSP / Total SSP) × Transaction Price.,${allocated_prod * 1.1}; $60000,"ASC 606-10-32-28, ASC 606-10-32-31"
FAR-MCQ-REVE-0259,ASC 606-10-32-31: Allocate based on relative standalone selling prices. Product allocation = (Product SSP / Total SSP) × Transaction Price.,${total * 0.5}; ${allocated_prod * 1.1},"ASC 606-10-32-28, ASC 606-10-32-31"
FAR-MCQ-REVE-0260,ASC 606-10-32-31: Allocate based on relative standalone selling prices. Product allocation = (Product SSP / Total SSP) × Transaction Price.,${allocated_prod * 1.1}; ${total * 0.5},"ASC 606-10-32-28, ASC 606-10-32-31"
FAR-MCQ-REVE-0261,ASC 606-10-32-31: Allocate based on relative standalone selling prices. Product allocation = (Product SSP / Total SSP) × Transaction Price.,${allocated_prod * 1.1}; ${total * 0.5},"ASC 606-10-32-28, ASC 606-10-32-31"
FAR-MCQ-REVE-0262,ASC 606-10-32-31: Allocate based on relative standalone selling prices. Product allocation = (Product SSP / Total SSP) × Transaction Price.,$300000; ${total * 0.5},"ASC 606-10-32-28, ASC 606-10-32-31"
FAR-MCQ-REVE-0263,ASC 606-10-32-31: Allocate based on relative standalone selling prices. Product allocation = (Product SSP / Total SSP) × Transaction Price.,$300000; ${allocated_prod * 1.1},"ASC 606-10-32-28, ASC 606-10-32-31"
FAR-MCQ-REVE-0264,ASC 606-10-32-31: Allocate based on relative standalone selling prices. Product allocation = (Product SSP / Total SSP) × Transaction Price.,$150000; ${allocated_prod * 1.1},"ASC 606-10-32-28, ASC 606-10-32-31"
FAR-MCQ-REVE-0265,ASC 606-10-32-31: Allocate based on relative standalone selling prices. Product allocation = (Product SSP / Total SSP) × Transaction Price.,${total * 0.5}; $150000,"ASC 606-10-32-28, ASC 606-10-32-31"
FAR-MCQ-REVE-0266,ASC 606-10-32-31: Allocate based on relative standalone selling prices. Product allocation = (Product SSP / Total SSP) × Transaction Price.,$300000; ${total * 0.5},"ASC 606-10-32-28, ASC 606-10-32-31"
FAR-MCQ-REVE-0267,ASC 606-10-32-31: Allocate based on relative standalone selling prices. Product allocation = (Product SSP / Total SSP) × Transaction Price.,$150000; ${allocated_prod * 1.1},"ASC 606-10-32-28, ASC 606-10-32-31"
FAR-MCQ-REVE-0268,ASC 606-10-32-31: Allocate based on relative standalone selling prices. Product allocation = (Product SSP / Total SSP) × Transaction Price.,${allocated_prod * 1.1}; ${total * 0.5},"ASC 606-10-32-28, ASC 606-10-32-31"
FAR-MCQ-REVE-0269,ASC 606-10-32-31: Allocate based on relative standalone selling prices. Product allocation = (Product SSP / Total SSP) × Transaction Price.,$150000; ${total * 0.5},"ASC 606-10-32-28, ASC 606-10-32-31"
FAR-MCQ-REVE-0270,ASC 606-10-32-31: Allocate based on relative standalone selling prices. Product allocation = (Product SSP / Total SSP) × Transaction Price.,${total * 0.5}; ${allocated_prod * 1.1},"ASC 606-10-32-28, ASC 606-10-32-31"
FAR-MCQ-REVE-0271,ASC 606-10-32-31: Allocate based on relative standalone selling prices. Product allocation = (Product SSP / Total SSP) × Transaction Price.,${total * 0.5}; $150000,"ASC 606-10-32-28, ASC 606-10-32-31"
FAR-MCQ-REVE-0272,ASC 606-10-32-31: Allocate based on relative standalone selling prices. Product allocation = (Product SSP / Total SSP) × Transaction Price.,${total * 0.5}; $60000,"ASC 606-10-32-28, ASC 606-10-32-31"
FAR-MCQ-REVE-0273,ASC 606-10-32-31: Allocate based on relative standalone selling prices. Product allocation = (Product SSP / Total SSP) × Transaction Price.,${allocated_prod * 1.1}; $150000,"ASC 606-10-32-28, ASC 606-10-32-31"
FAR-MCQ-REVE-0274,ASC 606-10-32-31: Allocate based on relative standalone selling prices. Product allocation = (Product SSP / Total SSP) × Transaction Price.,$60000; ${allocated_prod * 1.1},"ASC 606-10-32-28, ASC 606-10-32-31"
FAR-MCQ-REVE-0275,ASC 606-10-32-31: Allocate based on relative standalone selling prices. Product allocation = (Product SSP / Total SSP) × Transaction Price.,$150000; ${allocated_prod * 1.1},"ASC 606-10-32-28, ASC 606-10-32-31"
FAR-MCQ-REVE-0276,ASC 606-10-32-31: Allocate based on relative standalone selling prices. Product allocation = (Product SSP / Total SSP) × Transaction Price.,$150000; ${allocated_prod * 1.1},"ASC 606-10-32-28, ASC 606-10-32-31"
FAR-MCQ-REVE-0277,ASC 606-10-32-31: Allocate based on relative standalone selling prices. Product allocation = (Product SSP / Total SSP) × Transaction Price.,${total * 0.5}; $300000,"ASC 606-10-32-28, ASC 606-10-32-31"
FAR-MCQ-REVE-0278,ASC 606-10-32-31: Allocate based on relative standalone selling prices. Product allocation = (Product SSP / Total SSP) × Transaction Price.,${total * 0.5}; ${allocated_prod * 1.1},"ASC 606-10-32-28, ASC 606-10-32-31"
FAR-MCQ-REVE-0279,ASC 606-10-32-31: Allocate based on relative standalone selling prices. Product allocation = (Product SSP / Total SSP) × Transaction Price.,$60000; ${total * 0.5},"ASC 606-10-32-28, ASC 606-10-32-31"
FAR-MCQ-REVE-0280,ASC 606-10-32-31: Allocate based on relative standalone selling prices. Product allocation = (Product SSP / Total SSP) × Transaction Price.,$300000; ${total * 0.5},"ASC 606-10-32-28, ASC 606-10-32-31"
FAR-MCQ-REVE-0281,ASC 606-10-32-31: Allocate based on relative standalone selling prices. Product allocation = (Product SSP / Total SSP) × Transaction Price.,${allocated_prod * 1.1}; ${total * 0.5},"ASC 606-10-32-28, ASC 606-10-32-31"
FAR-MCQ-REVE-0282,ASC 606-10-32-31: Allocate based on relative standalone selling prices. Product allocation = (Product SSP / Total SSP) × Transaction Price.,${total * 0.5}; $300000,"ASC 606-10-32-28, ASC 606-10-32-31"
FAR-MCQ-REVE-0283,ASC 606-10-32-31: Allocate based on relative standalone selling prices. Product allocation = (Product SSP / Total SSP) × Transaction Price.,${total * 0.5}; ${allocated_prod * 1.1},"ASC 606-10-32-28, ASC 606-10-32-31"
FAR-MCQ-REVE-0284,ASC 606-10-32-31: Allocate based on relative standalone selling prices. Product allocation = (Product SSP / Total SSP) × Transaction Price.,$150000; ${allocated_prod * 1.1},"ASC 606-10-32-28, ASC 606-10-32-31"
FAR-MCQ-REVE-0285,ASC 606-10-32-31: Allocate based on relative standalone selling prices. Product allocation = (Product SSP / Total SSP) × Transaction Price.,${allocated_prod * 1.1}; $150000,"ASC 606-10-32-28, ASC 606-10-32-31"
FAR-MCQ-REVE-0286,ASC 606-10-32-31: Allocate based on relative standalone selling prices. Product allocation = (Product SSP / Total SSP) × Transaction Price.,${allocated_prod * 1.1}; $300000,"ASC 606-10-32-28, ASC 606-10-32-31"
FAR-MCQ-REVE-0287,ASC 606-10-32-31: Allocate based on relative standalone selling prices. Product allocation = (Product SSP / Total SSP) × Transaction Price.,${total * 0.5}; ${allocated_prod * 1.1},"ASC 606-10-32-28, ASC 606-10-32-31"
FAR-MCQ-REVE-0288,ASC 606-10-32-31: Allocate based on relative standalone selling prices. Product allocation = (Product SSP / Total SSP) × Transaction Price.,${allocated_prod * 1.1}; $150000,"ASC 606-10-32-28, ASC 606-10-32-31"
FAR-MCQ-REVE-0289,ASC 606-10-32-31: Allocate based on relative standalone selling prices. Product allocation = (Product SSP / Total SSP) × Transaction Price.,$60000; ${allocated_prod * 1.1},"ASC 606-10-32-28, ASC 606-10-32-31"
FAR-MCQ-REVE-0290,ASC 606-10-32-31: Allocate based on relative standalone selling prices. Product allocation = (Product SSP / Total SSP) × Transaction Price.,${allocated_prod * 1.1}; $60000,"ASC 606-10-32-28, ASC 606-10-32-31"
FAR-MCQ-REVE-0291,ASC 606-10-32-31: Allocate based on relative standalone selling prices. Product allocation = (Product SSP / Total SSP) × Transaction Price.,${allocated_prod * 1.1}; $60000,"ASC 606-10-32-28, ASC 606-10-32-31"
FAR-MCQ-REVE-0292,ASC 606-10-32-31: Allocate based on relative standalone selling prices. Product allocation = (Product SSP / Total SSP) × Transaction Price.,$300000; ${allocated_prod * 1.1},"ASC 606-10-32-28, ASC 606-10-32-31"
FAR-MCQ-REVE-0293,ASC 606-10-32-31: Allocate based on relative standalone selling prices. Product allocation = (Product SSP / Total SSP) × Transaction Price.,$60000; ${allocated_prod * 1.1},"ASC 606-10-32-28, ASC 606-10-32-31"
FAR-MCQ-REVE-0294,ASC 606-10-32-31: Allocate based on relative standalone selling prices. Product allocation = (Product SSP / Total SSP) × Transaction Price.,$150000; ${allocated_prod * 1.1},"ASC 606-10-32-28, ASC 606-10-32-31"
FAR-MCQ-REVE-0295,ASC 606-10-32-31: Allocate based on relative standalone selling prices. Product allocation = (Product SSP / Total SSP) × Transaction Price.,${allocated_prod * 1.1}; $300000,"ASC 606-10-32-28, ASC 606-10-32-31"
FAR-MCQ-REVE-0296,ASC 606-10-32-31: Allocate based on relative standalone selling prices. Product allocation = (Product SSP / Total SSP) × Transaction Price.,$150000; ${total * 0.5},"ASC 606-10-32-28, ASC 606-10-32-31"
FAR-MCQ-REVE-0297,ASC 606-10-32-31: Allocate based on relative standalone selling prices. Product allocation = (Product SSP / Total SSP) × Transaction Price.,$300000; ${total * 0.5},"ASC 606-10-32-28, ASC 606-10-32-31"
FAR-MCQ-REVE-0298,ASC 606-10-32-31: Allocate based on relative standalone selling prices. Product allocation = (Product SSP / Total SSP) × Transaction Price.,${total * 0.5}; ${allocated_prod * 1.1},"ASC 606-10-32-28, ASC 606-10-32-31"
FAR-MCQ-REVE-0299,ASC 606-10-32-31: Allocate based on relative standalone selling prices. Product allocation = (Product SSP / Total SSP) × Transaction Price.,$300000; ${total * 0.5},"ASC 606-10-32-28, ASC 606-10-32-31"
FAR-MCQ-REVE-0300,ASC 606-10-32-31: Allocate based on relative standalone selling prices. Product allocation = (Product SSP / Total SSP) × Transaction Price.,$60000; ${total * 0.5},"ASC 606-10-32-28, ASC 606-10-32-31"
FAR-MCQ-REVE-0301,ASC 606-10-32-31: Allocate based on relative standalone selling prices. Product allocation = (Product SSP / Total SSP) × Transaction Price.,${allocated_prod * 1.1}; $150000,"ASC 606-10-32-28, ASC 606-10-32-31"
FAR-MCQ-REVE-0302,ASC 606-10-32-31: Allocate based on relative standalone selling prices. Product allocation = (Product SSP / Total SSP) × Transaction Price.,${allocated_prod * 1.1}; ${total * 0.5},"ASC 606-10-32-28, ASC 606-10-32-31"
FAR-MCQ-REVE-0303,ASC 606-10-32-31: Allocate based on relative standalone selling prices. Product allocation = (Product SSP / Total SSP) × Transaction Price.,${total * 0.5}; $150000,"ASC 606-10-32-28, ASC 606-10-32-31"
FAR-MCQ-REVE-0304,ASC 606-10-32-31: Allocate based on relative standalone selling prices. Product allocation = (Product SSP / Total SSP) × Transaction Price.,${allocated_prod * 1.1}; ${total * 0.5},"ASC 606-10-32-28, ASC 606-10-32-31"
FAR-MCQ-REVE-0305,ASC 606-10-32-31: Allocate based on relative standalone selling prices. Product allocation = (Product SSP / Total SSP) × Transaction Price.,${total * 0.5}; $60000,"ASC 606-10-32-28, ASC 606-10-32-31"
FAR-MCQ-REVE-0306,ASC 606-10-32-31: Allocate based on relative standalone selling prices. Product allocation = (Product SSP / Total SSP) × Transaction Price.,$60000; ${allocated_prod * 1.1},"ASC 606-10-32-28, ASC 606-10-32-31"
FAR-MCQ-REVE-0307,ASC 606-10-32-31: Allocate based on relative standalone selling prices. Product allocation = (Product SSP / Total SSP) × Transaction Price.,${allocated_prod * 1.1}; ${total * 0.5},"ASC 606-10-32-28, ASC 606-10-32-31"
FAR-MCQ-REVE-0308,ASC 606-10-32-31: Allocate based on relative standalone selling prices. Product allocation = (Product SSP / Total SSP) × Transaction Price.,${total * 0.5}; $300000,"ASC 606-10-32-28, ASC 606-10-32-31"
FAR-MCQ-REVE-0309,ASC 606-10-32-31: Allocate based on relative standalone selling prices. Product allocation = (Product SSP / Total SSP) × Transaction Price.,${allocated_prod * 1.1}; ${total * 0.5},"ASC 606-10-32-28, ASC 606-10-32-31"
FAR-MCQ-REVE-0310,ASC 606-10-32-31: Allocate based on relative standalone selling prices. Product allocation = (Product SSP / Total SSP) × Transaction Price.,${allocated_prod * 1.1}; ${total * 0.5},"ASC 606-10-32-28, ASC 606-10-32-31"
FAR-MCQ-REVE-0311,ASC 606-10-32-31: Allocate based on relative standalone selling prices. Product allocation = (Product SSP / Total SSP) × Transaction Price.,$300000; ${total * 0.5},"ASC 606-10-32-28, ASC 606-10-32-31"
FAR-MCQ-REVE-0312,ASC 606-10-32-31: Allocate based on relative standalone selling prices. Product allocation = (Product SSP / Total SSP) × Transaction Price.,${allocated_prod * 1.1}; ${total * 0.5},"ASC 606-10-32-28, ASC 606-10-32-31"
FAR-MCQ-REVE-0313,ASC 606-10-32-31: Allocate based on relative standalone selling prices. Product allocation = (Product SSP / Total SSP) × Transaction Price.,${total * 0.5}; $60000,"ASC 606-10-32-28, ASC 606-10-32-31"
FAR-MCQ-REVE-0314,ASC 606-10-32-31: Allocate based on relative standalone selling prices. Product allocation = (Product SSP / Total SSP) × Transaction Price.,$300000; ${total * 0.5},"ASC 606-10-32-28, ASC 606-10-32-31"
FAR-MCQ-REVE-0315,ASC 606-10-32-31: Allocate based on relative standalone selling prices. Product allocation = (Product SSP / Total SSP) × Transaction Price.,$300000; ${total * 0.5},"ASC 606-10-32-28, ASC 606-10-32-31"
FAR-MCQ-REVE-0316,ASC 606-10-32-31: Allocate based on relative standalone selling prices. Product allocation = (Product SSP / Total SSP) × Transaction Price.,${allocated_prod * 1.1}; ${total * 0.5},"ASC 606-10-32-28, ASC 606-10-32-31"
FAR-MCQ-REVE-0317,ASC 606-10-32-31: Allocate based on relative standalone selling prices. Product allocation = (Product SSP / Total SSP) × Transaction Price.,${total * 0.5}; $150000,"ASC 606-10-32-28, ASC 606-10-32-31"
FAR-MCQ-REVE-0318,ASC 606-10-32-31: Allocate based on relative standalone selling prices. Product allocation = (Product SSP / Total SSP) × Transaction Price.,${total * 0.5}; $300000,"ASC 606-10-32-28, ASC 606-10-32-31"
FAR-MCQ-REVE-0319,ASC 606-10-32-31: Allocate based on relative standalone selling prices. Product allocation = (Product SSP / Total SSP) × Transaction Price.,${allocated_prod * 1.1}; ${total * 0.5},"ASC 606-10-32-28, ASC 606-10-32-31"
FAR-MCQ-REVE-0320,ASC 606-10-32-31: Allocate based on relative standalone selling prices. Product allocation = (Product SSP / Total SSP) × Transaction Price.,${total * 0.5}; $150000,"ASC 606-10-32-28, ASC 606-10-32-31"
FAR-MCQ-REVE-0321,ASC 606-10-32-31: Allocate based on relative standalone selling prices. Product allocation = (Product SSP / Total SSP) × Transaction Price.,$300000; ${allocated_prod * 1.1},"ASC 606-10-32-28, ASC 606-10-32-31"
FAR-MCQ-REVE-0322,ASC 606-10-32-31: Allocate based on relative standalone selling prices. Product allocation = (Product SSP / Total SSP) × Transaction Price.,${total * 0.5}; ${allocated_prod * 1.1},"ASC 606-10-32-28, ASC 606-10-32-31"
FAR-MCQ-REVE-0323,ASC 606-10-32-31: Allocate based on relative standalone selling prices. Product allocation = (Product SSP / Total SSP) × Transaction Price.,$60000; ${total * 0.5},"ASC 606-10-32-28, ASC 606-10-32-31"
FAR-MCQ-REVE-0324,ASC 606-10-32-31: Allocate based on relative standalone selling prices. Product allocation = (Product SSP / Total SSP) × Transaction Price.,${allocated_prod * 1.1}; ${total * 0.5},"ASC 606-10-32-28, ASC 606-10-32-31"
FAR-MCQ-CONS-0325,ASC 810-10-45-19: NCI in net income = Sub's NI × NCI ownership %. NCI share: (100% - parent %) × NI.,0; ${div * (100 - pct) / 100},"ASC 810-10-45-19, ASC 810-10-45-20"
FAR-MCQ-CONS-0326,ASC 810-10-45-19: NCI in net income = Sub's NI × NCI ownership %. NCI share: (100% - parent %) × NI.,$500000; 0,"ASC 810-10-45-19, ASC 810-10-45-20"
FAR-MCQ-CONS-0327,ASC 810-10-45-19: NCI in net income = Sub's NI × NCI ownership %. NCI share: (100% - parent %) × NI.,$250000; 0,"ASC 810-10-45-19, ASC 810-10-45-20"
FAR-MCQ-CONS-0328,ASC 810-10-45-19: NCI in net income = Sub's NI × NCI ownership %. NCI share: (100% - parent %) × NI.,0; $250000,"ASC 810-10-45-19, ASC 810-10-45-20"
FAR-MCQ-CONS-0329,ASC 810-10-45-19: NCI in net income = Sub's NI × NCI ownership %. NCI share: (100% - parent %) × NI.,$500000; ${div * (100 - pct) / 100},"ASC 810-10-45-19, ASC 810-10-45-20"
FAR-MCQ-CONS-0330,ASC 810-10-45-19: NCI in net income = Sub's NI × NCI ownership %. NCI share: (100% - parent %) × NI.,$100000; ${div * (100 - pct) / 100},"ASC 810-10-45-19, ASC 810-10-45-20"
FAR-MCQ-CONS-0331,ASC 810-10-45-19: NCI in net income = Sub's NI × NCI ownership %. NCI share: (100% - parent %) × NI.,${div * (100 - pct) / 100}; $500000,"ASC 810-10-45-19, ASC 810-10-45-20"
FAR-MCQ-CONS-0332,ASC 810-10-45-19: NCI in net income = Sub's NI × NCI ownership %. NCI share: (100% - parent %) × NI.,$500000; ${div * (100 - pct) / 100},"ASC 810-10-45-19, ASC 810-10-45-20"
FAR-MCQ-CONS-0333,ASC 810-10-45-19: NCI in net income = Sub's NI × NCI ownership %. NCI share: (100% - parent %) × NI.,$500000; ${div * (100 - pct) / 100},"ASC 810-10-45-19, ASC 810-10-45-20"
FAR-MCQ-CONS-0334,ASC 810-10-45-19: NCI in net income = Sub's NI × NCI ownership %. NCI share: (100% - parent %) × NI.,${div * (100 - pct) / 100}; $500000,"ASC 810-10-45-19, ASC 810-10-45-20"
FAR-MCQ-CONS-0335,ASC 810-10-45-19: NCI in net income = Sub's NI × NCI ownership %. NCI share: (100% - parent %) × NI.,${div * (100 - pct) / 100}; 0,"ASC 810-10-45-19, ASC 810-10-45-20"
FAR-MCQ-CONS-0336,ASC 810-10-45-19: NCI in net income = Sub's NI × NCI ownership %. NCI share: (100% - parent %) × NI.,0; $100000,"ASC 810-10-45-19, ASC 810-10-45-20"
FAR-MCQ-CONS-0337,ASC 810-10-45-19: NCI in net income = Sub's NI × NCI ownership %. NCI share: (100% - parent %) × NI.,0; ${div * (100 - pct) / 100},"ASC 810-10-45-19, ASC 810-10-45-20"
FAR-MCQ-CONS-0338,ASC 810-10-45-19: NCI in net income = Sub's NI × NCI ownership %. NCI share: (100% - parent %) × NI.,${div * (100 - pct) / 100}; $500000,"ASC 810-10-45-19, ASC 810-10-45-20"
FAR-MCQ-CONS-0339,ASC 810-10-45-19: NCI in net income = Sub's NI × NCI ownership %. NCI share: (100% - parent %) × NI.,${div * (100 - pct) / 100}; $100000,"ASC 810-10-45-19, ASC 810-10-45-20"
FAR-MCQ-CONS-0340,ASC 810-10-45-19: NCI in net income = Sub's NI × NCI ownership %. NCI share: (100% - parent %) × NI.,${div * (100 - pct) / 100}; 0,"ASC 810-10-45-19, ASC 810-10-45-20"
FAR-MCQ-CONS-0341,ASC 810-10-45-19: NCI in net income = Sub's NI × NCI ownership %. NCI share: (100% - parent %) × NI.,0; ${div * (100 - pct) / 100},"ASC 810-10-45-19, ASC 810-10-45-20"
FAR-MCQ-CONS-0342,ASC 810-10-45-19: NCI in net income = Sub's NI × NCI ownership %. NCI share: (100% - parent %) × NI.,${div * (100 - pct) / 100}; $500000,"ASC 810-10-45-19, ASC 810-10-45-20"
FAR-MCQ-CONS-0343,ASC 810-10-45-19: NCI in net income = Sub's NI × NCI ownership %. NCI share: (100% - parent %) × NI.,${div * (100 - pct) / 100}; 0,"ASC 810-10-45-19, ASC 810-10-45-20"
FAR-MCQ-CONS-0344,ASC 810-10-45-19: NCI in net income = Sub's NI × NCI ownership %. NCI share: (100% - parent %) × NI.,0; $100000,"ASC 810-10-45-19, ASC 810-10-45-20"
FAR-MCQ-CONS-0345,ASC 810-10-45-19: NCI in net income = Sub's NI × NCI ownership %. NCI share: (100% - parent %) × NI.,0; ${div * (100 - pct) / 100},"ASC 810-10-45-19, ASC 810-10-45-20"
FAR-MCQ-CONS-0346,ASC 810-10-45-19: NCI in net income = Sub's NI × NCI ownership %. NCI share: (100% - parent %) × NI.,$100000; 0,"ASC 810-10-45-19, ASC 810-10-45-20"
FAR-MCQ-CONS-0347,ASC 810-10-45-19: NCI in net income = Sub's NI × NCI ownership %. NCI share: (100% - parent %) × NI.,0; ${div * (100 - pct) / 100},"ASC 810-10-45-19, ASC 810-10-45-20"
FAR-MCQ-CONS-0348,ASC 810-10-45-19: NCI in net income = Sub's NI × NCI ownership %. NCI share: (100% - parent %) × NI.,$500000; 0,"ASC 810-10-45-19, ASC 810-10-45-20"
FAR-MCQ-CONS-0349,ASC 810-10-45-19: NCI in net income = Sub's NI × NCI ownership %. NCI share: (100% - parent %) × NI.,$250000; 0,"ASC 810-10-45-19, ASC 810-10-45-20"
FAR-MCQ-CONS-0350,ASC 810-10-45-19: NCI in net income = Sub's NI × NCI ownership %. NCI share: (100% - parent %) × NI.,$100000; 0,"ASC 810-10-45-19, ASC 810-10-45-20"
FAR-MCQ-CONS-0351,ASC 810-10-45-19: NCI in net income = Sub's NI × NCI ownership %. NCI share: (100% - parent %) × NI.,${div * (100 - pct) / 100}; 0,"ASC 810-10-45-19, ASC 810-10-45-20"
FAR-MCQ-CONS-0352,ASC 810-10-45-19: NCI in net income = Sub's NI × NCI ownership %. NCI share: (100% - parent %) × NI.,${div * (100 - pct) / 100}; $100000,"ASC 810-10-45-19, ASC 810-10-45-20"
FAR-MCQ-CONS-0353,ASC 810-10-45-19: NCI in net income = Sub's NI × NCI ownership %. NCI share: (100% - parent %) × NI.,${div * (100 - pct) / 100}; $500000,"ASC 810-10-45-19, ASC 810-10-45-20"
FAR-MCQ-CONS-0354,ASC 810-10-45-19: NCI in net income = Sub's NI × NCI ownership %. NCI share: (100% - parent %) × NI.,${div * (100 - pct) / 100}; $500000,"ASC 810-10-45-19, ASC 810-10-45-20"
FAR-MCQ-CONS-0355,ASC 810-10-45-19: NCI in net income = Sub's NI × NCI ownership %. NCI share: (100% - parent %) × NI.,0; ${div * (100 - pct) / 100},"ASC 810-10-45-19, ASC 810-10-45-20"
FAR-MCQ-CONS-0356,ASC 810-10-45-19: NCI in net income = Sub's NI × NCI ownership %. NCI share: (100% - parent %) × NI.,${div * (100 - pct) / 100}; 0,"ASC 810-10-45-19, ASC 810-10-45-20"
FAR-MCQ-CONS-0357,ASC 810-10-45-19: NCI in net income = Sub's NI × NCI ownership %. NCI share: (100% - parent %) × NI.,0; ${div * (100 - pct) / 100},"ASC 810-10-45-19, ASC 810-10-45-20"
FAR-MCQ-CONS-0358,ASC 810-10-45-19: NCI in net income = Sub's NI × NCI ownership %. NCI share: (100% - parent %) × NI.,$100000; ${div * (100 - pct) / 100},"ASC 810-10-45-19, ASC 810-10-45-20"
FAR-MCQ-CONS-0359,ASC 810-10-45-19: NCI in net income = Sub's NI × NCI ownership %. NCI share: (100% - parent %) × NI.,$500000; ${div * (100 - pct) / 100},"ASC 810-10-45-19, ASC 810-10-45-20"
FAR-MCQ-CONS-0360,ASC 810-10-45-19: NCI in net income = Sub's NI × NCI ownership %. NCI share: (100% - parent %) × NI.,0; ${div * (100 - pct) / 100},"ASC 810-10-45-19, ASC 810-10-45-20"
FAR-MCQ-CONS-0361,ASC 810-10-45-19: NCI in net income = Sub's NI × NCI ownership %. NCI share: (100% - parent %) × NI.,${div * (100 - pct) / 100}; 0,"ASC 810-10-45-19, ASC 810-10-45-20"
FAR-MCQ-CONS-0362,ASC 810-10-45-19: NCI in net income = Sub's NI × NCI ownership %. NCI share: (100% - parent %) × NI.,${div * (100 - pct) / 100}; $250000,"ASC 810-10-45-19, ASC 810-10-45-20"
FAR-MCQ-CONS-0363,ASC 810-10-45-19: NCI in net income = Sub's NI × NCI ownership %. NCI share: (100% - parent %) × NI.,0; $100000,"ASC 810-10-45-19, ASC 810-10-45-20"
FAR-MCQ-CONS-0364,ASC 810-10-45-19: NCI in net income = Sub's NI × NCI ownership %. NCI share: (100% - parent %) × NI.,0; ${div * (100 - pct) / 100},"ASC 810-10-45-19, ASC 810-10-45-20"
FAR-MCQ-CONS-0365,ASC 810-10-45-19: NCI in net income = Sub's NI × NCI ownership %. NCI share: (100% - parent %) × NI.,$500000; ${div * (100 - pct) / 100},"ASC 810-10-45-19, ASC 810-10-45-20"
FAR-MCQ-CONS-0366,ASC 810-10-45-19: NCI in net income = Sub's NI × NCI ownership %. NCI share: (100% - parent %) × NI.,${div * (100 - pct) / 100}; $250000,"ASC 810-10-45-19, ASC 810-10-45-20"
FAR-MCQ-CONS-0367,ASC 810-10-45-19: NCI in net income = Sub's NI × NCI ownership %. NCI share: (100% - parent %) × NI.,$100000; 0,"ASC 810-10-45-19, ASC 810-10-45-20"
FAR-MCQ-CONS-0368,ASC 810-10-45-19: NCI in net income = Sub's NI × NCI ownership %. NCI share: (100% - parent %) × NI.,${div * (100 - pct) / 100}; 0,"ASC 810-10-45-19, ASC 810-10-45-20"
FAR-MCQ-CONS-0369,ASC 810-10-45-19: NCI in net income = Sub's NI × NCI ownership %. NCI share: (100% - parent %) × NI.,$100000; ${div * (100 - pct) / 100},"ASC 810-10-45-19, ASC 810-10-45-20"
FAR-MCQ-CONS-0370,ASC 810-10-45-19: NCI in net income = Sub's NI × NCI ownership %. NCI share: (100% - parent %) × NI.,$100000; ${div * (100 - pct) / 100},"ASC 810-10-45-19, ASC 810-10-45-20"
FAR-MCQ-CONS-0371,ASC 810-10-45-19: NCI in net income = Sub's NI × NCI ownership %. NCI share: (100% - parent %) × NI.,${div * (100 - pct) / 100}; $500000,"ASC 810-10-45-19, ASC 810-10-45-20"
FAR-MCQ-CONS-0372,ASC 810-10-45-19: NCI in net income = Sub's NI × NCI ownership %. NCI share: (100% - parent %) × NI.,$100000; ${div * (100 - pct) / 100},"ASC 810-10-45-19, ASC 810-10-45-20"
FAR-MCQ-CONS-0373,ASC 810-10-45-19: NCI in net income = Sub's NI × NCI ownership %. NCI share: (100% - parent %) × NI.,0; $100000,"ASC 810-10-45-19, ASC 810-10-45-20"
FAR-MCQ-CONS-0374,ASC 810-10-45-19: NCI in net income = Sub's NI × NCI ownership %. NCI share: (100% - parent %) × NI.,$100000; ${div * (100 - pct) / 100},"ASC 810-10-45-19, ASC 810-10-45-20"
FAR-MCQ-CONS-0375,ASC 810-10-45-19: NCI in net income = Sub's NI × NCI ownership %. NCI share: (100% - parent %) × NI.,${div * (100 - pct) / 100}; $100000,"ASC 810-10-45-19, ASC 810-10-45-20"
FAR-MCQ-CONS-0376,ASC 810-10-45-19: NCI in net income = Sub's NI × NCI ownership %. NCI share: (100% - parent %) × NI.,$100000; ${div * (100 - pct) / 100},"ASC 810-10-45-19, ASC 810-10-45-20"
FAR-MCQ-CONS-0377,ASC 810-10-45-19: NCI in net income = Sub's NI × NCI ownership %. NCI share: (100% - parent %) × NI.,$500000; 0,"ASC 810-10-45-19, ASC 810-10-45-20"
FAR-MCQ-CONS-0378,ASC 810-10-45-19: NCI in net income = Sub's NI × NCI ownership %. NCI share: (100% - parent %) × NI.,0; $500000,"ASC 810-10-45-19, ASC 810-10-45-20"
FAR-MCQ-CONS-0379,ASC 810-10-45-19: NCI in net income = Sub's NI × NCI ownership %. NCI share: (100% - parent %) × NI.,$100000; 0,"ASC 810-10-45-19, ASC 810-10-45-20"
FAR-MCQ-CONS-0380,ASC 810-10-45-19: NCI in net income = Sub's NI × NCI ownership %. NCI share: (100% - parent %) × NI.,0; ${div * (100 - pct) / 100},"ASC 810-10-45-19, ASC 810-10-45-20"
FAR-MCQ-CONS-0381,ASC 810-10-45-19: NCI in net income = Sub's NI × NCI ownership %. NCI share: (100% - parent %) × NI.,$100000; ${div * (100 - pct) / 100},"ASC 810-10-45-19, ASC 810-10-45-20"
FAR-MCQ-CONS-0382,ASC 810-10-45-19: NCI in net income = Sub's NI × NCI ownership %. NCI share: (100% - parent %) × NI.,$100000; 0,"ASC 810-10-45-19, ASC 810-10-45-20"
FAR-MCQ-CONS-0383,ASC 810-10-45-19: NCI in net income = Sub's NI × NCI ownership %. NCI share: (100% - parent %) × NI.,0; ${div * (100 - pct) / 100},"ASC 810-10-45-19, ASC 810-10-45-20"
FAR-MCQ-CONS-0384,ASC 810-10-45-19: NCI in net income = Sub's NI × NCI ownership %. NCI share: (100% - parent %) × NI.,${div * (100 - pct) / 100}; 0,"ASC 810-10-45-19, ASC 810-10-45-20"
FAR-MCQ-CONS-0385,ASC 810-10-45-19: NCI in net income = Sub's NI × NCI ownership %. NCI share: (100% - parent %) × NI.,${div * (100 - pct) / 100}; $250000,"ASC 810-10-45-19, ASC 810-10-45-20"
FAR-MCQ-CONS-0386,ASC 810-10-45-19: NCI in net income = Sub's NI × NCI ownership %. NCI share: (100% - parent %) × NI.,0; ${div * (100 - pct) / 100},"ASC 810-10-45-19, ASC 810-10-45-20"
FAR-MCQ-CONS-0387,ASC 810-10-45-19: NCI in net income = Sub's NI × NCI ownership %. NCI share: (100% - parent %) × NI.,0; $500000,"ASC 810-10-45-19, ASC 810-10-45-20"
FAR-MCQ-CONS-0388,ASC 810-10-45-19: NCI in net income = Sub's NI × NCI ownership %. NCI share: (100% - parent %) × NI.,${div * (100 - pct) / 100}; 0,"ASC 810-10-45-19, ASC 810-10-45-20"
FAR-MCQ-CONS-0389,ASC 810-10-45-19: NCI in net income = Sub's NI × NCI ownership %. NCI share: (100% - parent %) × NI.,${div * (100 - pct) / 100}; 0,"ASC 810-10-45-19, ASC 810-10-45-20"
FAR-MCQ-CONS-0390,ASC 810-10-45-19: NCI in net income = Sub's NI × NCI ownership %. NCI share: (100% - parent %) × NI.,${div * (100 - pct) / 100}; 0,"ASC 810-10-45-19, ASC 810-10-45-20"
FAR-MCQ-CONS-0391,ASC 810-10-45-19: NCI in net income = Sub's NI × NCI ownership %. NCI share: (100% - parent %) × NI.,$250000; 0,"ASC 810-10-45-19, ASC 810-10-45-20"
FAR-MCQ-CONS-0392,ASC 810-10-45-19: NCI in net income = Sub's NI × NCI ownership %. NCI share: (100% - parent %) × NI.,0; ${div * (100 - pct) / 100},"ASC 810-10-45-19, ASC 810-10-45-20"
FAR-MCQ-CONS-0393,ASC 810-10-45-19: NCI in net income = Sub's NI × NCI ownership %. NCI share: (100% - parent %) × NI.,0; $100000,"ASC 810-10-45-19, ASC 810-10-45-20"
FAR-MCQ-CONS-0394,ASC 810-10-45-19: NCI in net income = Sub's NI × NCI ownership %. NCI share: (100% - parent %) × NI.,$500000; 0,"ASC 810-10-45-19, ASC 810-10-45-20"
FAR-MCQ-CONS-0395,ASC 810-10-45-19: NCI in net income = Sub's NI × NCI ownership %. NCI share: (100% - parent %) × NI.,0; ${div * (100 - pct) / 100},"ASC 810-10-45-19, ASC 810-10-45-20"
FAR-MCQ-CONS-0396,ASC 810-10-45-19: NCI in net income = Sub's NI × NCI ownership %. NCI share: (100% - parent %) × NI.,$500000; ${div * (100 - pct) / 100},"ASC 810-10-45-19, ASC 810-10-45-20"
FAR-MCQ-CONS-0397,ASC 810-10-45-19: NCI in net income = Sub's NI × NCI ownership %. NCI share: (100% - parent %) × NI.,$250000; 0,"ASC 810-10-45-19, ASC 810-10-45-20"
FAR-MCQ-CONS-0398,ASC 810-10-45-19: NCI in net income = Sub's NI × NCI ownership %. NCI share: (100% - parent %) × NI.,${div * (100 - pct) / 100}; $250000,"ASC 810-10-45-19, ASC 810-10-45-20"
FAR-MCQ-CONS-0399,ASC 810-10-45-19: NCI in net income = Sub's NI × NCI ownership %. NCI share: (100% - parent %) × NI.,0; ${div * (100 - pct) / 100},"ASC 810-10-45-19, ASC 810-10-45-20"
FAR-MCQ-CONS-0400,ASC 810-10-45-19: NCI in net income = Sub's NI × NCI ownership %. NCI share: (100% - parent %) × NI.,$100000; ${div * (100 - pct) / 100},"ASC 810-10-45-19, ASC 810-10-45-20"
FAR-MCQ-CONS-0401,ASC 810-10-45-19: NCI in net income = Sub's NI × NCI ownership %. NCI share: (100% - parent %) × NI.,0; ${div * (100 - pct) / 100},"ASC 810-10-45-19, ASC 810-10-45-20"
FAR-MCQ-CONS-0402,ASC 810-10-45-19: NCI in net income = Sub's NI × NCI ownership %. NCI share: (100% - parent %) × NI.,$250000; ${div * (100 - pct) / 100},"ASC 810-10-45-19, ASC 810-10-45-20"
FAR-MCQ-CONS-0403,ASC 810-10-45-19: NCI in net income = Sub's NI × NCI ownership %. NCI share: (100% - parent %) × NI.,$250000; 0,"ASC 810-10-45-19, ASC 810-10-45-20"
FAR-MCQ-CONS-0404,ASC 810-10-45-19: NCI in net income = Sub's NI × NCI ownership %. NCI share: (100% - parent %) × NI.,${div * (100 - pct) / 100}; $500000,"ASC 810-10-45-19, ASC 810-10-45-20"
FAR-MCQ-CONS-0405,ASC 810-10-45-19: NCI in net income = Sub's NI × NCI ownership %. NCI share: (100% - parent %) × NI.,$100000; ${div * (100 - pct) / 100},"ASC 810-10-45-19, ASC 810-10-45-20"
FAR-MCQ-CONS-0406,ASC 810-10-45-19: NCI in net income = Sub's NI × NCI ownership %. NCI share: (100% - parent %) × NI.,${div * (100 - pct) / 100}; $250000,"ASC 810-10-45-19, ASC 810-10-45-20"
FAR-MCQ-CONS-0407,ASC 810-10-45-19: NCI in net income = Sub's NI × NCI ownership %. NCI share: (100% - parent %) × NI.,0; ${div * (100 - pct) / 100},"ASC 810-10-45-19, ASC 810-10-45-20"
FAR-MCQ-CONS-0408,ASC 810-10-45-19: NCI in net income = Sub's NI × NCI ownership %. NCI share: (100% - parent %) × NI.,0; ${div * (100 - pct) / 100},"ASC 810-10-45-19, ASC 810-10-45-20"
FAR-MCQ-CONS-0409,ASC 810-10-45-19: NCI in net income = Sub's NI × NCI ownership %. NCI share: (100% - parent %) × NI.,0; $250000,"ASC 810-10-45-19, ASC 810-10-45-20"
FAR-MCQ-CONS-0410,ASC 810-10-45-19: NCI in net income = Sub's NI × NCI ownership %. NCI share: (100% - parent %) × NI.,0; ${div * (100 - pct) / 100},"ASC 810-10-45-19, ASC 810-10-45-20"
FAR-MCQ-CONS-0411,ASC 810-10-45-19: NCI in net income = Sub's NI × NCI ownership %. NCI share: (100% - parent %) × NI.,0; ${div * (100 - pct) / 100},"ASC 810-10-45-19, ASC 810-10-45-20"
FAR-MCQ-CONS-0412,ASC 810-10-45-19: NCI in net income = Sub's NI × NCI ownership %. NCI share: (100% - parent %) × NI.,0; $100000,"ASC 810-10-45-19, ASC 810-10-45-20"
FAR-MCQ-CONS-0413,ASC 810-10-45-19: NCI in net income = Sub's NI × NCI ownership %. NCI share: (100% - parent %) × NI.,${div * (100 - pct) / 100}; 0,"ASC 810-10-45-19, ASC 810-10-45-20"
FAR-MCQ-CONS-0414,ASC 810-10-45-19: NCI in net income = Sub's NI × NCI ownership %. NCI share: (100% - parent %) × NI.,${div * (100 - pct) / 100}; $100000,"ASC 810-10-45-19, ASC 810-10-45-20"
FAR-MCQ-CONS-0415,ASC 810-10-45-19: NCI in net income = Sub's NI × NCI ownership %. NCI share: (100% - parent %) × NI.,$100000; ${div * (100 - pct) / 100},"ASC 810-10-45-19, ASC 810-10-45-20"
FAR-MCQ-CONS-0416,ASC 810-10-45-19: NCI in net income = Sub's NI × NCI ownership %. NCI share: (100% - parent %) × NI.,$500000; 0,"ASC 810-10-45-19, ASC 810-10-45-20"
FAR-MCQ-CONS-0417,ASC 810-10-45-19: NCI in net income = Sub's NI × NCI ownership %. NCI share: (100% - parent %) × NI.,0; ${div * (100 - pct) / 100},"ASC 810-10-45-19, ASC 810-10-45-20"
FAR-MCQ-CONS-0418,ASC 810-10-45-19: NCI in net income = Sub's NI × NCI ownership %. NCI share: (100% - parent %) × NI.,0; ${div * (100 - pct) / 100},"ASC 810-10-45-19, ASC 810-10-45-20"
FAR-MCQ-CONS-0419,ASC 810-10-45-19: NCI in net income = Sub's NI × NCI ownership %. NCI share: (100% - parent %) × NI.,$250000; 0,"ASC 810-10-45-19, ASC 810-10-45-20"
FAR-MCQ-CONS-0420,ASC 810-10-45-19: NCI in net income = Sub's NI × NCI ownership %. NCI share: (100% - parent %) × NI.,$500000; ${div * (100 - pct) / 100},"ASC 810-10-45-19, ASC 810-10-45-20"
FAR-MCQ-CONS-0421,ASC 810-10-45-19: NCI in net income = Sub's NI × NCI ownership %. NCI share: (100% - parent %) × NI.,$250000; ${div * (100 - pct) / 100},"ASC 810-10-45-19, ASC 810-10-45-20"
FAR-MCQ-CONS-0422,ASC 810-10-45-19: NCI in net income = Sub's NI × NCI ownership %. NCI share: (100% - parent %) × NI.,${div * (100 - pct) / 100}; 0,"ASC 810-10-45-19, ASC 810-10-45-20"
FAR-MCQ-CONS-0423,ASC 810-10-45-19: NCI in net income = Sub's NI × NCI ownership %. NCI share: (100% - parent %) × NI.,0; ${div * (100 - pct) / 100},"ASC 810-10-45-19, ASC 810-10-45-20"
FAR-MCQ-CONS-0424,ASC 810-10-45-19: NCI in net income = Sub's NI × NCI ownership %. NCI share: (100% - parent %) × NI.,${div * (100 - pct) / 100}; $250000,"ASC 810-10-45-19, ASC 810-10-45-20"
FAR-MCQ-CONS-0425,ASC 810-10-45-19: NCI in net income = Sub's NI × NCI ownership %. NCI share: (100% - parent %) × NI.,0; $250000,"ASC 810-10-45-19, ASC 810-10-45-20"
FAR-MCQ-CONS-0426,ASC 810-10-45-19: NCI in net income = Sub's NI × NCI ownership %. NCI share: (100% - parent %) × NI.,$250000; ${div * (100 - pct) / 100},"ASC 810-10-45-19, ASC 810-10-45-20"
FAR-MCQ-CONS-0427,ASC 810-10-45-19: NCI in net income = Sub's NI × NCI ownership %. NCI share: (100% - parent %) × NI.,0; ${div * (100 - pct) / 100},"ASC 810-10-45-19, ASC 810-10-45-20"
FAR-MCQ-CONS-0428,ASC 810-10-45-19: NCI in net income = Sub's NI × NCI ownership %. NCI share: (100% - parent %) × NI.,$250000; ${div * (100 - pct) / 100},"ASC 810-10-45-19, ASC 810-10-45-20"
FAR-MCQ-CONS-0429,ASC 810-10-45-19: NCI in net income = Sub's NI × NCI ownership %. NCI share: (100% - parent %) × NI.,$500000; ${div * (100 - pct) / 100},"ASC 810-10-45-19, ASC 810-10-45-20"
FAR-MCQ-CONS-0430,ASC 810-10-45-19: NCI in net income = Sub's NI × NCI ownership %. NCI share: (100% - parent %) × NI.,0; $500000,"ASC 810-10-45-19, ASC 810-10-45-20"
FAR-MCQ-CONS-0431,ASC 810-10-45-19: NCI in net income = Sub's NI × NCI ownership %. NCI share: (100% - parent %) × NI.,0; ${div * (100 - pct) / 100},"ASC 810-10-45-19, ASC 810-10-45-20"
FAR-MCQ-CONS-0432,ASC 810-10-45-19: NCI in net income = Sub's NI × NCI ownership %. NCI share: (100% - parent %) × NI.,0; $100000,"ASC 810-10-45-19, ASC 810-10-45-20"
FAR-MCQ-CONS-0433,ASC 810-10-45-19: NCI in net income = Sub's NI × NCI ownership %. NCI share: (100% - parent %) × NI.,0; ${div * (100 - pct) / 100},"ASC 810-10-45-19, ASC 810-10-45-20"
FAR-MCQ-CONS-0434,ASC 810-10-45-19: NCI in net income = Sub's NI × NCI ownership %. NCI share: (100% - parent %) × NI.,${div * (100 - pct) / 100}; $100000,"ASC 810-10-45-19, ASC 810-10-45-20"
FAR-MCQ-CONS-0435,ASC 810-10-45-19: NCI in net income = Sub's NI × NCI ownership %. NCI share: (100% - parent %) × NI.,${div * (100 - pct) / 100}; $100000,"ASC 810-10-45-19, ASC 810-10-45-20"
FAR-MCQ-CONS-0436,ASC 810-10-45-19: NCI in net income = Sub's NI × NCI ownership %. NCI share: (100% - parent %) × NI.,$100000; 0,"ASC 810-10-45-19, ASC 810-10-45-20"
FAR-MCQ-CONS-0437,ASC 810-10-45-19: NCI in net income = Sub's NI × NCI ownership %. NCI share: (100% - parent %) × NI.,0; ${div * (100 - pct) / 100},"ASC 810-10-45-19, ASC 810-10-45-20"
FAR-MCQ-CONS-0438,ASC 810-10-45-19: NCI in net income = Sub's NI × NCI ownership %. NCI share: (100% - parent %) × NI.,${div * (100 - pct) / 100}; $250000,"ASC 810-10-45-19, ASC 810-10-45-20"
FAR-MCQ-CONS-0439,ASC 810-10-45-19: NCI in net income = Sub's NI × NCI ownership %. NCI share: (100% - parent %) × NI.,0; ${div * (100 - pct) / 100},"ASC 810-10-45-19, ASC 810-10-45-20"
FAR-MCQ-CONS-0440,ASC 810-10-45-19: NCI in net income = Sub's NI × NCI ownership %. NCI share: (100% - parent %) × NI.,0; ${div * (100 - pct) / 100},"ASC 810-10-45-19, ASC 810-10-45-20"
FAR-MCQ-CONS-0441,ASC 810-10-45-19: NCI in net income = Sub's NI × NCI ownership %. NCI share: (100% - parent %) × NI.,${div * (100 - pct) / 100}; $500000,"ASC 810-10-45-19, ASC 810-10-45-20"
FAR-MCQ-CONS-0442,ASC 810-10-45-19: NCI in net income = Sub's NI × NCI ownership %. NCI share: (100% - parent %) × NI.,0; ${div * (100 - pct) / 100},"ASC 810-10-45-19, ASC 810-10-45-20"
FAR-MCQ-CONS-0443,ASC 810-10-45-19: NCI in net income = Sub's NI × NCI ownership %. NCI share: (100% - parent %) × NI.,0; $100000,"ASC 810-10-45-19, ASC 810-10-45-20"
FAR-MCQ-CONS-0444,ASC 810-10-45-19: NCI in net income = Sub's NI × NCI ownership %. NCI share: (100% - parent %) × NI.,$100000; 0,"ASC 810-10-45-19, ASC 810-10-45-20"
FAR-MCQ-CONS-0445,ASC 810-10-45-19: NCI in net income = Sub's NI × NCI ownership %. NCI share: (100% - parent %) × NI.,$500000; ${div * (100 - pct) / 100},"ASC 810-10-45-19, ASC 810-10-45-20"
FAR-MCQ-CONS-0446,ASC 810-10-45-19: NCI in net income = Sub's NI × NCI ownership %. NCI share: (100% - parent %) × NI.,$250000; 0,"ASC 810-10-45-19, ASC 810-10-45-20"
FAR-MCQ-CONS-0447,ASC 810-10-45-19: NCI in net income = Sub's NI × NCI ownership %. NCI share: (100% - parent %) × NI.,0; $100000,"ASC 810-10-45-19, ASC 810-10-45-20"
FAR-MCQ-CONS-0448,ASC 810-10-45-19: NCI in net income = Sub's NI × NCI ownership %. NCI share: (100% - parent %) × NI.,${div * (100 - pct) / 100}; 0,"ASC 810-10-45-19, ASC 810-10-45-20"
FAR-MCQ-CONS-0449,ASC 810-10-45-19: NCI in net income = Sub's NI × NCI ownership %. NCI share: (100% - parent %) × NI.,$500000; ${div * (100 - pct) / 100},"ASC 810-10-45-19, ASC 810-10-45-20"
FAR-MCQ-CONS-0450,ASC 810-10-45-19: NCI in net income = Sub's NI × NCI ownership %. NCI share: (100% - parent %) × NI.,$100000; ${div * (100 - pct) / 100},"ASC 810-10-45-19, ASC 810-10-45-20"
FAR-MCQ-CONS-0451,ASC 810-10-45-19: NCI in net income = Sub's NI × NCI ownership %. NCI share: (100% - parent %) × NI.,0; ${div * (100 - pct) / 100},"ASC 810-10-45-19, ASC 810-10-45-20"
FAR-MCQ-CONS-0452,ASC 810-10-45-19: NCI in net income = Sub's NI × NCI ownership %. NCI share: (100% - parent %) × NI.,0; $100000,"ASC 810-10-45-19, ASC 810-10-45-20"
FAR-MCQ-CONS-0453,ASC 810-10-45-19: NCI in net income = Sub's NI × NCI ownership %. NCI share: (100% - parent %) × NI.,0; ${div * (100 - pct) / 100},"ASC 810-10-45-19, ASC 810-10-45-20"
FAR-MCQ-CONS-0454,ASC 810-10-45-19: NCI in net income = Sub's NI × NCI ownership %. NCI share: (100% - parent %) × NI.,0; $500000,"ASC 810-10-45-19, ASC 810-10-45-20"
FAR-MCQ-CONS-0455,ASC 810-10-45-19: NCI in net income = Sub's NI × NCI ownership %. NCI share: (100% - parent %) × NI.,$250000; ${div * (100 - pct) / 100},"ASC 810-10-45-19, ASC 810-10-45-20"
FAR-MCQ-CONS-0456,ASC 810-10-45-19: NCI in net income = Sub's NI × NCI ownership %. NCI share: (100% - parent %) × NI.,${div * (100 - pct) / 100}; 0,"ASC 810-10-45-19, ASC 810-10-45-20"
FAR-MCQ-CONS-0457,ASC 810-10-45-19: NCI in net income = Sub's NI × NCI ownership %. NCI share: (100% - parent %) × NI.,$100000; ${div * (100 - pct) / 100},"ASC 810-10-45-19, ASC 810-10-45-20"
FAR-MCQ-CONS-0458,ASC 810-10-45-19: NCI in net income = Sub's NI × NCI ownership %. NCI share: (100% - parent %) × NI.,$500000; ${div * (100 - pct) / 100},"ASC 810-10-45-19, ASC 810-10-45-20"
FAR-MCQ-CONS-0459,ASC 810-10-45-19: NCI in net income = Sub's NI × NCI ownership %. NCI share: (100% - parent %) × NI.,$100000; ${div * (100 - pct) / 100},"ASC 810-10-45-19, ASC 810-10-45-20"
FAR-MCQ-CONS-0460,ASC 810-10-45-19: NCI in net income = Sub's NI × NCI ownership %. NCI share: (100% - parent %) × NI.,0; $500000,"ASC 810-10-45-19, ASC 810-10-45-20"
FAR-MCQ-CONS-0461,ASC 810-10-45-19: NCI in net income = Sub's NI × NCI ownership %. NCI share: (100% - parent %) × NI.,$250000; ${div * (100 - pct) / 100},"ASC 810-10-45-19, ASC 810-10-45-20"
FAR-MCQ-CONS-0462,ASC 810-10-45-19: NCI in net income = Sub's NI × NCI ownership %. NCI share: (100% - parent %) × NI.,0; ${div * (100 - pct) / 100},"ASC 810-10-45-19, ASC 810-10-45-20"
FAR-MCQ-CONS-0463,ASC 810-10-45-19: NCI in net income = Sub's NI × NCI ownership %. NCI share: (100% - parent %) × NI.,$250000; 0,"ASC 810-10-45-19, ASC 810-10-45-20"
FAR-MCQ-CONS-0464,ASC 810-10-45-19: NCI in net income = Sub's NI × NCI ownership %. NCI share: (100% - parent %) × NI.,0; ${div * (100 - pct) / 100},"ASC 810-10-45-19, ASC 810-10-45-20"
FAR-MCQ-CONS-0465,ASC 810-10-45-19: NCI in net income = Sub's NI × NCI ownership %. NCI share: (100% - parent %) × NI.,${div * (100 - pct) / 100}; 0,"ASC 810-10-45-19, ASC 810-10-45-20"
FAR-MCQ-CONS-0466,ASC 810-10-45-19: NCI in net income = Sub's NI × NCI ownership %. NCI share: (100% - parent %) × NI.,0; ${div * (100 - pct) / 100},"ASC 810-10-45-19, ASC 810-10-45-20"
FAR-MCQ-CONS-0467,ASC 810-10-45-19: NCI in net income = Sub's NI × NCI ownership %. NCI share: (100% - parent %) × NI.,${div * (100 - pct) / 100}; 0,"ASC 810-10-45-19, ASC 810-10-45-20"
FAR-MCQ-CONS-0468,ASC 810-10-45-19: NCI in net income = Sub's NI × NCI ownership %. NCI share: (100% - parent %) × NI.,${div * (100 - pct) / 100}; $500000,"ASC 810-10-45-19, ASC 810-10-45-20"
FAR-MCQ-CONS-0469,ASC 810-10-45-19: NCI in net income = Sub's NI × NCI ownership %. NCI share: (100% - parent %) × NI.,0; $250000,"ASC 810-10-45-19, ASC 810-10-45-20"
FAR-MCQ-CONS-0470,ASC 810-10-45-19: NCI in net income = Sub's NI × NCI ownership %. NCI share: (100% - parent %) × NI.,0; ${div * (100 - pct) / 100},"ASC 810-10-45-19, ASC 810-10-45-20"
FAR-MCQ-CONS-0471,ASC 810-10-45-19: NCI in net income = Sub's NI × NCI ownership %. NCI share: (100% - parent %) × NI.,0; ${div * (100 - pct) / 100},"ASC 810-10-45-19, ASC 810-10-45-20"
FAR-MCQ-CONS-0472,ASC 810-10-45-19: NCI in net income = Sub's NI × NCI ownership %. NCI share: (100% - parent %) × NI.,0; ${div * (100 - pct) / 100},"ASC 810-10-45-19, ASC 810-10-45-20"
FAR-MCQ-CONS-0473,ASC 810-10-45-19: NCI in net income = Sub's NI × NCI ownership %. NCI share: (100% - parent %) × NI.,$250000; ${div * (100 - pct) / 100},"ASC 810-10-45-19, ASC 810-10-45-20"
FAR-MCQ-CONS-0474,ASC 810-10-45-19: NCI in net income = Sub's NI × NCI ownership %. NCI share: (100% - parent %) × NI.,0; $100000,"ASC 810-10-45-19, ASC 810-10-45-20"
FAR-MCQ-CONS-0475,ASC 810-10-45-19: NCI in net income = Sub's NI × NCI ownership %. NCI share: (100% - parent %) × NI.,${div * (100 - pct) / 100}; 0,"ASC 810-10-45-19, ASC 810-10-45-20"
FAR-MCQ-CONS-0476,ASC 810-10-45-19: NCI in net income = Sub's NI × NCI ownership %. NCI share: (100% - parent %) × NI.,$500000; 0,"ASC 810-10-45-19, ASC 810-10-45-20"
FAR-MCQ-CONS-0477,ASC 810-10-45-19: NCI in net income = Sub's NI × NCI ownership %. NCI share: (100% - parent %) × NI.,$250000; 0,"ASC 810-10-45-19, ASC 810-10-45-20"
FAR-MCQ-CONS-0478,ASC 810-10-45-19: NCI in net income = Sub's NI × NCI ownership %. NCI share: (100% - parent %) × NI.,${div * (100 - pct) / 100}; $100000,"ASC 810-10-45-19, ASC 810-10-45-20"
FAR-MCQ-CONS-0479,ASC 810-10-45-19: NCI in net income = Sub's NI × NCI ownership %. NCI share: (100% - parent %) × NI.,0; ${div * (100 - pct) / 100},"ASC 810-10-45-19, ASC 810-10-45-20"
FAR-MCQ-CONS-0480,ASC 810-10-45-19: NCI in net income = Sub's NI × NCI ownership %. NCI share: (100% - parent %) × NI.,${div * (100 - pct) / 100}; $500000,"ASC 810-10-45-19, ASC 810-10-45-20"
FAR-MCQ-CONS-0481,ASC 810-10-45-19: NCI in net income = Sub's NI × NCI ownership %. NCI share: (100% - parent %) × NI.,${div * (100 - pct) / 100}; 0,"ASC 810-10-45-19, ASC 810-10-45-20"
FAR-MCQ-CONS-0482,ASC 810-10-45-19: NCI in net income = Sub's NI × NCI ownership %. NCI share: (100% - parent %) × NI.,0; ${div * (100 - pct) / 100},"ASC 810-10-45-19, ASC 810-10-45-20"
FAR-MCQ-CONS-0483,ASC 810-10-45-19: NCI in net income = Sub's NI × NCI ownership %. NCI share: (100% - parent %) × NI.,$250000; 0,"ASC 810-10-45-19, ASC 810-10-45-20"
FAR-MCQ-CONS-0484,ASC 810-10-45-19: NCI in net income = Sub's NI × NCI ownership %. NCI share: (100% - parent %) × NI.,0; $100000,"ASC 810-10-45-19, ASC 810-10-45-20"
FAR-MCQ-CONS-0485,ASC 810-10-45-19: NCI in net income = Sub's NI × NCI ownership %. NCI share: (100% - parent %) × NI.,0; ${div * (100 - pct) / 100},"ASC 810-10-45-19, ASC 810-10-45-20"
FAR-MCQ-CONS-0486,ASC 810-10-45-19: NCI in net income = Sub's NI × NCI ownership %. NCI share: (100% - parent %) × NI.,$250000; 0,"ASC 810-10-45-19, ASC 810-10-45-20"
FAR-MCQ-GOVE-0487,GASB 33: Revenue recognition for reimbursement grants occurs when eligibility requirements (including expenditure) are met.,Ratably over grant period; When grant awarded,"GASB 33 para 16, GASB 33 para 18"
FAR-MCQ-GOVE-0488,GASB 33: Revenue recognition for reimbursement grants occurs when eligibility requirements (including expenditure) are met.,Ratably over grant period; When cash received,"GASB 33 para 16, GASB 33 para 18"
FAR-MCQ-GOVE-0489,GASB 33: Revenue recognition for reimbursement grants occurs when eligibility requirements (including expenditure) are met.,Ratably over grant period; When cash received,"GASB 33 para 16, GASB 33 para 18"
FAR-MCQ-GOVE-0490,GASB 33: Revenue recognition for reimbursement grants occurs when eligibility requirements (including expenditure) are met.,When grant awarded; When cash received,"GASB 33 para 16, GASB 33 para 18"
FAR-MCQ-GOVE-0491,GASB 33: Revenue recognition for reimbursement grants occurs when eligibility requirements (including expenditure) are met.,When grant awarded; When cash received,"GASB 33 para 16, GASB 33 para 18"
FAR-MCQ-GOVE-0492,GASB 33: Revenue recognition for reimbursement grants occurs when eligibility requirements (including expenditure) are met.,When cash received; When grant awarded,"GASB 33 para 16, GASB 33 para 18"
FAR-MCQ-GOVE-0493,GASB 33: Revenue recognition for reimbursement grants occurs when eligibility requirements (including expenditure) are met.,When grant awarded; Ratably over grant period,"GASB 33 para 16, GASB 33 para 18"
FAR-MCQ-GOVE-0494,GASB 33: Revenue recognition for reimbursement grants occurs when eligibility requirements (including expenditure) are met.,When grant awarded; When cash received,"GASB 33 para 16, GASB 33 para 18"
FAR-MCQ-GOVE-0495,GASB 33: Revenue recognition for reimbursement grants occurs when eligibility requirements (including expenditure) are met.,When cash received; When grant awarded,"GASB 33 para 16, GASB 33 para 18"
FAR-MCQ-GOVE-0496,GASB 33: Revenue recognition for reimbursement grants occurs when eligibility requirements (including expenditure) are met.,When grant awarded; Ratably over grant period,"GASB 33 para 16, GASB 33 para 18"
FAR-MCQ-GOVE-0497,GASB 33: Revenue recognition for reimbursement grants occurs when eligibility requirements (including expenditure) are met.,When grant awarded; When cash received,"GASB 33 para 16, GASB 33 para 18"
FAR-MCQ-GOVE-0498,GASB 33: Revenue recognition for reimbursement grants occurs when eligibility requirements (including expenditure) are met.,When cash received; When grant awarded,"GASB 33 para 16, GASB 33 para 18"
FAR-MCQ-GOVE-0499,GASB 33: Revenue recognition for reimbursement grants occurs when eligibility requirements (including expenditure) are met.,When cash received; When grant awarded,"GASB 33 para 16, GASB 33 para 18"
FAR-MCQ-GOVE-0500,GASB 33: Revenue recognition for reimbursement grants occurs when eligibility requirements (including expenditure) are met.,When cash received; Ratably over grant period,"GASB 33 para 16, GASB 33 para 18"
FAR-MCQ-GOVE-0501,GASB 33: Revenue recognition for reimbursement grants occurs when eligibility requirements (including expenditure) are met.,When grant awarded; Ratably over grant period,"GASB 33 para 16, GASB 33 para 18"
FAR-MCQ-GOVE-0502,GASB 33: Revenue recognition for reimbursement grants occurs when eligibility requirements (including expenditure) are met.,When grant awarded; When cash received,"GASB 33 para 16, GASB 33 para 18"
FAR-MCQ-GOVE-0503,GASB 33: Revenue recognition for reimbursement grants occurs when eligibility requirements (including expenditure) are met.,When grant awarded; When cash received,"GASB 33 para 16, GASB 33 para 18"
FAR-MCQ-GOVE-0504,GASB 33: Revenue recognition for reimbursement grants occurs when eligibility requirements (including expenditure) are met.,When cash received; When grant awarded,"GASB 33 para 16, GASB 33 para 18"
FAR-MCQ-GOVE-0505,GASB 33: Revenue recognition for reimbursement grants occurs when eligibility requirements (including expenditure) are met.,Ratably over grant period; When cash received,"GASB 33 para 16, GASB 33 para 18"
FAR-MCQ-GOVE-0506,GASB 33: Revenue recognition for reimbursement grants occurs when eligibility requirements (including expenditure) are met.,When grant awarded; When cash received,"GASB 33 para 16, GASB 33 para 18"
FAR-MCQ-GOVE-0507,GASB 33: Revenue recognition for reimbursement grants occurs when eligibility requirements (including expenditure) are met.,When grant awarded; Ratably over grant period,"GASB 33 para 16, GASB 33 para 18"
FAR-MCQ-GOVE-0508,GASB 33: Revenue recognition for reimbursement grants occurs when eligibility requirements (including expenditure) are met.,When cash received; When grant awarded,"GASB 33 para 16, GASB 33 para 18"
FAR-MCQ-GOVE-0509,GASB 33: Revenue recognition for reimbursement grants occurs when eligibility requirements (including expenditure) are met.,When grant awarded; Ratably over grant period,"GASB 33 para 16, GASB 33 para 18"
FAR-MCQ-GOVE-0510,GASB 33: Revenue recognition for reimbursement grants occurs when eligibility requirements (including expenditure) are met.,When cash received; Ratably over grant period,"GASB 33 para 16, GASB 33 para 18"
FAR-MCQ-GOVE-0511,GASB 33: Revenue recognition for reimbursement grants occurs when eligibility requirements (including expenditure) are met.,Ratably over grant period; When cash received,"GASB 33 para 16, GASB 33 para 18"
FAR-MCQ-GOVE-0512,GASB 33: Revenue recognition for reimbursement grants occurs when eligibility requirements (including expenditure) are met.,When grant awarded; Ratably over grant period,"GASB 33 para 16, GASB 33 para 18"
FAR-MCQ-GOVE-0513,GASB 33: Revenue recognition for reimbursement grants occurs when eligibility requirements (including expenditure) are met.,Ratably over grant period; When grant awarded,"GASB 33 para 16, GASB 33 para 18"
FAR-MCQ-GOVE-0514,GASB 33: Revenue recognition for reimbursement grants occurs when eligibility requirements (including expenditure) are met.,When cash received; Ratably over grant period,"GASB 33 para 16, GASB 33 para 18"
FAR-MCQ-GOVE-0515,GASB 33: Revenue recognition for reimbursement grants occurs when eligibility requirements (including expenditure) are met.,When cash received; Ratably over grant period,"GASB 33 para 16, GASB 33 para 18"
FAR-MCQ-GOVE-0516,GASB 33: Revenue recognition for reimbursement grants occurs when eligibility requirements (including expenditure) are met.,When cash received; Ratably over grant period,"GASB 33 para 16, GASB 33 para 18"
FAR-MCQ-GOVE-0517,GASB 33: Revenue recognition for reimbursement grants occurs when eligibility requirements (including expenditure) are met.,When grant awarded; Ratably over grant period,"GASB 33 para 16, GASB 33 para 18"
FAR-MCQ-GOVE-0518,GASB 33: Revenue recognition for reimbursement grants occurs when eligibility requirements (including expenditure) are met.,When cash received; When grant awarded,"GASB 33 para 16, GASB 33 para 18"
FAR-MCQ-GOVE-0519,GASB 33: Revenue recognition for reimbursement grants occurs when eligibility requirements (including expenditure) are met.,When grant awarded; Ratably over grant period,"GASB 33 para 16, GASB 33 para 18"
FAR-MCQ-GOVE-0520,GASB 33: Revenue recognition for reimbursement grants occurs when eligibility requirements (including expenditure) are met.,Ratably over grant period; When cash received,"GASB 33 para 16, GASB 33 para 18"
FAR-MCQ-GOVE-0521,GASB 33: Revenue recognition for reimbursement grants occurs when eligibility requirements (including expenditure) are met.,When grant awarded; When cash received,"GASB 33 para 16, GASB 33 para 18"
FAR-MCQ-GOVE-0522,GASB 33: Revenue recognition for reimbursement grants occurs when eligibility requirements (including expenditure) are met.,When cash received; Ratably over grant period,"GASB 33 para 16, GASB 33 para 18"
FAR-MCQ-GOVE-0523,GASB 33: Revenue recognition for reimbursement grants occurs when eligibility requirements (including expenditure) are met.,When cash received; When grant awarded,"GASB 33 para 16, GASB 33 para 18"
FAR-MCQ-GOVE-0524,GASB 33: Revenue recognition for reimbursement grants occurs when eligibility requirements (including expenditure) are met.,When grant awarded; Ratably over grant period,"GASB 33 para 16, GASB 33 para 18"
FAR-MCQ-GOVE-0525,GASB 33: Revenue recognition for reimbursement grants occurs when eligibility requirements (including expenditure) are met.,Ratably over grant period; When cash received,"GASB 33 para 16, GASB 33 para 18"
FAR-MCQ-GOVE-0526,GASB 33: Revenue recognition for reimbursement grants occurs when eligibility requirements (including expenditure) are met.,When cash received; Ratably over grant period,"GASB 33 para 16, GASB 33 para 18"
FAR-MCQ-GOVE-0527,GASB 33: Revenue recognition for reimbursement grants occurs when eligibility requirements (including expenditure) are met.,When cash received; When grant awarded,"GASB 33 para 16, GASB 33 para 18"
FAR-MCQ-GOVE-0528,GASB 33: Revenue recognition for reimbursement grants occurs when eligibility requirements (including expenditure) are met.,When cash received; When grant awarded,"GASB 33 para 16, GASB 33 para 18"
FAR-MCQ-GOVE-0529,GASB 33: Revenue recognition for reimbursement grants occurs when eligibility requirements (including expenditure) are met.,When grant awarded; Ratably over grant period,"GASB 33 para 16, GASB 33 para 18"
FAR-MCQ-GOVE-0530,GASB 33: Revenue recognition for reimbursement grants occurs when eligibility requirements (including expenditure) are met.,When cash received; When grant awarded,"GASB 33 para 16, GASB 33 para 18"
FAR-MCQ-GOVE-0531,GASB 33: Revenue recognition for reimbursement grants occurs when eligibility requirements (including expenditure) are met.,When grant awarded; When cash received,"GASB 33 para 16, GASB 33 para 18"
FAR-MCQ-GOVE-0532,GASB 33: Revenue recognition for reimbursement grants occurs when eligibility requirements (including expenditure) are met.,When cash received; Ratably over grant period,"GASB 33 para 16, GASB 33 para 18"
FAR-MCQ-GOVE-0533,GASB 33: Revenue recognition for reimbursement grants occurs when eligibility requirements (including expenditure) are met.,Ratably over grant period; When cash received,"GASB 33 para 16, GASB 33 para 18"
FAR-MCQ-GOVE-0534,GASB 33: Revenue recognition for reimbursement grants occurs when eligibility requirements (including expenditure) are met.,Ratably over grant period; When cash received,"GASB 33 para 16, GASB 33 para 18"
FAR-MCQ-GOVE-0535,GASB 33: Revenue recognition for reimbursement grants occurs when eligibility requirements (including expenditure) are met.,When cash received; When grant awarded,"GASB 33 para 16, GASB 33 para 18"
FAR-MCQ-GOVE-0536,GASB 33: Revenue recognition for reimbursement grants occurs when eligibility requirements (including expenditure) are met.,When cash received; Ratably over grant period,"GASB 33 para 16, GASB 33 para 18"
FAR-MCQ-GOVE-0537,GASB 33: Revenue recognition for reimbursement grants occurs when eligibility requirements (including expenditure) are met.,Ratably over grant period; When cash received,"GASB 33 para 16, GASB 33 para 18"
FAR-MCQ-GOVE-0538,GASB 33: Revenue recognition for reimbursement grants occurs when eligibility requirements (including expenditure) are met.,Ratably over grant period; When grant awarded,"GASB 33 para 16, GASB 33 para 18"
FAR-MCQ-GOVE-0539,GASB 33: Revenue recognition for reimbursement grants occurs when eligibility requirements (including expenditure) are met.,Ratably over grant period; When grant awarded,"GASB 33 para 16, GASB 33 para 18"
FAR-MCQ-GOVE-0540,GASB 33: Revenue recognition for reimbursement grants occurs when eligibility requirements (including expenditure) are met.,When grant awarded; When cash received,"GASB 33 para 16, GASB 33 para 18"
FAR-MCQ-GOVE-0541,GASB 33: Revenue recognition for reimbursement grants occurs when eligibility requirements (including expenditure) are met.,When cash received; Ratably over grant period,"GASB 33 para 16, GASB 33 para 18"
FAR-MCQ-GOVE-0542,GASB 33: Revenue recognition for reimbursement grants occurs when eligibility requirements (including expenditure) are met.,When cash received; When grant awarded,"GASB 33 para 16, GASB 33 para 18"
FAR-MCQ-GOVE-0543,GASB 33: Revenue recognition for reimbursement grants occurs when eligibility requirements (including expenditure) are met.,Ratably over grant period; When grant awarded,"GASB 33 para 16, GASB 33 para 18"
FAR-MCQ-GOVE-0544,GASB 33: Revenue recognition for reimbursement grants occurs when eligibility requirements (including expenditure) are met.,When grant awarded; Ratably over grant period,"GASB 33 para 16, GASB 33 para 18"
FAR-MCQ-GOVE-0545,GASB 33: Revenue recognition for reimbursement grants occurs when eligibility requirements (including expenditure) are met.,When grant awarded; Ratably over grant period,"GASB 33 para 16, GASB 33 para 18"
FAR-MCQ-GOVE-0546,GASB 33: Revenue recognition for reimbursement grants occurs when eligibility requirements (including expenditure) are met.,Ratably over grant period; When grant awarded,"GASB 33 para 16, GASB 33 para 18"
FAR-MCQ-GOVE-0547,GASB 33: Revenue recognition for reimbursement grants occurs when eligibility requirements (including expenditure) are met.,Ratably over grant period; When cash received,"GASB 33 para 16, GASB 33 para 18"
FAR-MCQ-GOVE-0548,GASB 33: Revenue recognition for reimbursement grants occurs when eligibility requirements (including expenditure) are met.,Ratably over grant period; When grant awarded,"GASB 33 para 16, GASB 33 para 18"
FAR-MCQ-GOVE-0549,GASB 33: Revenue recognition for reimbursement grants occurs when eligibility requirements (including expenditure) are met.,Ratably over grant period; When grant awarded,"GASB 33 para 16, GASB 33 para 18"
FAR-MCQ-GOVE-0550,GASB 33: Revenue recognition for reimbursement grants occurs when eligibility requirements (including expenditure) are met.,When grant awarded; When cash received,"GASB 33 para 16, GASB 33 para 18"
FAR-MCQ-GOVE-0551,GASB 33: Revenue recognition for reimbursement grants occurs when eligibility requirements (including expenditure) are met.,When cash received; Ratably over grant period,"GASB 33 para 16, GASB 33 para 18"
FAR-MCQ-GOVE-0552,GASB 33: Revenue recognition for reimbursement grants occurs when eligibility requirements (including expenditure) are met.,When grant awarded; When cash received,"GASB 33 para 16, GASB 33 para 18"
FAR-MCQ-GOVE-0553,GASB 33: Revenue recognition for reimbursement grants occurs when eligibility requirements (including expenditure) are met.,When grant awarded; When cash received,"GASB 33 para 16, GASB 33 para 18"
FAR-MCQ-GOVE-0554,GASB 33: Revenue recognition for reimbursement grants occurs when eligibility requirements (including expenditure) are met.,Ratably over grant period; When grant awarded,"GASB 33 para 16, GASB 33 para 18"
FAR-MCQ-GOVE-0555,GASB 33: Revenue recognition for reimbursement grants occurs when eligibility requirements (including expenditure) are met.,When grant awarded; Ratably over grant period,"GASB 33 para 16, GASB 33 para 18"
FAR-MCQ-GOVE-0556,GASB 33: Revenue recognition for reimbursement grants occurs when eligibility requirements (including expenditure) are met.,Ratably over grant period; When grant awarded,"GASB 33 para 16, GASB 33 para 18"
FAR-MCQ-GOVE-0557,GASB 33: Revenue recognition for reimbursement grants occurs when eligibility requirements (including expenditure) are met.,When cash received; Ratably over grant period,"GASB 33 para 16, GASB 33 para 18"
FAR-MCQ-GOVE-0558,GASB 33: Revenue recognition for reimbursement grants occurs when eligibility requirements (including expenditure) are met.,When grant awarded; When cash received,"GASB 33 para 16, GASB 33 para 18"
FAR-MCQ-GOVE-0559,GASB 33: Revenue recognition for reimbursement grants occurs when eligibility requirements (including expenditure) are met.,When cash received; Ratably over grant period,"GASB 33 para 16, GASB 33 para 18"
FAR-MCQ-GOVE-0560,GASB 33: Revenue recognition for reimbursement grants occurs when eligibility requirements (including expenditure) are met.,Ratably over grant period; When grant awarded,"GASB 33 para 16, GASB 33 para 18"
FAR-MCQ-GOVE-0561,GASB 33: Revenue recognition for reimbursement grants occurs when eligibility requirements (including expenditure) are met.,Ratably over grant period; When grant awarded,"GASB 33 para 16, GASB 33 para 18"
FAR-MCQ-GOVE-0562,GASB 33: Revenue recognition for reimbursement grants occurs when eligibility requirements (including expenditure) are met.,When grant awarded; Ratably over grant period,"GASB 33 para 16, GASB 33 para 18"
FAR-MCQ-GOVE-0563,GASB 33: Revenue recognition for reimbursement grants occurs when eligibility requirements (including expenditure) are met.,When grant awarded; When cash received,"GASB 33 para 16, GASB 33 para 18"
FAR-MCQ-GOVE-0564,GASB 33: Revenue recognition for reimbursement grants occurs when eligibility requirements (including expenditure) are met.,When cash received; When grant awarded,"GASB 33 para 16, GASB 33 para 18"
FAR-MCQ-GOVE-0565,GASB 33: Revenue recognition for reimbursement grants occurs when eligibility requirements (including expenditure) are met.,When cash received; When grant awarded,"GASB 33 para 16, GASB 33 para 18"
FAR-MCQ-GOVE-0566,GASB 33: Revenue recognition for reimbursement grants occurs when eligibility requirements (including expenditure) are met.,When grant awarded; When cash received,"GASB 33 para 16, GASB 33 para 18"
FAR-MCQ-GOVE-0567,GASB 33: Revenue recognition for reimbursement grants occurs when eligibility requirements (including expenditure) are met.,Ratably over grant period; When cash received,"GASB 33 para 16, GASB 33 para 18"
FAR-MCQ-GOVE-0568,GASB 33: Revenue recognition for reimbursement grants occurs when eligibility requirements (including expenditure) are met.,When cash received; When grant awarded,"GASB 33 para 16, GASB 33 para 18"
FAR-MCQ-GOVE-0569,GASB 33: Revenue recognition for reimbursement grants occurs when eligibility requirements (including expenditure) are met.,When grant awarded; When cash received,"GASB 33 para 16, GASB 33 para 18"
FAR-MCQ-GOVE-0570,GASB 33: Revenue recognition for reimbursement grants occurs when eligibility requirements (including expenditure) are met.,When grant awarded; When cash received,"GASB 33 para 16, GASB 33 para 18"
FAR-MCQ-GOVE-0571,GASB 33: Revenue recognition for reimbursement grants occurs when eligibility requirements (including expenditure) are met.,When cash received; Ratably over grant period,"GASB 33 para 16, GASB 33 para 18"
FAR-MCQ-GOVE-0572,GASB 33: Revenue recognition for reimbursement grants occurs when eligibility requirements (including expenditure) are met.,Ratably over grant period; When cash received,"GASB 33 para 16, GASB 33 para 18"
FAR-MCQ-GOVE-0573,GASB 33: Revenue recognition for reimbursement grants occurs when eligibility requirements (including expenditure) are met.,Ratably over grant period; When grant awarded,"GASB 33 para 16, GASB 33 para 18"
FAR-MCQ-GOVE-0574,GASB 33: Revenue recognition for reimbursement grants occurs when eligibility requirements (including expenditure) are met.,When grant awarded; When cash received,"GASB 33 para 16, GASB 33 para 18"
FAR-MCQ-GOVE-0575,GASB 33: Revenue recognition for reimbursement grants occurs when eligibility requirements (including expenditure) are met.,When cash received; When grant awarded,"GASB 33 para 16, GASB 33 para 18"
FAR-MCQ-GOVE-0576,GASB 33: Revenue recognition for reimbursement grants occurs when eligibility requirements (including expenditure) are met.,When cash received; Ratably over grant period,"GASB 33 para 16, GASB 33 para 18"
FAR-MCQ-GOVE-0577,GASB 33: Revenue recognition for reimbursement grants occurs when eligibility requirements (including expenditure) are met.,When cash received; When grant awarded,"GASB 33 para 16, GASB 33 para 18"
FAR-MCQ-GOVE-0578,GASB 33: Revenue recognition for reimbursement grants occurs when eligibility requirements (including expenditure) are met.,Ratably over grant period; When grant awarded,"GASB 33 para 16, GASB 33 para 18"
FAR-MCQ-GOVE-0579,GASB 33: Revenue recognition for reimbursement grants occurs when eligibility requirements (including expenditure) are met.,When cash received; Ratably over grant period,"GASB 33 para 16, GASB 33 para 18"
FAR-MCQ-GOVE-0580,GASB 33: Revenue recognition for reimbursement grants occurs when eligibility requirements (including expenditure) are met.,When cash received; Ratably over grant period,"GASB 33 para 16, GASB 33 para 18"
FAR-MCQ-GOVE-0581,GASB 33: Revenue recognition for reimbursement grants occurs when eligibility requirements (including expenditure) are met.,Ratably over grant period; When cash received,"GASB 33 para 16, GASB 33 para 18"
FAR-MCQ-GOVE-0582,GASB 33: Revenue recognition for reimbursement grants occurs when eligibility requirements (including expenditure) are met.,When grant awarded; Ratably over grant period,"GASB 33 para 16, GASB 33 para 18"
FAR-MCQ-GOVE-0583,GASB 33: Revenue recognition for reimbursement grants occurs when eligibility requirements (including expenditure) are met.,When cash received; Ratably over grant period,"GASB 33 para 16, GASB 33 para 18"
FAR-MCQ-GOVE-0584,GASB 33: Revenue recognition for reimbursement grants occurs when eligibility requirements (including expenditure) are met.,When cash received; When grant awarded,"GASB 33 para 16, GASB 33 para 18"
FAR-MCQ-GOVE-0585,GASB 33: Revenue recognition for reimbursement grants occurs when eligibility requirements (including expenditure) are met.,Ratably over grant period; When grant awarded,"GASB 33 para 16, GASB 33 para 18"
FAR-MCQ-GOVE-0586,GASB 33: Revenue recognition for reimbursement grants occurs when eligibility requirements (including expenditure) are met.,Ratably over grant period; When cash received,"GASB 33 para 16, GASB 33 para 18"
FAR-MCQ-GOVE-0587,GASB 33: Revenue recognition for reimbursement grants occurs when eligibility requirements (including expenditure) are met.,When cash received; When grant awarded,"GASB 33 para 16, GASB 33 para 18"
FAR-MCQ-GOVE-0588,GASB 33: Revenue recognition for reimbursement grants occurs when eligibility requirements (including expenditure) are met.,When cash received; Ratably over grant period,"GASB 33 para 16, GASB 33 para 18"
FAR-MCQ-GOVE-0589,GASB 33: Revenue recognition for reimbursement grants occurs when eligibility requirements (including expenditure) are met.,Ratably over grant period; When cash received,"GASB 33 para 16, GASB 33 para 18"
FAR-MCQ-GOVE-0590,GASB 33: Revenue recognition for reimbursement grants occurs when eligibility requirements (including expenditure) are met.,When cash received; Ratably over grant period,"GASB 33 para 16, GASB 33 para 18"
FAR-MCQ-GOVE-0591,GASB 33: Revenue recognition for reimbursement grants occurs when eligibility requirements (including expenditure) are met.,When grant awarded; When cash received,"GASB 33 para 16, GASB 33 para 18"
FAR-MCQ-GOVE-0592,GASB 33: Revenue recognition for reimbursement grants occurs when eligibility requirements (including expenditure) are met.,When cash received; When grant awarded,"GASB 33 para 16, GASB 33 para 18"
FAR-MCQ-GOVE-0593,GASB 33: Revenue recognition for reimbursement grants occurs when eligibility requirements (including expenditure) are met.,When cash received; When grant awarded,"GASB 33 para 16, GASB 33 para 18"
FAR-MCQ-GOVE-0594,GASB 33: Revenue recognition for reimbursement grants occurs when eligibility requirements (including expenditure) are met.,When grant awarded; When cash received,"GASB 33 para 16, GASB 33 para 18"
FAR-MCQ-GOVE-0595,GASB 33: Revenue recognition for reimbursement grants occurs when eligibility requirements (including expenditure) are met.,Ratably over grant period; When grant awarded,"GASB 33 para 16, GASB 33 para 18"
FAR-MCQ-GOVE-0596,GASB 33: Revenue recognition for reimbursement grants occurs when eligibility requirements (including expenditure) are met.,When cash received; When grant awarded,"GASB 33 para 16, GASB 33 para 18"
FAR-MCQ-GOVE-0597,GASB 33: Revenue recognition for reimbursement grants occurs when eligibility requirements (including expenditure) are met.,Ratably over grant period; When grant awarded,"GASB 33 para 16, GASB 33 para 18"
FAR-MCQ-GOVE-0598,GASB 33: Revenue recognition for reimbursement grants occurs when eligibility requirements (including expenditure) are met.,When grant awarded; When cash received,"GASB 33 para 16, GASB 33 para 18"
FAR-MCQ-GOVE-0599,GASB 33: Revenue recognition for reimbursement grants occurs when eligibility requirements (including expenditure) are met.,Ratably over grant period; When cash received,"GASB 33 para 16, GASB 33 para 18"
FAR-MCQ-GOVE-0600,GASB 33: Revenue recognition for reimbursement grants occurs when eligibility requirements (including expenditure) are met.,When grant awarded; Ratably over grant period,"GASB 33 para 16, GASB 33 para 18"
FAR-MCQ-GOVE-0601,GASB 33: Revenue recognition for reimbursement grants occurs when eligibility requirements (including expenditure) are met.,Ratably over grant period; When grant awarded,"GASB 33 para 16, GASB 33 para 18"
FAR-MCQ-GOVE-0602,GASB 33: Revenue recognition for reimbursement grants occurs when eligibility requirements (including expenditure) are met.,When cash received; When grant awarded,"GASB 33 para 16, GASB 33 para 18"
FAR-MCQ-GOVE-0603,GASB 33: Revenue recognition for reimbursement grants occurs when eligibility requirements (including expenditure) are met.,When grant awarded; When cash received,"GASB 33 para 16, GASB 33 para 18"
FAR-MCQ-GOVE-0604,GASB 33: Revenue recognition for reimbursement grants occurs when eligibility requirements (including expenditure) are met.,Ratably over grant period; When cash received,"GASB 33 para 16, GASB 33 para 18"
FAR-MCQ-GOVE-0605,GASB 33: Revenue recognition for reimbursement grants occurs when eligibility requirements (including expenditure) are met.,When cash received; When grant awarded,"GASB 33 para 16, GASB 33 para 18"
FAR-MCQ-GOVE-0606,GASB 33: Revenue recognition for reimbursement grants occurs when eligibility requirements (including expenditure) are met.,Ratably over grant period; When cash received,"GASB 33 para 16, GASB 33 para 18"
FAR-MCQ-GOVE-0607,GASB 33: Revenue recognition for reimbursement grants occurs when eligibility requirements (including expenditure) are met.,When cash received; Ratably over grant period,"GASB 33 para 16, GASB 33 para 18"
FAR-MCQ-GOVE-0608,GASB 33: Revenue recognition for reimbursement grants occurs when eligibility requirements (including expenditure) are met.,When grant awarded; Ratably over grant period,"GASB 33 para 16, GASB 33 para 18"
FAR-MCQ-GOVE-0609,GASB 33: Revenue recognition for reimbursement grants occurs when eligibility requirements (including expenditure) are met.,When cash received; Ratably over grant period,"GASB 33 para 16, GASB 33 para 18"
FAR-MCQ-GOVE-0610,GASB 33: Revenue recognition for reimbursement grants occurs when eligibility requirements (including expenditure) are met.,When grant awarded; Ratably over grant period,"GASB 33 para 16, GASB 33 para 18"
FAR-MCQ-GOVE-0611,GASB 33: Revenue recognition for reimbursement grants occurs when eligibility requirements (including expenditure) are met.,When grant awarded; When cash received,"GASB 33 para 16, GASB 33 para 18"
FAR-MCQ-GOVE-0612,GASB 33: Revenue recognition for reimbursement grants occurs when eligibility requirements (including expenditure) are met.,When cash received; When grant awarded,"GASB 33 para 16, GASB 33 para 18"
FAR-MCQ-GOVE-0613,GASB 33: Revenue recognition for reimbursement grants occurs when eligibility requirements (including expenditure) are met.,When cash received; When grant awarded,"GASB 33 para 16, GASB 33 para 18"
FAR-MCQ-GOVE-0614,GASB 33: Revenue recognition for reimbursement grants occurs when eligibility requirements (including expenditure) are met.,Ratably over grant period; When cash received,"GASB 33 para 16, GASB 33 para 18"
FAR-MCQ-GOVE-0615,GASB 33: Revenue recognition for reimbursement grants occurs when eligibility requirements (including expenditure) are met.,When grant awarded; Ratably over grant period,"GASB 33 para 16, GASB 33 para 18"
FAR-MCQ-GOVE-0616,GASB 33: Revenue recognition for reimbursement grants occurs when eligibility requirements (including expenditure) are met.,When cash received; Ratably over grant period,"GASB 33 para 16, GASB 33 para 18"
FAR-MCQ-GOVE-0617,GASB 33: Revenue recognition for reimbursement grants occurs when eligibility requirements (including expenditure) are met.,When grant awarded; When cash received,"GASB 33 para 16, GASB 33 para 18"
FAR-MCQ-GOVE-0618,GASB 33: Revenue recognition for reimbursement grants occurs when eligibility requirements (including expenditure) are met.,Ratably over grant period; When grant awarded,"GASB 33 para 16, GASB 33 para 18"
FAR-MCQ-GOVE-0619,GASB 33: Revenue recognition for reimbursement grants occurs when eligibility requirements (including expenditure) are met.,When cash received; Ratably over grant period,"GASB 33 para 16, GASB 33 para 18"
FAR-MCQ-GOVE-0620,GASB 33: Revenue recognition for reimbursement grants occurs when eligibility requirements (including expenditure) are met.,When grant awarded; Ratably over grant period,"GASB 33 para 16, GASB 33 para 18"
FAR-MCQ-GOVE-0621,GASB 33: Revenue recognition for reimbursement grants occurs when eligibility requirements (including expenditure) are met.,Ratably over grant period; When grant awarded,"GASB 33 para 16, GASB 33 para 18"
FAR-MCQ-GOVE-0622,GASB 33: Revenue recognition for reimbursement grants occurs when eligibility requirements (including expenditure) are met.,When grant awarded; Ratably over grant period,"GASB 33 para 16, GASB 33 para 18"
FAR-MCQ-GOVE-0623,GASB 33: Revenue recognition for reimbursement grants occurs when eligibility requirements (including expenditure) are met.,When grant awarded; Ratably over grant period,"GASB 33 para 16, GASB 33 para 18"
FAR-MCQ-GOVE-0624,GASB 33: Revenue recognition for reimbursement grants occurs when eligibility requirements (including expenditure) are met.,Ratably over grant period; When cash received,"GASB 33 para 16, GASB 33 para 18"
FAR-MCQ-GOVE-0625,GASB 33: Revenue recognition for reimbursement grants occurs when eligibility requirements (including expenditure) are met.,Ratably over grant period; When grant awarded,"GASB 33 para 16, GASB 33 para 18"
FAR-MCQ-GOVE-0626,GASB 33: Revenue recognition for reimbursement grants occurs when eligibility requirements (including expenditure) are met.,When grant awarded; Ratably over grant period,"GASB 33 para 16, GASB 33 para 18"
FAR-MCQ-GOVE-0627,GASB 33: Revenue recognition for reimbursement grants occurs when eligibility requirements (including expenditure) are met.,When grant awarded; Ratably over grant period,"GASB 33 para 16, GASB 33 para 18"
FAR-MCQ-GOVE-0628,GASB 33: Revenue recognition for reimbursement grants occurs when eligibility requirements (including expenditure) are met.,When grant awarded; Ratably over grant period,"GASB 33 para 16, GASB 33 para 18"
FAR-MCQ-GOVE-0629,GASB 33: Revenue recognition for reimbursement grants occurs when eligibility requirements (including expenditure) are met.,Ratably over grant period; When grant awarded,"GASB 33 para 16, GASB 33 para 18"
FAR-MCQ-GOVE-0630,GASB 33: Revenue recognition for reimbursement grants occurs when eligibility requirements (including expenditure) are met.,When grant awarded; Ratably over grant period,"GASB 33 para 16, GASB 33 para 18"
FAR-MCQ-GOVE-0631,GASB 33: Revenue recognition for reimbursement grants occurs when eligibility requirements (including expenditure) are met.,Ratably over grant period; When grant awarded,"GASB 33 para 16, GASB 33 para 18"
FAR-MCQ-GOVE-0632,GASB 33: Revenue recognition for reimbursement grants occurs when eligibility requirements (including expenditure) are met.,When cash received; Ratably over grant period,"GASB 33 para 16, GASB 33 para 18"
FAR-MCQ-GOVE-0633,GASB 33: Revenue recognition for reimbursement grants occurs when eligibility requirements (including expenditure) are met.,When grant awarded; When cash received,"GASB 33 para 16, GASB 33 para 18"
FAR-MCQ-GOVE-0634,GASB 33: Revenue recognition for reimbursement grants occurs when eligibility requirements (including expenditure) are met.,When cash received; When grant awarded,"GASB 33 para 16, GASB 33 para 18"
FAR-MCQ-GOVE-0635,GASB 33: Revenue recognition for reimbursement grants occurs when eligibility requirements (including expenditure) are met.,When grant awarded; Ratably over grant period,"GASB 33 para 16, GASB 33 para 18"
FAR-MCQ-GOVE-0636,GASB 33: Revenue recognition for reimbursement grants occurs when eligibility requirements (including expenditure) are met.,When grant awarded; Ratably over grant period,"GASB 33 para 16, GASB 33 para 18"
FAR-MCQ-GOVE-0637,GASB 33: Revenue recognition for reimbursement grants occurs when eligibility requirements (including expenditure) are met.,When cash received; When grant awarded,"GASB 33 para 16, GASB 33 para 18"
FAR-MCQ-GOVE-0638,GASB 33: Revenue recognition for reimbursement grants occurs when eligibility requirements (including expenditure) are met.,When grant awarded; When cash received,"GASB 33 para 16, GASB 33 para 18"
FAR-MCQ-GOVE-0639,GASB 33: Revenue recognition for reimbursement grants occurs when eligibility requirements (including expenditure) are met.,Ratably over grant period; When cash received,"GASB 33 para 16, GASB 33 para 18"
FAR-MCQ-GOVE-0640,GASB 33: Revenue recognition for reimbursement grants occurs when eligibility requirements (including expenditure) are met.,When cash received; When grant awarded,"GASB 33 para 16, GASB 33 para 18"
FAR-MCQ-GOVE-0641,GASB 33: Revenue recognition for reimbursement grants occurs when eligibility requirements (including expenditure) are met.,When cash received; When grant awarded,"GASB 33 para 16, GASB 33 para 18"
FAR-MCQ-GOVE-0642,GASB 33: Revenue recognition for reimbursement grants occurs when eligibility requirements (including expenditure) are met.,When grant awarded; When cash received,"GASB 33 para 16, GASB 33 para 18"
FAR-MCQ-GOVE-0643,GASB 33: Revenue recognition for reimbursement grants occurs when eligibility requirements (including expenditure) are met.,When grant awarded; Ratably over grant period,"GASB 33 para 16, GASB 33 para 18"
FAR-MCQ-GOVE-0644,GASB 33: Revenue recognition for reimbursement grants occurs when eligibility requirements (including expenditure) are met.,When grant awarded; When cash received,"GASB 33 para 16, GASB 33 para 18"
FAR-MCQ-GOVE-0645,GASB 33: Revenue recognition for reimbursement grants occurs when eligibility requirements (including expenditure) are met.,Ratably over grant period; When grant awarded,"GASB 33 para 16, GASB 33 para 18"
FAR-MCQ-GOVE-0646,GASB 33: Revenue recognition for reimbursement grants occurs when eligibility requirements (including expenditure) are met.,Ratably over grant period; When grant awarded,"GASB 33 para 16, GASB 33 para 18"
FAR-MCQ-GOVE-0647,GASB 33: Revenue recognition for reimbursement grants occurs when eligibility requirements (including expenditure) are met.,Ratably over grant period; When grant awarded,"GASB 33 para 16, GASB 33 para 18"
FAR-MCQ-GOVE-0648,GASB 33: Revenue recognition for reimbursement grants occurs when eligibility requirements (including expenditure) are met.,When cash received; When grant awarded,"GASB 33 para 16, GASB 33 para 18"
