id,why_correct,why_others_wrong,cites
AUD-MCQ-ETHI-0001,ET 1.295 prohibits services where CPA makes management decisions for audit clients. This creates self-review threat.,"No, if pre-approved by audit committee; No, if fee is less than 10% of total fees","ET 1.295.030, ET 1.295.040"
AUD-MCQ-ETHI-0002,AICPA Code 1.200.001 prohibits direct financial interests regardless of materiality. CFO ownership in audit firm creates impermissible direct interest.,No violation - ownership under 50%; Indirect financial interest - independence not impaired if immaterial,"ET 1.200.001, ET 1.110.010"
AUD-MCQ-ETHI-0003,AICPA Code 1.200.001 prohibits direct financial interests regardless of materiality. CFO ownership in audit firm creates impermissible direct interest.,Indirect financial interest - independence not impaired if immaterial; Contingent fee arrangement violation,"ET 1.200.001, ET 1.110.010"
AUD-MCQ-ETHI-0004,AICPA Code 1.200.001 prohibits direct financial interests regardless of materiality. CFO ownership in audit firm creates impermissible direct interest.,No violation - ownership under 50%; Contingent fee arrangement violation,"ET 1.200.001, ET 1.110.010"
AUD-MCQ-ETHI-0005,ET 1.295 prohibits services where CPA makes management decisions for audit clients. This creates self-review threat.,"No, if fee is less than 10% of total fees; No, if pre-approved by audit committee","ET 1.295.030, ET 1.295.040"
AUD-MCQ-ETHI-0006,ET 1.295 prohibits services where CPA makes management decisions for audit clients. This creates self-review threat.,"Only impaired for public companies; No, if fee is less than 10% of total fees","ET 1.295.030, ET 1.295.040"
AUD-MCQ-ETHI-0007,ET 1.295 prohibits services where CPA makes management decisions for audit clients. This creates self-review threat.,"No, if pre-approved by audit committee; No, if fee is less than 10% of total fees","ET 1.295.030, ET 1.295.040"
AUD-MCQ-ETHI-0008,AICPA Code 1.200.001 prohibits direct financial interests regardless of materiality. CFO ownership in audit firm creates impermissible direct interest.,Indirect financial interest - independence not impaired if immaterial; Contingent fee arrangement violation,"ET 1.200.001, ET 1.110.010"
AUD-MCQ-ETHI-0009,ET 1.295 prohibits services where CPA makes management decisions for audit clients. This creates self-review threat.,"No, if pre-approved by audit committee; Only impaired for public companies","ET 1.295.030, ET 1.295.040"
AUD-MCQ-ETHI-0010,AICPA Code 1.200.001 prohibits direct financial interests regardless of materiality. CFO ownership in audit firm creates impermissible direct interest.,Indirect financial interest - independence not impaired if immaterial; Contingent fee arrangement violation,"ET 1.200.001, ET 1.110.010"
AUD-MCQ-ETHI-0011,AICPA Code 1.200.001 prohibits direct financial interests regardless of materiality. CFO ownership in audit firm creates impermissible direct interest.,Contingent fee arrangement violation; Indirect financial interest - independence not impaired if immaterial,"ET 1.200.001, ET 1.110.010"
AUD-MCQ-ETHI-0012,ET 1.295 prohibits services where CPA makes management decisions for audit clients. This creates self-review threat.,"No, if pre-approved by audit committee; Only impaired for public companies","ET 1.295.030, ET 1.295.040"
AUD-MCQ-ETHI-0013,ET 1.295 prohibits services where CPA makes management decisions for audit clients. This creates self-review threat.,"Only impaired for public companies; No, if pre-approved by audit committee","ET 1.295.030, ET 1.295.040"
AUD-MCQ-ETHI-0014,AICPA Code 1.200.001 prohibits direct financial interests regardless of materiality. CFO ownership in audit firm creates impermissible direct interest.,Indirect financial interest - independence not impaired if immaterial; Contingent fee arrangement violation,"ET 1.200.001, ET 1.110.010"
AUD-MCQ-ETHI-0015,AICPA Code 1.200.001 prohibits direct financial interests regardless of materiality. CFO ownership in audit firm creates impermissible direct interest.,Contingent fee arrangement violation; No violation - ownership under 50%,"ET 1.200.001, ET 1.110.010"
AUD-MCQ-ETHI-0016,ET 1.295 prohibits services where CPA makes management decisions for audit clients. This creates self-review threat.,"Only impaired for public companies; No, if pre-approved by audit committee","ET 1.295.030, ET 1.295.040"
AUD-MCQ-ETHI-0017,ET 1.295 prohibits services where CPA makes management decisions for audit clients. This creates self-review threat.,"No, if fee is less than 10% of total fees; No, if pre-approved by audit committee","ET 1.295.030, ET 1.295.040"
AUD-MCQ-ETHI-0018,AICPA Code 1.200.001 prohibits direct financial interests regardless of materiality. CFO ownership in audit firm creates impermissible direct interest.,Indirect financial interest - independence not impaired if immaterial; No violation - ownership under 50%,"ET 1.200.001, ET 1.110.010"
AUD-MCQ-ETHI-0019,ET 1.295 prohibits services where CPA makes management decisions for audit clients. This creates self-review threat.,"Only impaired for public companies; No, if pre-approved by audit committee","ET 1.295.030, ET 1.295.040"
AUD-MCQ-ETHI-0020,ET 1.295 prohibits services where CPA makes management decisions for audit clients. This creates self-review threat.,"Only impaired for public companies; No, if pre-approved by audit committee","ET 1.295.030, ET 1.295.040"
AUD-MCQ-ETHI-0021,AICPA Code 1.200.001 prohibits direct financial interests regardless of materiality. CFO ownership in audit firm creates impermissible direct interest.,Indirect financial interest - independence not impaired if immaterial; Contingent fee arrangement violation,"ET 1.200.001, ET 1.110.010"
AUD-MCQ-ETHI-0022,AICPA Code 1.200.001 prohibits direct financial interests regardless of materiality. CFO ownership in audit firm creates impermissible direct interest.,Contingent fee arrangement violation; No violation - ownership under 50%,"ET 1.200.001, ET 1.110.010"
AUD-MCQ-ETHI-0023,ET 1.295 prohibits services where CPA makes management decisions for audit clients. This creates self-review threat.,"No, if fee is less than 10% of total fees; No, if pre-approved by audit committee","ET 1.295.030, ET 1.295.040"
AUD-MCQ-ETHI-0024,AICPA Code 1.200.001 prohibits direct financial interests regardless of materiality. CFO ownership in audit firm creates impermissible direct interest.,Indirect financial interest - independence not impaired if immaterial; Contingent fee arrangement violation,"ET 1.200.001, ET 1.110.010"
AUD-MCQ-ETHI-0025,ET 1.295 prohibits services where CPA makes management decisions for audit clients. This creates self-review threat.,"Only impaired for public companies; No, if fee is less than 10% of total fees","ET 1.295.030, ET 1.295.040"
AUD-MCQ-ETHI-0026,ET 1.295 prohibits services where CPA makes management decisions for audit clients. This creates self-review threat.,"Only impaired for public companies; No, if fee is less than 10% of total fees","ET 1.295.030, ET 1.295.040"
AUD-MCQ-ETHI-0027,AICPA Code 1.200.001 prohibits direct financial interests regardless of materiality. CFO ownership in audit firm creates impermissible direct interest.,Indirect financial interest - independence not impaired if immaterial; No violation - ownership under 50%,"ET 1.200.001, ET 1.110.010"
AUD-MCQ-ETHI-0028,ET 1.295 prohibits services where CPA makes management decisions for audit clients. This creates self-review threat.,"Only impaired for public companies; No, if fee is less than 10% of total fees","ET 1.295.030, ET 1.295.040"
AUD-MCQ-ETHI-0029,ET 1.295 prohibits services where CPA makes management decisions for audit clients. This creates self-review threat.,"Only impaired for public companies; No, if pre-approved by audit committee","ET 1.295.030, ET 1.295.040"
AUD-MCQ-ETHI-0030,ET 1.295 prohibits services where CPA makes management decisions for audit clients. This creates self-review threat.,"Only impaired for public companies; No, if pre-approved by audit committee","ET 1.295.030, ET 1.295.040"
AUD-MCQ-ETHI-0031,AICPA Code 1.200.001 prohibits direct financial interests regardless of materiality. CFO ownership in audit firm creates impermissible direct interest.,Indirect financial interest - independence not impaired if immaterial; No violation - ownership under 50%,"ET 1.200.001, ET 1.110.010"
AUD-MCQ-ETHI-0032,ET 1.295 prohibits services where CPA makes management decisions for audit clients. This creates self-review threat.,"Only impaired for public companies; No, if fee is less than 10% of total fees","ET 1.295.030, ET 1.295.040"
AUD-MCQ-ETHI-0033,ET 1.295 prohibits services where CPA makes management decisions for audit clients. This creates self-review threat.,"Only impaired for public companies; No, if fee is less than 10% of total fees","ET 1.295.030, ET 1.295.040"
AUD-MCQ-ETHI-0034,ET 1.295 prohibits services where CPA makes management decisions for audit clients. This creates self-review threat.,"Only impaired for public companies; No, if pre-approved by audit committee","ET 1.295.030, ET 1.295.040"
AUD-MCQ-ETHI-0035,AICPA Code 1.200.001 prohibits direct financial interests regardless of materiality. CFO ownership in audit firm creates impermissible direct interest.,No violation - ownership under 50%; Contingent fee arrangement violation,"ET 1.200.001, ET 1.110.010"
AUD-MCQ-ETHI-0036,ET 1.295 prohibits services where CPA makes management decisions for audit clients. This creates self-review threat.,"Only impaired for public companies; No, if pre-approved by audit committee","ET 1.295.030, ET 1.295.040"
AUD-MCQ-ETHI-0037,ET 1.295 prohibits services where CPA makes management decisions for audit clients. This creates self-review threat.,"Only impaired for public companies; No, if pre-approved by audit committee","ET 1.295.030, ET 1.295.040"
AUD-MCQ-ETHI-0038,ET 1.295 prohibits services where CPA makes management decisions for audit clients. This creates self-review threat.,"No, if pre-approved by audit committee; No, if fee is less than 10% of total fees","ET 1.295.030, ET 1.295.040"
AUD-MCQ-ETHI-0039,AICPA Code 1.200.001 prohibits direct financial interests regardless of materiality. CFO ownership in audit firm creates impermissible direct interest.,No violation - ownership under 50%; Indirect financial interest - independence not impaired if immaterial,"ET 1.200.001, ET 1.110.010"
AUD-MCQ-ETHI-0040,AICPA Code 1.200.001 prohibits direct financial interests regardless of materiality. CFO ownership in audit firm creates impermissible direct interest.,No violation - ownership under 50%; Indirect financial interest - independence not impaired if immaterial,"ET 1.200.001, ET 1.110.010"
AUD-MCQ-ETHI-0041,AICPA Code 1.200.001 prohibits direct financial interests regardless of materiality. CFO ownership in audit firm creates impermissible direct interest.,Indirect financial interest - independence not impaired if immaterial; Contingent fee arrangement violation,"ET 1.200.001, ET 1.110.010"
AUD-MCQ-ETHI-0042,AICPA Code 1.200.001 prohibits direct financial interests regardless of materiality. CFO ownership in audit firm creates impermissible direct interest.,Indirect financial interest - independence not impaired if immaterial; No violation - ownership under 50%,"ET 1.200.001, ET 1.110.010"
AUD-MCQ-ETHI-0043,AICPA Code 1.200.001 prohibits direct financial interests regardless of materiality. CFO ownership in audit firm creates impermissible direct interest.,Contingent fee arrangement violation; Indirect financial interest - independence not impaired if immaterial,"ET 1.200.001, ET 1.110.010"
AUD-MCQ-ETHI-0044,ET 1.295 prohibits services where CPA makes management decisions for audit clients. This creates self-review threat.,"Only impaired for public companies; No, if pre-approved by audit committee","ET 1.295.030, ET 1.295.040"
AUD-MCQ-ETHI-0045,ET 1.295 prohibits services where CPA makes management decisions for audit clients. This creates self-review threat.,"No, if pre-approved by audit committee; Only impaired for public companies","ET 1.295.030, ET 1.295.040"
AUD-MCQ-ETHI-0046,ET 1.295 prohibits services where CPA makes management decisions for audit clients. This creates self-review threat.,"Only impaired for public companies; No, if pre-approved by audit committee","ET 1.295.030, ET 1.295.040"
AUD-MCQ-ETHI-0047,AICPA Code 1.200.001 prohibits direct financial interests regardless of materiality. CFO ownership in audit firm creates impermissible direct interest.,Contingent fee arrangement violation; No violation - ownership under 50%,"ET 1.200.001, ET 1.110.010"
AUD-MCQ-ETHI-0048,AICPA Code 1.200.001 prohibits direct financial interests regardless of materiality. CFO ownership in audit firm creates impermissible direct interest.,Contingent fee arrangement violation; Indirect financial interest - independence not impaired if immaterial,"ET 1.200.001, ET 1.110.010"
AUD-MCQ-ETHI-0049,AICPA Code 1.200.001 prohibits direct financial interests regardless of materiality. CFO ownership in audit firm creates impermissible direct interest.,Contingent fee arrangement violation; No violation - ownership under 50%,"ET 1.200.001, ET 1.110.010"
AUD-MCQ-ETHI-0050,ET 1.295 prohibits services where CPA makes management decisions for audit clients. This creates self-review threat.,"No, if pre-approved by audit committee; No, if fee is less than 10% of total fees","ET 1.295.030, ET 1.295.040"
AUD-MCQ-ETHI-0051,AICPA Code 1.200.001 prohibits direct financial interests regardless of materiality. CFO ownership in audit firm creates impermissible direct interest.,Contingent fee arrangement violation; Indirect financial interest - independence not impaired if immaterial,"ET 1.200.001, ET 1.110.010"
AUD-MCQ-ETHI-0052,AICPA Code 1.200.001 prohibits direct financial interests regardless of materiality. CFO ownership in audit firm creates impermissible direct interest.,No violation - ownership under 50%; Contingent fee arrangement violation,"ET 1.200.001, ET 1.110.010"
AUD-MCQ-ETHI-0053,ET 1.295 prohibits services where CPA makes management decisions for audit clients. This creates self-review threat.,"No, if pre-approved by audit committee; No, if fee is less than 10% of total fees","ET 1.295.030, ET 1.295.040"
AUD-MCQ-ETHI-0054,ET 1.295 prohibits services where CPA makes management decisions for audit clients. This creates self-review threat.,"No, if pre-approved by audit committee; No, if fee is less than 10% of total fees","ET 1.295.030, ET 1.295.040"
AUD-MCQ-ETHI-0055,AICPA Code 1.200.001 prohibits direct financial interests regardless of materiality. CFO ownership in audit firm creates impermissible direct interest.,No violation - ownership under 50%; Contingent fee arrangement violation,"ET 1.200.001, ET 1.110.010"
AUD-MCQ-ETHI-0056,AICPA Code 1.200.001 prohibits direct financial interests regardless of materiality. CFO ownership in audit firm creates impermissible direct interest.,No violation - ownership under 50%; Contingent fee arrangement violation,"ET 1.200.001, ET 1.110.010"
AUD-MCQ-ETHI-0057,ET 1.295 prohibits services where CPA makes management decisions for audit clients. This creates self-review threat.,"No, if pre-approved by audit committee; No, if fee is less than 10% of total fees","ET 1.295.030, ET 1.295.040"
AUD-MCQ-ETHI-0058,ET 1.295 prohibits services where CPA makes management decisions for audit clients. This creates self-review threat.,"Only impaired for public companies; No, if fee is less than 10% of total fees","ET 1.295.030, ET 1.295.040"
AUD-MCQ-ETHI-0059,AICPA Code 1.200.001 prohibits direct financial interests regardless of materiality. CFO ownership in audit firm creates impermissible direct interest.,No violation - ownership under 50%; Contingent fee arrangement violation,"ET 1.200.001, ET 1.110.010"
AUD-MCQ-ETHI-0060,AICPA Code 1.200.001 prohibits direct financial interests regardless of materiality. CFO ownership in audit firm creates impermissible direct interest.,No violation - ownership under 50%; Contingent fee arrangement violation,"ET 1.200.001, ET 1.110.010"
AUD-MCQ-ETHI-0061,AICPA Code 1.200.001 prohibits direct financial interests regardless of materiality. CFO ownership in audit firm creates impermissible direct interest.,No violation - ownership under 50%; Indirect financial interest - independence not impaired if immaterial,"ET 1.200.001, ET 1.110.010"
AUD-MCQ-ETHI-0062,AICPA Code 1.200.001 prohibits direct financial interests regardless of materiality. CFO ownership in audit firm creates impermissible direct interest.,Contingent fee arrangement violation; No violation - ownership under 50%,"ET 1.200.001, ET 1.110.010"
AUD-MCQ-ETHI-0063,ET 1.295 prohibits services where CPA makes management decisions for audit clients. This creates self-review threat.,"No, if pre-approved by audit committee; Only impaired for public companies","ET 1.295.030, ET 1.295.040"
AUD-MCQ-ETHI-0064,AICPA Code 1.200.001 prohibits direct financial interests regardless of materiality. CFO ownership in audit firm creates impermissible direct interest.,No violation - ownership under 50%; Indirect financial interest - independence not impaired if immaterial,"ET 1.200.001, ET 1.110.010"
AUD-MCQ-ETHI-0065,ET 1.295 prohibits services where CPA makes management decisions for audit clients. This creates self-review threat.,"No, if pre-approved by audit committee; No, if fee is less than 10% of total fees","ET 1.295.030, ET 1.295.040"
AUD-MCQ-ETHI-0066,ET 1.295 prohibits services where CPA makes management decisions for audit clients. This creates self-review threat.,"Only impaired for public companies; No, if pre-approved by audit committee","ET 1.295.030, ET 1.295.040"
AUD-MCQ-ETHI-0067,AICPA Code 1.200.001 prohibits direct financial interests regardless of materiality. CFO ownership in audit firm creates impermissible direct interest.,Indirect financial interest - independence not impaired if immaterial; No violation - ownership under 50%,"ET 1.200.001, ET 1.110.010"
AUD-MCQ-ETHI-0068,AICPA Code 1.200.001 prohibits direct financial interests regardless of materiality. CFO ownership in audit firm creates impermissible direct interest.,Indirect financial interest - independence not impaired if immaterial; No violation - ownership under 50%,"ET 1.200.001, ET 1.110.010"
AUD-MCQ-ETHI-0069,ET 1.295 prohibits services where CPA makes management decisions for audit clients. This creates self-review threat.,"No, if fee is less than 10% of total fees; No, if pre-approved by audit committee","ET 1.295.030, ET 1.295.040"
AUD-MCQ-ETHI-0070,ET 1.295 prohibits services where CPA makes management decisions for audit clients. This creates self-review threat.,"Only impaired for public companies; No, if pre-approved by audit committee","ET 1.295.030, ET 1.295.040"
AUD-MCQ-ETHI-0071,ET 1.295 prohibits services where CPA makes management decisions for audit clients. This creates self-review threat.,"No, if pre-approved by audit committee; Only impaired for public companies","ET 1.295.030, ET 1.295.040"
AUD-MCQ-ETHI-0072,ET 1.295 prohibits services where CPA makes management decisions for audit clients. This creates self-review threat.,"Only impaired for public companies; No, if pre-approved by audit committee","ET 1.295.030, ET 1.295.040"
AUD-MCQ-ETHI-0073,AICPA Code 1.200.001 prohibits direct financial interests regardless of materiality. CFO ownership in audit firm creates impermissible direct interest.,Indirect financial interest - independence not impaired if immaterial; Contingent fee arrangement violation,"ET 1.200.001, ET 1.110.010"
AUD-MCQ-ETHI-0074,ET 1.295 prohibits services where CPA makes management decisions for audit clients. This creates self-review threat.,"No, if pre-approved by audit committee; No, if fee is less than 10% of total fees","ET 1.295.030, ET 1.295.040"
AUD-MCQ-ETHI-0075,ET 1.295 prohibits services where CPA makes management decisions for audit clients. This creates self-review threat.,"No, if pre-approved by audit committee; Only impaired for public companies","ET 1.295.030, ET 1.295.040"
AUD-MCQ-ETHI-0076,AICPA Code 1.200.001 prohibits direct financial interests regardless of materiality. CFO ownership in audit firm creates impermissible direct interest.,Contingent fee arrangement violation; No violation - ownership under 50%,"ET 1.200.001, ET 1.110.010"
AUD-MCQ-ETHI-0077,ET 1.295 prohibits services where CPA makes management decisions for audit clients. This creates self-review threat.,"No, if fee is less than 10% of total fees; No, if pre-approved by audit committee","ET 1.295.030, ET 1.295.040"
AUD-MCQ-ETHI-0078,AICPA Code 1.200.001 prohibits direct financial interests regardless of materiality. CFO ownership in audit firm creates impermissible direct interest.,No violation - ownership under 50%; Contingent fee arrangement violation,"ET 1.200.001, ET 1.110.010"
AUD-MCQ-ETHI-0079,AICPA Code 1.200.001 prohibits direct financial interests regardless of materiality. CFO ownership in audit firm creates impermissible direct interest.,Contingent fee arrangement violation; Indirect financial interest - independence not impaired if immaterial,"ET 1.200.001, ET 1.110.010"
AUD-MCQ-ETHI-0080,ET 1.295 prohibits services where CPA makes management decisions for audit clients. This creates self-review threat.,"No, if pre-approved by audit committee; Only impaired for public companies","ET 1.295.030, ET 1.295.040"
AUD-MCQ-ETHI-0081,ET 1.295 prohibits services where CPA makes management decisions for audit clients. This creates self-review threat.,"Only impaired for public companies; No, if pre-approved by audit committee","ET 1.295.030, ET 1.295.040"
AUD-MCQ-ETHI-0082,ET 1.295 prohibits services where CPA makes management decisions for audit clients. This creates self-review threat.,"Only impaired for public companies; No, if pre-approved by audit committee","ET 1.295.030, ET 1.295.040"
AUD-MCQ-ETHI-0083,AICPA Code 1.200.001 prohibits direct financial interests regardless of materiality. CFO ownership in audit firm creates impermissible direct interest.,Contingent fee arrangement violation; No violation - ownership under 50%,"ET 1.200.001, ET 1.110.010"
AUD-MCQ-ETHI-0084,AICPA Code 1.200.001 prohibits direct financial interests regardless of materiality. CFO ownership in audit firm creates impermissible direct interest.,No violation - ownership under 50%; Contingent fee arrangement violation,"ET 1.200.001, ET 1.110.010"
AUD-MCQ-ETHI-0085,AICPA Code 1.200.001 prohibits direct financial interests regardless of materiality. CFO ownership in audit firm creates impermissible direct interest.,No violation - ownership under 50%; Contingent fee arrangement violation,"ET 1.200.001, ET 1.110.010"
AUD-MCQ-ETHI-0086,AICPA Code 1.200.001 prohibits direct financial interests regardless of materiality. CFO ownership in audit firm creates impermissible direct interest.,Contingent fee arrangement violation; No violation - ownership under 50%,"ET 1.200.001, ET 1.110.010"
AUD-MCQ-ETHI-0087,AICPA Code 1.200.001 prohibits direct financial interests regardless of materiality. CFO ownership in audit firm creates impermissible direct interest.,Contingent fee arrangement violation; No violation - ownership under 50%,"ET 1.200.001, ET 1.110.010"
AUD-MCQ-ETHI-0088,ET 1.295 prohibits services where CPA makes management decisions for audit clients. This creates self-review threat.,"No, if fee is less than 10% of total fees; Only impaired for public companies","ET 1.295.030, ET 1.295.040"
AUD-MCQ-ETHI-0089,ET 1.295 prohibits services where CPA makes management decisions for audit clients. This creates self-review threat.,"Only impaired for public companies; No, if pre-approved by audit committee","ET 1.295.030, ET 1.295.040"
AUD-MCQ-ETHI-0090,AICPA Code 1.200.001 prohibits direct financial interests regardless of materiality. CFO ownership in audit firm creates impermissible direct interest.,No violation - ownership under 50%; Contingent fee arrangement violation,"ET 1.200.001, ET 1.110.010"
AUD-MCQ-ETHI-0091,AICPA Code 1.200.001 prohibits direct financial interests regardless of materiality. CFO ownership in audit firm creates impermissible direct interest.,Contingent fee arrangement violation; No violation - ownership under 50%,"ET 1.200.001, ET 1.110.010"
AUD-MCQ-ETHI-0092,ET 1.295 prohibits services where CPA makes management decisions for audit clients. This creates self-review threat.,"Only impaired for public companies; No, if fee is less than 10% of total fees","ET 1.295.030, ET 1.295.040"
AUD-MCQ-ETHI-0093,AICPA Code 1.200.001 prohibits direct financial interests regardless of materiality. CFO ownership in audit firm creates impermissible direct interest.,Contingent fee arrangement violation; Indirect financial interest - independence not impaired if immaterial,"ET 1.200.001, ET 1.110.010"
AUD-MCQ-ETHI-0094,AICPA Code 1.200.001 prohibits direct financial interests regardless of materiality. CFO ownership in audit firm creates impermissible direct interest.,No violation - ownership under 50%; Indirect financial interest - independence not impaired if immaterial,"ET 1.200.001, ET 1.110.010"
AUD-MCQ-ETHI-0095,ET 1.295 prohibits services where CPA makes management decisions for audit clients. This creates self-review threat.,"No, if fee is less than 10% of total fees; No, if pre-approved by audit committee","ET 1.295.030, ET 1.295.040"
AUD-MCQ-ETHI-0096,AICPA Code 1.200.001 prohibits direct financial interests regardless of materiality. CFO ownership in audit firm creates impermissible direct interest.,Contingent fee arrangement violation; Indirect financial interest - independence not impaired if immaterial,"ET 1.200.001, ET 1.110.010"
AUD-MCQ-ETHI-0097,ET 1.295 prohibits services where CPA makes management decisions for audit clients. This creates self-review threat.,"No, if fee is less than 10% of total fees; No, if pre-approved by audit committee","ET 1.295.030, ET 1.295.040"
AUD-MCQ-ETHI-0098,ET 1.295 prohibits services where CPA makes management decisions for audit clients. This creates self-review threat.,"No, if pre-approved by audit committee; No, if fee is less than 10% of total fees","ET 1.295.030, ET 1.295.040"
AUD-MCQ-ETHI-0099,AICPA Code 1.200.001 prohibits direct financial interests regardless of materiality. CFO ownership in audit firm creates impermissible direct interest.,Indirect financial interest - independence not impaired if immaterial; Contingent fee arrangement violation,"ET 1.200.001, ET 1.110.010"
AUD-MCQ-ETHI-0100,AICPA Code 1.200.001 prohibits direct financial interests regardless of materiality. CFO ownership in audit firm creates impermissible direct interest.,No violation - ownership under 50%; Contingent fee arrangement violation,"ET 1.200.001, ET 1.110.010"
AUD-MCQ-ETHI-0101,ET 1.295 prohibits services where CPA makes management decisions for audit clients. This creates self-review threat.,"No, if fee is less than 10% of total fees; Only impaired for public companies","ET 1.295.030, ET 1.295.040"
AUD-MCQ-ETHI-0102,AICPA Code 1.200.001 prohibits direct financial interests regardless of materiality. CFO ownership in audit firm creates impermissible direct interest.,Contingent fee arrangement violation; No violation - ownership under 50%,"ET 1.200.001, ET 1.110.010"
AUD-MCQ-ETHI-0103,ET 1.295 prohibits services where CPA makes management decisions for audit clients. This creates self-review threat.,"No, if fee is less than 10% of total fees; No, if pre-approved by audit committee","ET 1.295.030, ET 1.295.040"
AUD-MCQ-ETHI-0104,AICPA Code 1.200.001 prohibits direct financial interests regardless of materiality. CFO ownership in audit firm creates impermissible direct interest.,Indirect financial interest - independence not impaired if immaterial; Contingent fee arrangement violation,"ET 1.200.001, ET 1.110.010"
AUD-MCQ-ETHI-0105,ET 1.295 prohibits services where CPA makes management decisions for audit clients. This creates self-review threat.,"No, if pre-approved by audit committee; Only impaired for public companies","ET 1.295.030, ET 1.295.040"
AUD-MCQ-ETHI-0106,ET 1.295 prohibits services where CPA makes management decisions for audit clients. This creates self-review threat.,"No, if pre-approved by audit committee; Only impaired for public companies","ET 1.295.030, ET 1.295.040"
AUD-MCQ-ETHI-0107,ET 1.295 prohibits services where CPA makes management decisions for audit clients. This creates self-review threat.,"No, if fee is less than 10% of total fees; No, if pre-approved by audit committee","ET 1.295.030, ET 1.295.040"
AUD-MCQ-ETHI-0108,AICPA Code 1.200.001 prohibits direct financial interests regardless of materiality. CFO ownership in audit firm creates impermissible direct interest.,Indirect financial interest - independence not impaired if immaterial; No violation - ownership under 50%,"ET 1.200.001, ET 1.110.010"
AUD-MCQ-ETHI-0109,AICPA Code 1.200.001 prohibits direct financial interests regardless of materiality. CFO ownership in audit firm creates impermissible direct interest.,No violation - ownership under 50%; Indirect financial interest - independence not impaired if immaterial,"ET 1.200.001, ET 1.110.010"
AUD-MCQ-ETHI-0110,AICPA Code 1.200.001 prohibits direct financial interests regardless of materiality. CFO ownership in audit firm creates impermissible direct interest.,No violation - ownership under 50%; Indirect financial interest - independence not impaired if immaterial,"ET 1.200.001, ET 1.110.010"
AUD-MCQ-ETHI-0111,ET 1.295 prohibits services where CPA makes management decisions for audit clients. This creates self-review threat.,"Only impaired for public companies; No, if fee is less than 10% of total fees","ET 1.295.030, ET 1.295.040"
AUD-MCQ-ETHI-0112,ET 1.295 prohibits services where CPA makes management decisions for audit clients. This creates self-review threat.,"No, if fee is less than 10% of total fees; Only impaired for public companies","ET 1.295.030, ET 1.295.040"
AUD-MCQ-ETHI-0113,ET 1.295 prohibits services where CPA makes management decisions for audit clients. This creates self-review threat.,"No, if fee is less than 10% of total fees; Only impaired for public companies","ET 1.295.030, ET 1.295.040"
AUD-MCQ-ETHI-0114,AICPA Code 1.200.001 prohibits direct financial interests regardless of materiality. CFO ownership in audit firm creates impermissible direct interest.,No violation - ownership under 50%; Contingent fee arrangement violation,"ET 1.200.001, ET 1.110.010"
AUD-MCQ-ETHI-0115,ET 1.295 prohibits services where CPA makes management decisions for audit clients. This creates self-review threat.,"Only impaired for public companies; No, if pre-approved by audit committee","ET 1.295.030, ET 1.295.040"
AUD-MCQ-ETHI-0116,AICPA Code 1.200.001 prohibits direct financial interests regardless of materiality. CFO ownership in audit firm creates impermissible direct interest.,Indirect financial interest - independence not impaired if immaterial; Contingent fee arrangement violation,"ET 1.200.001, ET 1.110.010"
AUD-MCQ-ETHI-0117,AICPA Code 1.200.001 prohibits direct financial interests regardless of materiality. CFO ownership in audit firm creates impermissible direct interest.,No violation - ownership under 50%; Contingent fee arrangement violation,"ET 1.200.001, ET 1.110.010"
AUD-MCQ-ETHI-0118,ET 1.295 prohibits services where CPA makes management decisions for audit clients. This creates self-review threat.,"No, if fee is less than 10% of total fees; Only impaired for public companies","ET 1.295.030, ET 1.295.040"
AUD-MCQ-ETHI-0119,AICPA Code 1.200.001 prohibits direct financial interests regardless of materiality. CFO ownership in audit firm creates impermissible direct interest.,Contingent fee arrangement violation; Indirect financial interest - independence not impaired if immaterial,"ET 1.200.001, ET 1.110.010"
AUD-MCQ-ETHI-0120,AICPA Code 1.200.001 prohibits direct financial interests regardless of materiality. CFO ownership in audit firm creates impermissible direct interest.,Contingent fee arrangement violation; No violation - ownership under 50%,"ET 1.200.001, ET 1.110.010"
AUD-MCQ-ETHI-0121,AICPA Code 1.200.001 prohibits direct financial interests regardless of materiality. CFO ownership in audit firm creates impermissible direct interest.,Indirect financial interest - independence not impaired if immaterial; No violation - ownership under 50%,"ET 1.200.001, ET 1.110.010"
AUD-MCQ-ETHI-0122,AICPA Code 1.200.001 prohibits direct financial interests regardless of materiality. CFO ownership in audit firm creates impermissible direct interest.,Contingent fee arrangement violation; Indirect financial interest - independence not impaired if immaterial,"ET 1.200.001, ET 1.110.010"
AUD-MCQ-ETHI-0123,ET 1.295 prohibits services where CPA makes management decisions for audit clients. This creates self-review threat.,"Only impaired for public companies; No, if fee is less than 10% of total fees","ET 1.295.030, ET 1.295.040"
AUD-MCQ-ETHI-0124,ET 1.295 prohibits services where CPA makes management decisions for audit clients. This creates self-review threat.,"No, if pre-approved by audit committee; No, if fee is less than 10% of total fees","ET 1.295.030, ET 1.295.040"
AUD-MCQ-ETHI-0125,AICPA Code 1.200.001 prohibits direct financial interests regardless of materiality. CFO ownership in audit firm creates impermissible direct interest.,No violation - ownership under 50%; Indirect financial interest - independence not impaired if immaterial,"ET 1.200.001, ET 1.110.010"
AUD-MCQ-ETHI-0126,ET 1.295 prohibits services where CPA makes management decisions for audit clients. This creates self-review threat.,"Only impaired for public companies; No, if fee is less than 10% of total fees","ET 1.295.030, ET 1.295.040"
AUD-MCQ-ETHI-0127,AICPA Code 1.200.001 prohibits direct financial interests regardless of materiality. CFO ownership in audit firm creates impermissible direct interest.,Contingent fee arrangement violation; No violation - ownership under 50%,"ET 1.200.001, ET 1.110.010"
AUD-MCQ-ETHI-0128,AICPA Code 1.200.001 prohibits direct financial interests regardless of materiality. CFO ownership in audit firm creates impermissible direct interest.,Contingent fee arrangement violation; No violation - ownership under 50%,"ET 1.200.001, ET 1.110.010"
AUD-MCQ-ETHI-0129,ET 1.295 prohibits services where CPA makes management decisions for audit clients. This creates self-review threat.,"No, if pre-approved by audit committee; No, if fee is less than 10% of total fees","ET 1.295.030, ET 1.295.040"
AUD-MCQ-ETHI-0130,ET 1.295 prohibits services where CPA makes management decisions for audit clients. This creates self-review threat.,"No, if fee is less than 10% of total fees; No, if pre-approved by audit committee","ET 1.295.030, ET 1.295.040"
AUD-MCQ-ETHI-0131,ET 1.295 prohibits services where CPA makes management decisions for audit clients. This creates self-review threat.,"No, if pre-approved by audit committee; No, if fee is less than 10% of total fees","ET 1.295.030, ET 1.295.040"
AUD-MCQ-ETHI-0132,AICPA Code 1.200.001 prohibits direct financial interests regardless of materiality. CFO ownership in audit firm creates impermissible direct interest.,Contingent fee arrangement violation; No violation - ownership under 50%,"ET 1.200.001, ET 1.110.010"
AUD-MCQ-ETHI-0133,ET 1.295 prohibits services where CPA makes management decisions for audit clients. This creates self-review threat.,"No, if fee is less than 10% of total fees; No, if pre-approved by audit committee","ET 1.295.030, ET 1.295.040"
AUD-MCQ-ETHI-0134,AICPA Code 1.200.001 prohibits direct financial interests regardless of materiality. CFO ownership in audit firm creates impermissible direct interest.,Contingent fee arrangement violation; No violation - ownership under 50%,"ET 1.200.001, ET 1.110.010"
AUD-MCQ-ETHI-0135,ET 1.295 prohibits services where CPA makes management decisions for audit clients. This creates self-review threat.,"No, if fee is less than 10% of total fees; Only impaired for public companies","ET 1.295.030, ET 1.295.040"
AUD-MCQ-ETHI-0136,AICPA Code 1.200.001 prohibits direct financial interests regardless of materiality. CFO ownership in audit firm creates impermissible direct interest.,Indirect financial interest - independence not impaired if immaterial; No violation - ownership under 50%,"ET 1.200.001, ET 1.110.010"
AUD-MCQ-ETHI-0137,AICPA Code 1.200.001 prohibits direct financial interests regardless of materiality. CFO ownership in audit firm creates impermissible direct interest.,Contingent fee arrangement violation; Indirect financial interest - independence not impaired if immaterial,"ET 1.200.001, ET 1.110.010"
AUD-MCQ-ETHI-0138,ET 1.295 prohibits services where CPA makes management decisions for audit clients. This creates self-review threat.,"No, if pre-approved by audit committee; No, if fee is less than 10% of total fees","ET 1.295.030, ET 1.295.040"
AUD-MCQ-ETHI-0139,ET 1.295 prohibits services where CPA makes management decisions for audit clients. This creates self-review threat.,"No, if fee is less than 10% of total fees; No, if pre-approved by audit committee","ET 1.295.030, ET 1.295.040"
AUD-MCQ-ETHI-0140,ET 1.295 prohibits services where CPA makes management decisions for audit clients. This creates self-review threat.,"No, if pre-approved by audit committee; No, if fee is less than 10% of total fees","ET 1.295.030, ET 1.295.040"
AUD-MCQ-ETHI-0141,ET 1.295 prohibits services where CPA makes management decisions for audit clients. This creates self-review threat.,"No, if fee is less than 10% of total fees; Only impaired for public companies","ET 1.295.030, ET 1.295.040"
AUD-MCQ-ETHI-0142,AICPA Code 1.200.001 prohibits direct financial interests regardless of materiality. CFO ownership in audit firm creates impermissible direct interest.,Contingent fee arrangement violation; No violation - ownership under 50%,"ET 1.200.001, ET 1.110.010"
AUD-MCQ-ETHI-0143,ET 1.295 prohibits services where CPA makes management decisions for audit clients. This creates self-review threat.,"Only impaired for public companies; No, if pre-approved by audit committee","ET 1.295.030, ET 1.295.040"
AUD-MCQ-ETHI-0144,ET 1.295 prohibits services where CPA makes management decisions for audit clients. This creates self-review threat.,"No, if pre-approved by audit committee; Only impaired for public companies","ET 1.295.030, ET 1.295.040"
AUD-MCQ-ETHI-0145,AICPA Code 1.200.001 prohibits direct financial interests regardless of materiality. CFO ownership in audit firm creates impermissible direct interest.,No violation - ownership under 50%; Indirect financial interest - independence not impaired if immaterial,"ET 1.200.001, ET 1.110.010"
AUD-MCQ-ETHI-0146,ET 1.295 prohibits services where CPA makes management decisions for audit clients. This creates self-review threat.,"No, if fee is less than 10% of total fees; Only impaired for public companies","ET 1.295.030, ET 1.295.040"
AUD-MCQ-ETHI-0147,ET 1.295 prohibits services where CPA makes management decisions for audit clients. This creates self-review threat.,"No, if pre-approved by audit committee; Only impaired for public companies","ET 1.295.030, ET 1.295.040"
AUD-MCQ-ETHI-0148,ET 1.295 prohibits services where CPA makes management decisions for audit clients. This creates self-review threat.,"No, if fee is less than 10% of total fees; Only impaired for public companies","ET 1.295.030, ET 1.295.040"
AUD-MCQ-ETHI-0149,ET 1.295 prohibits services where CPA makes management decisions for audit clients. This creates self-review threat.,"Only impaired for public companies; No, if pre-approved by audit committee","ET 1.295.030, ET 1.295.040"
AUD-MCQ-ETHI-0150,AICPA Code 1.200.001 prohibits direct financial interests regardless of materiality. CFO ownership in audit firm creates impermissible direct interest.,Contingent fee arrangement violation; Indirect financial interest - independence not impaired if immaterial,"ET 1.200.001, ET 1.110.010"
AUD-MCQ-ETHI-0151,ET 1.295 prohibits services where CPA makes management decisions for audit clients. This creates self-review threat.,"No, if pre-approved by audit committee; No, if fee is less than 10% of total fees","ET 1.295.030, ET 1.295.040"
AUD-MCQ-ETHI-0152,AICPA Code 1.200.001 prohibits direct financial interests regardless of materiality. CFO ownership in audit firm creates impermissible direct interest.,Contingent fee arrangement violation; Indirect financial interest - independence not impaired if immaterial,"ET 1.200.001, ET 1.110.010"
AUD-MCQ-ETHI-0153,ET 1.295 prohibits services where CPA makes management decisions for audit clients. This creates self-review threat.,"Only impaired for public companies; No, if fee is less than 10% of total fees","ET 1.295.030, ET 1.295.040"
AUD-MCQ-ETHI-0154,AICPA Code 1.200.001 prohibits direct financial interests regardless of materiality. CFO ownership in audit firm creates impermissible direct interest.,No violation - ownership under 50%; Contingent fee arrangement violation,"ET 1.200.001, ET 1.110.010"
AUD-MCQ-ETHI-0155,AICPA Code 1.200.001 prohibits direct financial interests regardless of materiality. CFO ownership in audit firm creates impermissible direct interest.,Indirect financial interest - independence not impaired if immaterial; No violation - ownership under 50%,"ET 1.200.001, ET 1.110.010"
AUD-MCQ-ETHI-0156,ET 1.295 prohibits services where CPA makes management decisions for audit clients. This creates self-review threat.,"No, if fee is less than 10% of total fees; No, if pre-approved by audit committee","ET 1.295.030, ET 1.295.040"
AUD-MCQ-ETHI-0157,ET 1.295 prohibits services where CPA makes management decisions for audit clients. This creates self-review threat.,"No, if fee is less than 10% of total fees; Only impaired for public companies","ET 1.295.030, ET 1.295.040"
AUD-MCQ-ETHI-0158,ET 1.295 prohibits services where CPA makes management decisions for audit clients. This creates self-review threat.,"Only impaired for public companies; No, if fee is less than 10% of total fees","ET 1.295.030, ET 1.295.040"
AUD-MCQ-ETHI-0159,AICPA Code 1.200.001 prohibits direct financial interests regardless of materiality. CFO ownership in audit firm creates impermissible direct interest.,No violation - ownership under 50%; Indirect financial interest - independence not impaired if immaterial,"ET 1.200.001, ET 1.110.010"
AUD-MCQ-ETHI-0160,AICPA Code 1.200.001 prohibits direct financial interests regardless of materiality. CFO ownership in audit firm creates impermissible direct interest.,Indirect financial interest - independence not impaired if immaterial; Contingent fee arrangement violation,"ET 1.200.001, ET 1.110.010"
AUD-MCQ-ETHI-0161,ET 1.295 prohibits services where CPA makes management decisions for audit clients. This creates self-review threat.,"No, if pre-approved by audit committee; Only impaired for public companies","ET 1.295.030, ET 1.295.040"
AUD-MCQ-ETHI-0162,ET 1.295 prohibits services where CPA makes management decisions for audit clients. This creates self-review threat.,"No, if pre-approved by audit committee; Only impaired for public companies","ET 1.295.030, ET 1.295.040"
AUD-MCQ-ETHI-0163,ET 1.295 prohibits services where CPA makes management decisions for audit clients. This creates self-review threat.,"No, if fee is less than 10% of total fees; Only impaired for public companies","ET 1.295.030, ET 1.295.040"
AUD-MCQ-ETHI-0164,AICPA Code 1.200.001 prohibits direct financial interests regardless of materiality. CFO ownership in audit firm creates impermissible direct interest.,No violation - ownership under 50%; Indirect financial interest - independence not impaired if immaterial,"ET 1.200.001, ET 1.110.010"
AUD-MCQ-ETHI-0165,AICPA Code 1.200.001 prohibits direct financial interests regardless of materiality. CFO ownership in audit firm creates impermissible direct interest.,Contingent fee arrangement violation; No violation - ownership under 50%,"ET 1.200.001, ET 1.110.010"
AUD-MCQ-ETHI-0166,AICPA Code 1.200.001 prohibits direct financial interests regardless of materiality. CFO ownership in audit firm creates impermissible direct interest.,No violation - ownership under 50%; Indirect financial interest - independence not impaired if immaterial,"ET 1.200.001, ET 1.110.010"
AUD-MCQ-RISK-0167,AU-C 315 requires assessment of inherent risk before considering controls. Corrupt environment increases inherent risk independent of controls.,Medium - fraud is rare in this industry; Low - can be mitigated by substantive procedures,"AU-C 315.11, AU-C 315.A42"
AUD-MCQ-RISK-0168,AU-C 315 requires assessment of inherent risk before considering controls. Corrupt environment increases inherent risk independent of controls.,Low - can be mitigated by substantive procedures; Medium - fraud is rare in this industry,"AU-C 315.11, AU-C 315.A42"
AUD-MCQ-RISK-0169,AU-C 315 requires assessment of inherent risk before considering controls. Corrupt environment increases inherent risk independent of controls.,Depends on prior year results; Medium - fraud is rare in this industry,"AU-C 315.11, AU-C 315.A42"
AUD-MCQ-RISK-0170,AU-C 315 requires assessment of inherent risk before considering controls. Corrupt environment increases inherent risk independent of controls.,Low - can be mitigated by substantive procedures; Depends on prior year results,"AU-C 315.11, AU-C 315.A42"
AUD-MCQ-RISK-0171,AU-C 315 requires assessment of inherent risk before considering controls. Corrupt environment increases inherent risk independent of controls.,Depends on prior year results; Low - can be mitigated by substantive procedures,"AU-C 315.11, AU-C 315.A42"
AUD-MCQ-RISK-0172,AU-C 315 requires assessment of inherent risk before considering controls. Corrupt environment increases inherent risk independent of controls.,Medium - fraud is rare in this industry; Low - can be mitigated by substantive procedures,"AU-C 315.11, AU-C 315.A42"
AUD-MCQ-RISK-0173,AU-C 315 requires assessment of inherent risk before considering controls. Corrupt environment increases inherent risk independent of controls.,Medium - fraud is rare in this industry; Low - can be mitigated by substantive procedures,"AU-C 315.11, AU-C 315.A42"
AUD-MCQ-RISK-0174,AU-C 315 requires assessment of inherent risk before considering controls. Corrupt environment increases inherent risk independent of controls.,Medium - fraud is rare in this industry; Low - can be mitigated by substantive procedures,"AU-C 315.11, AU-C 315.A42"
AUD-MCQ-RISK-0175,AU-C 315 requires assessment of inherent risk before considering controls. Corrupt environment increases inherent risk independent of controls.,Depends on prior year results; Low - can be mitigated by substantive procedures,"AU-C 315.11, AU-C 315.A42"
AUD-MCQ-RISK-0176,AU-C 315 requires assessment of inherent risk before considering controls. Corrupt environment increases inherent risk independent of controls.,Depends on prior year results; Medium - fraud is rare in this industry,"AU-C 315.11, AU-C 315.A42"
AUD-MCQ-RISK-0177,AU-C 315 requires assessment of inherent risk before considering controls. Corrupt environment increases inherent risk independent of controls.,Low - can be mitigated by substantive procedures; Medium - fraud is rare in this industry,"AU-C 315.11, AU-C 315.A42"
AUD-MCQ-RISK-0178,AU-C 315 requires assessment of inherent risk before considering controls. Corrupt environment increases inherent risk independent of controls.,Depends on prior year results; Low - can be mitigated by substantive procedures,"AU-C 315.11, AU-C 315.A42"
AUD-MCQ-RISK-0179,AU-C 315 requires assessment of inherent risk before considering controls. Corrupt environment increases inherent risk independent of controls.,Medium - fraud is rare in this industry; Depends on prior year results,"AU-C 315.11, AU-C 315.A42"
AUD-MCQ-RISK-0180,AU-C 315 requires assessment of inherent risk before considering controls. Corrupt environment increases inherent risk independent of controls.,Medium - fraud is rare in this industry; Depends on prior year results,"AU-C 315.11, AU-C 315.A42"
AUD-MCQ-RISK-0181,AU-C 315 requires assessment of inherent risk before considering controls. Corrupt environment increases inherent risk independent of controls.,Depends on prior year results; Medium - fraud is rare in this industry,"AU-C 315.11, AU-C 315.A42"
AUD-MCQ-RISK-0182,AU-C 315 requires assessment of inherent risk before considering controls. Corrupt environment increases inherent risk independent of controls.,Low - can be mitigated by substantive procedures; Medium - fraud is rare in this industry,"AU-C 315.11, AU-C 315.A42"
AUD-MCQ-RISK-0183,AU-C 315 requires assessment of inherent risk before considering controls. Corrupt environment increases inherent risk independent of controls.,Depends on prior year results; Medium - fraud is rare in this industry,"AU-C 315.11, AU-C 315.A42"
AUD-MCQ-RISK-0184,AU-C 315 requires assessment of inherent risk before considering controls. Corrupt environment increases inherent risk independent of controls.,Low - can be mitigated by substantive procedures; Medium - fraud is rare in this industry,"AU-C 315.11, AU-C 315.A42"
AUD-MCQ-RISK-0185,AU-C 315 requires assessment of inherent risk before considering controls. Corrupt environment increases inherent risk independent of controls.,Depends on prior year results; Low - can be mitigated by substantive procedures,"AU-C 315.11, AU-C 315.A42"
AUD-MCQ-RISK-0186,AU-C 315 requires assessment of inherent risk before considering controls. Corrupt environment increases inherent risk independent of controls.,Low - can be mitigated by substantive procedures; Depends on prior year results,"AU-C 315.11, AU-C 315.A42"
AUD-MCQ-RISK-0187,AU-C 315 requires assessment of inherent risk before considering controls. Corrupt environment increases inherent risk independent of controls.,Low - can be mitigated by substantive procedures; Medium - fraud is rare in this industry,"AU-C 315.11, AU-C 315.A42"
AUD-MCQ-RISK-0188,AU-C 315 requires assessment of inherent risk before considering controls. Corrupt environment increases inherent risk independent of controls.,Medium - fraud is rare in this industry; Depends on prior year results,"AU-C 315.11, AU-C 315.A42"
AUD-MCQ-RISK-0189,AU-C 315 requires assessment of inherent risk before considering controls. Corrupt environment increases inherent risk independent of controls.,Low - can be mitigated by substantive procedures; Depends on prior year results,"AU-C 315.11, AU-C 315.A42"
AUD-MCQ-RISK-0190,AU-C 315 requires assessment of inherent risk before considering controls. Corrupt environment increases inherent risk independent of controls.,Depends on prior year results; Medium - fraud is rare in this industry,"AU-C 315.11, AU-C 315.A42"
AUD-MCQ-RISK-0191,AU-C 315 requires assessment of inherent risk before considering controls. Corrupt environment increases inherent risk independent of controls.,Medium - fraud is rare in this industry; Depends on prior year results,"AU-C 315.11, AU-C 315.A42"
AUD-MCQ-RISK-0192,AU-C 315 requires assessment of inherent risk before considering controls. Corrupt environment increases inherent risk independent of controls.,Medium - fraud is rare in this industry; Low - can be mitigated by substantive procedures,"AU-C 315.11, AU-C 315.A42"
AUD-MCQ-RISK-0193,AU-C 315 requires assessment of inherent risk before considering controls. Corrupt environment increases inherent risk independent of controls.,Depends on prior year results; Low - can be mitigated by substantive procedures,"AU-C 315.11, AU-C 315.A42"
AUD-MCQ-RISK-0194,AU-C 315 requires assessment of inherent risk before considering controls. Corrupt environment increases inherent risk independent of controls.,Depends on prior year results; Medium - fraud is rare in this industry,"AU-C 315.11, AU-C 315.A42"
AUD-MCQ-RISK-0195,AU-C 315 requires assessment of inherent risk before considering controls. Corrupt environment increases inherent risk independent of controls.,Medium - fraud is rare in this industry; Low - can be mitigated by substantive procedures,"AU-C 315.11, AU-C 315.A42"
AUD-MCQ-RISK-0196,AU-C 315 requires assessment of inherent risk before considering controls. Corrupt environment increases inherent risk independent of controls.,Depends on prior year results; Medium - fraud is rare in this industry,"AU-C 315.11, AU-C 315.A42"
AUD-MCQ-RISK-0197,AU-C 315 requires assessment of inherent risk before considering controls. Corrupt environment increases inherent risk independent of controls.,Depends on prior year results; Medium - fraud is rare in this industry,"AU-C 315.11, AU-C 315.A42"
AUD-MCQ-RISK-0198,AU-C 315 requires assessment of inherent risk before considering controls. Corrupt environment increases inherent risk independent of controls.,Medium - fraud is rare in this industry; Low - can be mitigated by substantive procedures,"AU-C 315.11, AU-C 315.A42"
AUD-MCQ-RISK-0199,AU-C 315 requires assessment of inherent risk before considering controls. Corrupt environment increases inherent risk independent of controls.,Medium - fraud is rare in this industry; Low - can be mitigated by substantive procedures,"AU-C 315.11, AU-C 315.A42"
AUD-MCQ-RISK-0200,AU-C 315 requires assessment of inherent risk before considering controls. Corrupt environment increases inherent risk independent of controls.,Medium - fraud is rare in this industry; Depends on prior year results,"AU-C 315.11, AU-C 315.A42"
AUD-MCQ-RISK-0201,AU-C 315 requires assessment of inherent risk before considering controls. Corrupt environment increases inherent risk independent of controls.,Depends on prior year results; Medium - fraud is rare in this industry,"AU-C 315.11, AU-C 315.A42"
AUD-MCQ-RISK-0202,AU-C 315 requires assessment of inherent risk before considering controls. Corrupt environment increases inherent risk independent of controls.,Depends on prior year results; Medium - fraud is rare in this industry,"AU-C 315.11, AU-C 315.A42"
AUD-MCQ-RISK-0203,AU-C 315 requires assessment of inherent risk before considering controls. Corrupt environment increases inherent risk independent of controls.,Depends on prior year results; Medium - fraud is rare in this industry,"AU-C 315.11, AU-C 315.A42"
AUD-MCQ-RISK-0204,AU-C 315 requires assessment of inherent risk before considering controls. Corrupt environment increases inherent risk independent of controls.,Depends on prior year results; Low - can be mitigated by substantive procedures,"AU-C 315.11, AU-C 315.A42"
AUD-MCQ-RISK-0205,AU-C 315 requires assessment of inherent risk before considering controls. Corrupt environment increases inherent risk independent of controls.,Medium - fraud is rare in this industry; Low - can be mitigated by substantive procedures,"AU-C 315.11, AU-C 315.A42"
AUD-MCQ-RISK-0206,AU-C 315 requires assessment of inherent risk before considering controls. Corrupt environment increases inherent risk independent of controls.,Depends on prior year results; Low - can be mitigated by substantive procedures,"AU-C 315.11, AU-C 315.A42"
AUD-MCQ-RISK-0207,AU-C 315 requires assessment of inherent risk before considering controls. Corrupt environment increases inherent risk independent of controls.,Depends on prior year results; Low - can be mitigated by substantive procedures,"AU-C 315.11, AU-C 315.A42"
AUD-MCQ-RISK-0208,AU-C 315 requires assessment of inherent risk before considering controls. Corrupt environment increases inherent risk independent of controls.,Depends on prior year results; Low - can be mitigated by substantive procedures,"AU-C 315.11, AU-C 315.A42"
AUD-MCQ-RISK-0209,AU-C 315 requires assessment of inherent risk before considering controls. Corrupt environment increases inherent risk independent of controls.,Low - can be mitigated by substantive procedures; Depends on prior year results,"AU-C 315.11, AU-C 315.A42"
AUD-MCQ-RISK-0210,AU-C 315 requires assessment of inherent risk before considering controls. Corrupt environment increases inherent risk independent of controls.,Low - can be mitigated by substantive procedures; Medium - fraud is rare in this industry,"AU-C 315.11, AU-C 315.A42"
AUD-MCQ-RISK-0211,AU-C 315 requires assessment of inherent risk before considering controls. Corrupt environment increases inherent risk independent of controls.,Low - can be mitigated by substantive procedures; Depends on prior year results,"AU-C 315.11, AU-C 315.A42"
AUD-MCQ-RISK-0212,AU-C 315 requires assessment of inherent risk before considering controls. Corrupt environment increases inherent risk independent of controls.,Low - can be mitigated by substantive procedures; Depends on prior year results,"AU-C 315.11, AU-C 315.A42"
AUD-MCQ-RISK-0213,AU-C 315 requires assessment of inherent risk before considering controls. Corrupt environment increases inherent risk independent of controls.,Low - can be mitigated by substantive procedures; Depends on prior year results,"AU-C 315.11, AU-C 315.A42"
AUD-MCQ-RISK-0214,AU-C 315 requires assessment of inherent risk before considering controls. Corrupt environment increases inherent risk independent of controls.,Depends on prior year results; Low - can be mitigated by substantive procedures,"AU-C 315.11, AU-C 315.A42"
AUD-MCQ-RISK-0215,AU-C 315 requires assessment of inherent risk before considering controls. Corrupt environment increases inherent risk independent of controls.,Medium - fraud is rare in this industry; Depends on prior year results,"AU-C 315.11, AU-C 315.A42"
AUD-MCQ-RISK-0216,AU-C 315 requires assessment of inherent risk before considering controls. Corrupt environment increases inherent risk independent of controls.,Medium - fraud is rare in this industry; Depends on prior year results,"AU-C 315.11, AU-C 315.A42"
AUD-MCQ-RISK-0217,AU-C 315 requires assessment of inherent risk before considering controls. Corrupt environment increases inherent risk independent of controls.,Low - can be mitigated by substantive procedures; Medium - fraud is rare in this industry,"AU-C 315.11, AU-C 315.A42"
AUD-MCQ-RISK-0218,AU-C 315 requires assessment of inherent risk before considering controls. Corrupt environment increases inherent risk independent of controls.,Low - can be mitigated by substantive procedures; Depends on prior year results,"AU-C 315.11, AU-C 315.A42"
AUD-MCQ-RISK-0219,AU-C 315 requires assessment of inherent risk before considering controls. Corrupt environment increases inherent risk independent of controls.,Depends on prior year results; Medium - fraud is rare in this industry,"AU-C 315.11, AU-C 315.A42"
AUD-MCQ-RISK-0220,AU-C 315 requires assessment of inherent risk before considering controls. Corrupt environment increases inherent risk independent of controls.,Depends on prior year results; Medium - fraud is rare in this industry,"AU-C 315.11, AU-C 315.A42"
AUD-MCQ-RISK-0221,AU-C 315 requires assessment of inherent risk before considering controls. Corrupt environment increases inherent risk independent of controls.,Depends on prior year results; Medium - fraud is rare in this industry,"AU-C 315.11, AU-C 315.A42"
AUD-MCQ-RISK-0222,AU-C 315 requires assessment of inherent risk before considering controls. Corrupt environment increases inherent risk independent of controls.,Medium - fraud is rare in this industry; Depends on prior year results,"AU-C 315.11, AU-C 315.A42"
AUD-MCQ-RISK-0223,AU-C 315 requires assessment of inherent risk before considering controls. Corrupt environment increases inherent risk independent of controls.,Medium - fraud is rare in this industry; Low - can be mitigated by substantive procedures,"AU-C 315.11, AU-C 315.A42"
AUD-MCQ-RISK-0224,AU-C 315 requires assessment of inherent risk before considering controls. Corrupt environment increases inherent risk independent of controls.,Low - can be mitigated by substantive procedures; Depends on prior year results,"AU-C 315.11, AU-C 315.A42"
AUD-MCQ-RISK-0225,AU-C 315 requires assessment of inherent risk before considering controls. Corrupt environment increases inherent risk independent of controls.,Medium - fraud is rare in this industry; Depends on prior year results,"AU-C 315.11, AU-C 315.A42"
AUD-MCQ-RISK-0226,AU-C 315 requires assessment of inherent risk before considering controls. Corrupt environment increases inherent risk independent of controls.,Depends on prior year results; Low - can be mitigated by substantive procedures,"AU-C 315.11, AU-C 315.A42"
AUD-MCQ-RISK-0227,AU-C 315 requires assessment of inherent risk before considering controls. Corrupt environment increases inherent risk independent of controls.,Low - can be mitigated by substantive procedures; Medium - fraud is rare in this industry,"AU-C 315.11, AU-C 315.A42"
AUD-MCQ-RISK-0228,AU-C 315 requires assessment of inherent risk before considering controls. Corrupt environment increases inherent risk independent of controls.,Low - can be mitigated by substantive procedures; Medium - fraud is rare in this industry,"AU-C 315.11, AU-C 315.A42"
AUD-MCQ-RISK-0229,AU-C 315 requires assessment of inherent risk before considering controls. Corrupt environment increases inherent risk independent of controls.,Depends on prior year results; Medium - fraud is rare in this industry,"AU-C 315.11, AU-C 315.A42"
AUD-MCQ-RISK-0230,AU-C 315 requires assessment of inherent risk before considering controls. Corrupt environment increases inherent risk independent of controls.,Medium - fraud is rare in this industry; Depends on prior year results,"AU-C 315.11, AU-C 315.A42"
AUD-MCQ-RISK-0231,AU-C 315 requires assessment of inherent risk before considering controls. Corrupt environment increases inherent risk independent of controls.,Medium - fraud is rare in this industry; Depends on prior year results,"AU-C 315.11, AU-C 315.A42"
AUD-MCQ-RISK-0232,AU-C 315 requires assessment of inherent risk before considering controls. Corrupt environment increases inherent risk independent of controls.,Medium - fraud is rare in this industry; Low - can be mitigated by substantive procedures,"AU-C 315.11, AU-C 315.A42"
AUD-MCQ-RISK-0233,AU-C 315 requires assessment of inherent risk before considering controls. Corrupt environment increases inherent risk independent of controls.,Low - can be mitigated by substantive procedures; Medium - fraud is rare in this industry,"AU-C 315.11, AU-C 315.A42"
AUD-MCQ-RISK-0234,AU-C 315 requires assessment of inherent risk before considering controls. Corrupt environment increases inherent risk independent of controls.,Medium - fraud is rare in this industry; Depends on prior year results,"AU-C 315.11, AU-C 315.A42"
AUD-MCQ-RISK-0235,AU-C 315 requires assessment of inherent risk before considering controls. Corrupt environment increases inherent risk independent of controls.,Low - can be mitigated by substantive procedures; Depends on prior year results,"AU-C 315.11, AU-C 315.A42"
AUD-MCQ-RISK-0236,AU-C 315 requires assessment of inherent risk before considering controls. Corrupt environment increases inherent risk independent of controls.,Medium - fraud is rare in this industry; Low - can be mitigated by substantive procedures,"AU-C 315.11, AU-C 315.A42"
AUD-MCQ-RISK-0237,AU-C 315 requires assessment of inherent risk before considering controls. Corrupt environment increases inherent risk independent of controls.,Medium - fraud is rare in this industry; Low - can be mitigated by substantive procedures,"AU-C 315.11, AU-C 315.A42"
AUD-MCQ-RISK-0238,AU-C 315 requires assessment of inherent risk before considering controls. Corrupt environment increases inherent risk independent of controls.,Depends on prior year results; Medium - fraud is rare in this industry,"AU-C 315.11, AU-C 315.A42"
AUD-MCQ-RISK-0239,AU-C 315 requires assessment of inherent risk before considering controls. Corrupt environment increases inherent risk independent of controls.,Low - can be mitigated by substantive procedures; Medium - fraud is rare in this industry,"AU-C 315.11, AU-C 315.A42"
AUD-MCQ-RISK-0240,AU-C 315 requires assessment of inherent risk before considering controls. Corrupt environment increases inherent risk independent of controls.,Low - can be mitigated by substantive procedures; Medium - fraud is rare in this industry,"AU-C 315.11, AU-C 315.A42"
AUD-MCQ-RISK-0241,AU-C 315 requires assessment of inherent risk before considering controls. Corrupt environment increases inherent risk independent of controls.,Low - can be mitigated by substantive procedures; Depends on prior year results,"AU-C 315.11, AU-C 315.A42"
AUD-MCQ-RISK-0242,AU-C 315 requires assessment of inherent risk before considering controls. Corrupt environment increases inherent risk independent of controls.,Low - can be mitigated by substantive procedures; Medium - fraud is rare in this industry,"AU-C 315.11, AU-C 315.A42"
AUD-MCQ-RISK-0243,AU-C 315 requires assessment of inherent risk before considering controls. Corrupt environment increases inherent risk independent of controls.,Depends on prior year results; Low - can be mitigated by substantive procedures,"AU-C 315.11, AU-C 315.A42"
AUD-MCQ-RISK-0244,AU-C 315 requires assessment of inherent risk before considering controls. Corrupt environment increases inherent risk independent of controls.,Medium - fraud is rare in this industry; Depends on prior year results,"AU-C 315.11, AU-C 315.A42"
AUD-MCQ-RISK-0245,AU-C 315 requires assessment of inherent risk before considering controls. Corrupt environment increases inherent risk independent of controls.,Depends on prior year results; Medium - fraud is rare in this industry,"AU-C 315.11, AU-C 315.A42"
AUD-MCQ-RISK-0246,AU-C 315 requires assessment of inherent risk before considering controls. Corrupt environment increases inherent risk independent of controls.,Depends on prior year results; Medium - fraud is rare in this industry,"AU-C 315.11, AU-C 315.A42"
AUD-MCQ-RISK-0247,AU-C 315 requires assessment of inherent risk before considering controls. Corrupt environment increases inherent risk independent of controls.,Low - can be mitigated by substantive procedures; Depends on prior year results,"AU-C 315.11, AU-C 315.A42"
AUD-MCQ-RISK-0248,AU-C 315 requires assessment of inherent risk before considering controls. Corrupt environment increases inherent risk independent of controls.,Low - can be mitigated by substantive procedures; Medium - fraud is rare in this industry,"AU-C 315.11, AU-C 315.A42"
AUD-MCQ-RISK-0249,AU-C 315 requires assessment of inherent risk before considering controls. Corrupt environment increases inherent risk independent of controls.,Low - can be mitigated by substantive procedures; Depends on prior year results,"AU-C 315.11, AU-C 315.A42"
AUD-MCQ-RISK-0250,AU-C 315 requires assessment of inherent risk before considering controls. Corrupt environment increases inherent risk independent of controls.,Low - can be mitigated by substantive procedures; Medium - fraud is rare in this industry,"AU-C 315.11, AU-C 315.A42"
AUD-MCQ-RISK-0251,AU-C 315 requires assessment of inherent risk before considering controls. Corrupt environment increases inherent risk independent of controls.,Low - can be mitigated by substantive procedures; Medium - fraud is rare in this industry,"AU-C 315.11, AU-C 315.A42"
AUD-MCQ-RISK-0252,AU-C 315 requires assessment of inherent risk before considering controls. Corrupt environment increases inherent risk independent of controls.,Low - can be mitigated by substantive procedures; Depends on prior year results,"AU-C 315.11, AU-C 315.A42"
AUD-MCQ-RISK-0253,AU-C 315 requires assessment of inherent risk before considering controls. Corrupt environment increases inherent risk independent of controls.,Medium - fraud is rare in this industry; Depends on prior year results,"AU-C 315.11, AU-C 315.A42"
AUD-MCQ-RISK-0254,AU-C 315 requires assessment of inherent risk before considering controls. Corrupt environment increases inherent risk independent of controls.,Medium - fraud is rare in this industry; Low - can be mitigated by substantive procedures,"AU-C 315.11, AU-C 315.A42"
AUD-MCQ-RISK-0255,AU-C 315 requires assessment of inherent risk before considering controls. Corrupt environment increases inherent risk independent of controls.,Medium - fraud is rare in this industry; Low - can be mitigated by substantive procedures,"AU-C 315.11, AU-C 315.A42"
AUD-MCQ-RISK-0256,AU-C 315 requires assessment of inherent risk before considering controls. Corrupt environment increases inherent risk independent of controls.,Medium - fraud is rare in this industry; Depends on prior year results,"AU-C 315.11, AU-C 315.A42"
AUD-MCQ-RISK-0257,AU-C 315 requires assessment of inherent risk before considering controls. Corrupt environment increases inherent risk independent of controls.,Depends on prior year results; Medium - fraud is rare in this industry,"AU-C 315.11, AU-C 315.A42"
AUD-MCQ-RISK-0258,AU-C 315 requires assessment of inherent risk before considering controls. Corrupt environment increases inherent risk independent of controls.,Medium - fraud is rare in this industry; Depends on prior year results,"AU-C 315.11, AU-C 315.A42"
AUD-MCQ-RISK-0259,AU-C 315 requires assessment of inherent risk before considering controls. Corrupt environment increases inherent risk independent of controls.,Depends on prior year results; Low - can be mitigated by substantive procedures,"AU-C 315.11, AU-C 315.A42"
AUD-MCQ-RISK-0260,AU-C 315 requires assessment of inherent risk before considering controls. Corrupt environment increases inherent risk independent of controls.,Depends on prior year results; Medium - fraud is rare in this industry,"AU-C 315.11, AU-C 315.A42"
AUD-MCQ-RISK-0261,AU-C 315 requires assessment of inherent risk before considering controls. Corrupt environment increases inherent risk independent of controls.,Medium - fraud is rare in this industry; Depends on prior year results,"AU-C 315.11, AU-C 315.A42"
AUD-MCQ-RISK-0262,AU-C 315 requires assessment of inherent risk before considering controls. Corrupt environment increases inherent risk independent of controls.,Medium - fraud is rare in this industry; Depends on prior year results,"AU-C 315.11, AU-C 315.A42"
AUD-MCQ-RISK-0263,AU-C 315 requires assessment of inherent risk before considering controls. Corrupt environment increases inherent risk independent of controls.,Medium - fraud is rare in this industry; Depends on prior year results,"AU-C 315.11, AU-C 315.A42"
AUD-MCQ-RISK-0264,AU-C 315 requires assessment of inherent risk before considering controls. Corrupt environment increases inherent risk independent of controls.,Low - can be mitigated by substantive procedures; Depends on prior year results,"AU-C 315.11, AU-C 315.A42"
AUD-MCQ-RISK-0265,AU-C 315 requires assessment of inherent risk before considering controls. Corrupt environment increases inherent risk independent of controls.,Depends on prior year results; Low - can be mitigated by substantive procedures,"AU-C 315.11, AU-C 315.A42"
AUD-MCQ-RISK-0266,AU-C 315 requires assessment of inherent risk before considering controls. Corrupt environment increases inherent risk independent of controls.,Low - can be mitigated by substantive procedures; Medium - fraud is rare in this industry,"AU-C 315.11, AU-C 315.A42"
AUD-MCQ-RISK-0267,AU-C 315 requires assessment of inherent risk before considering controls. Corrupt environment increases inherent risk independent of controls.,Medium - fraud is rare in this industry; Low - can be mitigated by substantive procedures,"AU-C 315.11, AU-C 315.A42"
AUD-MCQ-RISK-0268,AU-C 315 requires assessment of inherent risk before considering controls. Corrupt environment increases inherent risk independent of controls.,Depends on prior year results; Low - can be mitigated by substantive procedures,"AU-C 315.11, AU-C 315.A42"
AUD-MCQ-RISK-0269,AU-C 315 requires assessment of inherent risk before considering controls. Corrupt environment increases inherent risk independent of controls.,Depends on prior year results; Medium - fraud is rare in this industry,"AU-C 315.11, AU-C 315.A42"
AUD-MCQ-RISK-0270,AU-C 315 requires assessment of inherent risk before considering controls. Corrupt environment increases inherent risk independent of controls.,Depends on prior year results; Low - can be mitigated by substantive procedures,"AU-C 315.11, AU-C 315.A42"
AUD-MCQ-RISK-0271,AU-C 315 requires assessment of inherent risk before considering controls. Corrupt environment increases inherent risk independent of controls.,Medium - fraud is rare in this industry; Depends on prior year results,"AU-C 315.11, AU-C 315.A42"
AUD-MCQ-RISK-0272,AU-C 315 requires assessment of inherent risk before considering controls. Corrupt environment increases inherent risk independent of controls.,Medium - fraud is rare in this industry; Low - can be mitigated by substantive procedures,"AU-C 315.11, AU-C 315.A42"
AUD-MCQ-RISK-0273,AU-C 315 requires assessment of inherent risk before considering controls. Corrupt environment increases inherent risk independent of controls.,Medium - fraud is rare in this industry; Low - can be mitigated by substantive procedures,"AU-C 315.11, AU-C 315.A42"
AUD-MCQ-RISK-0274,AU-C 315 requires assessment of inherent risk before considering controls. Corrupt environment increases inherent risk independent of controls.,Low - can be mitigated by substantive procedures; Depends on prior year results,"AU-C 315.11, AU-C 315.A42"
AUD-MCQ-RISK-0275,AU-C 315 requires assessment of inherent risk before considering controls. Corrupt environment increases inherent risk independent of controls.,Medium - fraud is rare in this industry; Depends on prior year results,"AU-C 315.11, AU-C 315.A42"
AUD-MCQ-RISK-0276,AU-C 315 requires assessment of inherent risk before considering controls. Corrupt environment increases inherent risk independent of controls.,Medium - fraud is rare in this industry; Low - can be mitigated by substantive procedures,"AU-C 315.11, AU-C 315.A42"
AUD-MCQ-RISK-0277,AU-C 315 requires assessment of inherent risk before considering controls. Corrupt environment increases inherent risk independent of controls.,Low - can be mitigated by substantive procedures; Depends on prior year results,"AU-C 315.11, AU-C 315.A42"
AUD-MCQ-RISK-0278,AU-C 315 requires assessment of inherent risk before considering controls. Corrupt environment increases inherent risk independent of controls.,Depends on prior year results; Medium - fraud is rare in this industry,"AU-C 315.11, AU-C 315.A42"
AUD-MCQ-RISK-0279,AU-C 315 requires assessment of inherent risk before considering controls. Corrupt environment increases inherent risk independent of controls.,Medium - fraud is rare in this industry; Low - can be mitigated by substantive procedures,"AU-C 315.11, AU-C 315.A42"
AUD-MCQ-RISK-0280,AU-C 315 requires assessment of inherent risk before considering controls. Corrupt environment increases inherent risk independent of controls.,Medium - fraud is rare in this industry; Depends on prior year results,"AU-C 315.11, AU-C 315.A42"
AUD-MCQ-RISK-0281,AU-C 315 requires assessment of inherent risk before considering controls. Corrupt environment increases inherent risk independent of controls.,Depends on prior year results; Medium - fraud is rare in this industry,"AU-C 315.11, AU-C 315.A42"
AUD-MCQ-RISK-0282,AU-C 315 requires assessment of inherent risk before considering controls. Corrupt environment increases inherent risk independent of controls.,Low - can be mitigated by substantive procedures; Medium - fraud is rare in this industry,"AU-C 315.11, AU-C 315.A42"
AUD-MCQ-RISK-0283,AU-C 315 requires assessment of inherent risk before considering controls. Corrupt environment increases inherent risk independent of controls.,Medium - fraud is rare in this industry; Depends on prior year results,"AU-C 315.11, AU-C 315.A42"
AUD-MCQ-RISK-0284,AU-C 315 requires assessment of inherent risk before considering controls. Corrupt environment increases inherent risk independent of controls.,Depends on prior year results; Low - can be mitigated by substantive procedures,"AU-C 315.11, AU-C 315.A42"
AUD-MCQ-RISK-0285,AU-C 315 requires assessment of inherent risk before considering controls. Corrupt environment increases inherent risk independent of controls.,Medium - fraud is rare in this industry; Low - can be mitigated by substantive procedures,"AU-C 315.11, AU-C 315.A42"
AUD-MCQ-RISK-0286,AU-C 315 requires assessment of inherent risk before considering controls. Corrupt environment increases inherent risk independent of controls.,Medium - fraud is rare in this industry; Low - can be mitigated by substantive procedures,"AU-C 315.11, AU-C 315.A42"
AUD-MCQ-RISK-0287,AU-C 315 requires assessment of inherent risk before considering controls. Corrupt environment increases inherent risk independent of controls.,Low - can be mitigated by substantive procedures; Depends on prior year results,"AU-C 315.11, AU-C 315.A42"
AUD-MCQ-RISK-0288,AU-C 315 requires assessment of inherent risk before considering controls. Corrupt environment increases inherent risk independent of controls.,Low - can be mitigated by substantive procedures; Medium - fraud is rare in this industry,"AU-C 315.11, AU-C 315.A42"
AUD-MCQ-RISK-0289,AU-C 315 requires assessment of inherent risk before considering controls. Corrupt environment increases inherent risk independent of controls.,Depends on prior year results; Medium - fraud is rare in this industry,"AU-C 315.11, AU-C 315.A42"
AUD-MCQ-RISK-0290,AU-C 315 requires assessment of inherent risk before considering controls. Corrupt environment increases inherent risk independent of controls.,Depends on prior year results; Low - can be mitigated by substantive procedures,"AU-C 315.11, AU-C 315.A42"
AUD-MCQ-RISK-0291,AU-C 315 requires assessment of inherent risk before considering controls. Corrupt environment increases inherent risk independent of controls.,Medium - fraud is rare in this industry; Low - can be mitigated by substantive procedures,"AU-C 315.11, AU-C 315.A42"
AUD-MCQ-RISK-0292,AU-C 315 requires assessment of inherent risk before considering controls. Corrupt environment increases inherent risk independent of controls.,Low - can be mitigated by substantive procedures; Medium - fraud is rare in this industry,"AU-C 315.11, AU-C 315.A42"
AUD-MCQ-RISK-0293,AU-C 315 requires assessment of inherent risk before considering controls. Corrupt environment increases inherent risk independent of controls.,Depends on prior year results; Medium - fraud is rare in this industry,"AU-C 315.11, AU-C 315.A42"
AUD-MCQ-RISK-0294,AU-C 315 requires assessment of inherent risk before considering controls. Corrupt environment increases inherent risk independent of controls.,Depends on prior year results; Low - can be mitigated by substantive procedures,"AU-C 315.11, AU-C 315.A42"
AUD-MCQ-RISK-0295,AU-C 315 requires assessment of inherent risk before considering controls. Corrupt environment increases inherent risk independent of controls.,Medium - fraud is rare in this industry; Low - can be mitigated by substantive procedures,"AU-C 315.11, AU-C 315.A42"
AUD-MCQ-RISK-0296,AU-C 315 requires assessment of inherent risk before considering controls. Corrupt environment increases inherent risk independent of controls.,Depends on prior year results; Medium - fraud is rare in this industry,"AU-C 315.11, AU-C 315.A42"
AUD-MCQ-RISK-0297,AU-C 315 requires assessment of inherent risk before considering controls. Corrupt environment increases inherent risk independent of controls.,Medium - fraud is rare in this industry; Low - can be mitigated by substantive procedures,"AU-C 315.11, AU-C 315.A42"
AUD-MCQ-RISK-0298,AU-C 315 requires assessment of inherent risk before considering controls. Corrupt environment increases inherent risk independent of controls.,Depends on prior year results; Low - can be mitigated by substantive procedures,"AU-C 315.11, AU-C 315.A42"
AUD-MCQ-RISK-0299,AU-C 315 requires assessment of inherent risk before considering controls. Corrupt environment increases inherent risk independent of controls.,Low - can be mitigated by substantive procedures; Medium - fraud is rare in this industry,"AU-C 315.11, AU-C 315.A42"
AUD-MCQ-RISK-0300,AU-C 315 requires assessment of inherent risk before considering controls. Corrupt environment increases inherent risk independent of controls.,Low - can be mitigated by substantive procedures; Depends on prior year results,"AU-C 315.11, AU-C 315.A42"
AUD-MCQ-RISK-0301,AU-C 315 requires assessment of inherent risk before considering controls. Corrupt environment increases inherent risk independent of controls.,Depends on prior year results; Low - can be mitigated by substantive procedures,"AU-C 315.11, AU-C 315.A42"
AUD-MCQ-RISK-0302,AU-C 315 requires assessment of inherent risk before considering controls. Corrupt environment increases inherent risk independent of controls.,Low - can be mitigated by substantive procedures; Depends on prior year results,"AU-C 315.11, AU-C 315.A42"
AUD-MCQ-RISK-0303,AU-C 315 requires assessment of inherent risk before considering controls. Corrupt environment increases inherent risk independent of controls.,Low - can be mitigated by substantive procedures; Medium - fraud is rare in this industry,"AU-C 315.11, AU-C 315.A42"
AUD-MCQ-RISK-0304,AU-C 315 requires assessment of inherent risk before considering controls. Corrupt environment increases inherent risk independent of controls.,Depends on prior year results; Medium - fraud is rare in this industry,"AU-C 315.11, AU-C 315.A42"
AUD-MCQ-RISK-0305,AU-C 315 requires assessment of inherent risk before considering controls. Corrupt environment increases inherent risk independent of controls.,Low - can be mitigated by substantive procedures; Depends on prior year results,"AU-C 315.11, AU-C 315.A42"
AUD-MCQ-RISK-0306,AU-C 315 requires assessment of inherent risk before considering controls. Corrupt environment increases inherent risk independent of controls.,Depends on prior year results; Low - can be mitigated by substantive procedures,"AU-C 315.11, AU-C 315.A42"
AUD-MCQ-RISK-0307,AU-C 315 requires assessment of inherent risk before considering controls. Corrupt environment increases inherent risk independent of controls.,Depends on prior year results; Medium - fraud is rare in this industry,"AU-C 315.11, AU-C 315.A42"
AUD-MCQ-RISK-0308,AU-C 315 requires assessment of inherent risk before considering controls. Corrupt environment increases inherent risk independent of controls.,Depends on prior year results; Medium - fraud is rare in this industry,"AU-C 315.11, AU-C 315.A42"
AUD-MCQ-RISK-0309,AU-C 315 requires assessment of inherent risk before considering controls. Corrupt environment increases inherent risk independent of controls.,Depends on prior year results; Medium - fraud is rare in this industry,"AU-C 315.11, AU-C 315.A42"
AUD-MCQ-RISK-0310,AU-C 315 requires assessment of inherent risk before considering controls. Corrupt environment increases inherent risk independent of controls.,Medium - fraud is rare in this industry; Depends on prior year results,"AU-C 315.11, AU-C 315.A42"
AUD-MCQ-RISK-0311,AU-C 315 requires assessment of inherent risk before considering controls. Corrupt environment increases inherent risk independent of controls.,Medium - fraud is rare in this industry; Low - can be mitigated by substantive procedures,"AU-C 315.11, AU-C 315.A42"
AUD-MCQ-RISK-0312,AU-C 315 requires assessment of inherent risk before considering controls. Corrupt environment increases inherent risk independent of controls.,Depends on prior year results; Medium - fraud is rare in this industry,"AU-C 315.11, AU-C 315.A42"
AUD-MCQ-RISK-0313,AU-C 315 requires assessment of inherent risk before considering controls. Corrupt environment increases inherent risk independent of controls.,Depends on prior year results; Low - can be mitigated by substantive procedures,"AU-C 315.11, AU-C 315.A42"
AUD-MCQ-RISK-0314,AU-C 315 requires assessment of inherent risk before considering controls. Corrupt environment increases inherent risk independent of controls.,Depends on prior year results; Low - can be mitigated by substantive procedures,"AU-C 315.11, AU-C 315.A42"
AUD-MCQ-RISK-0315,AU-C 315 requires assessment of inherent risk before considering controls. Corrupt environment increases inherent risk independent of controls.,Depends on prior year results; Low - can be mitigated by substantive procedures,"AU-C 315.11, AU-C 315.A42"
AUD-MCQ-RISK-0316,AU-C 315 requires assessment of inherent risk before considering controls. Corrupt environment increases inherent risk independent of controls.,Depends on prior year results; Medium - fraud is rare in this industry,"AU-C 315.11, AU-C 315.A42"
AUD-MCQ-RISK-0317,AU-C 315 requires assessment of inherent risk before considering controls. Corrupt environment increases inherent risk independent of controls.,Medium - fraud is rare in this industry; Depends on prior year results,"AU-C 315.11, AU-C 315.A42"
AUD-MCQ-RISK-0318,AU-C 315 requires assessment of inherent risk before considering controls. Corrupt environment increases inherent risk independent of controls.,Low - can be mitigated by substantive procedures; Medium - fraud is rare in this industry,"AU-C 315.11, AU-C 315.A42"
AUD-MCQ-RISK-0319,AU-C 315 requires assessment of inherent risk before considering controls. Corrupt environment increases inherent risk independent of controls.,Depends on prior year results; Medium - fraud is rare in this industry,"AU-C 315.11, AU-C 315.A42"
AUD-MCQ-RISK-0320,AU-C 315 requires assessment of inherent risk before considering controls. Corrupt environment increases inherent risk independent of controls.,Low - can be mitigated by substantive procedures; Medium - fraud is rare in this industry,"AU-C 315.11, AU-C 315.A42"
AUD-MCQ-RISK-0321,AU-C 315 requires assessment of inherent risk before considering controls. Corrupt environment increases inherent risk independent of controls.,Depends on prior year results; Medium - fraud is rare in this industry,"AU-C 315.11, AU-C 315.A42"
AUD-MCQ-RISK-0322,AU-C 315 requires assessment of inherent risk before considering controls. Corrupt environment increases inherent risk independent of controls.,Low - can be mitigated by substantive procedures; Medium - fraud is rare in this industry,"AU-C 315.11, AU-C 315.A42"
AUD-MCQ-RISK-0323,AU-C 315 requires assessment of inherent risk before considering controls. Corrupt environment increases inherent risk independent of controls.,Low - can be mitigated by substantive procedures; Depends on prior year results,"AU-C 315.11, AU-C 315.A42"
AUD-MCQ-RISK-0324,AU-C 315 requires assessment of inherent risk before considering controls. Corrupt environment increases inherent risk independent of controls.,Depends on prior year results; Low - can be mitigated by substantive procedures,"AU-C 315.11, AU-C 315.A42"
AUD-MCQ-RISK-0325,AU-C 315 requires assessment of inherent risk before considering controls. Corrupt environment increases inherent risk independent of controls.,Depends on prior year results; Low - can be mitigated by substantive procedures,"AU-C 315.11, AU-C 315.A42"
AUD-MCQ-RISK-0326,AU-C 315 requires assessment of inherent risk before considering controls. Corrupt environment increases inherent risk independent of controls.,Medium - fraud is rare in this industry; Depends on prior year results,"AU-C 315.11, AU-C 315.A42"
AUD-MCQ-RISK-0327,AU-C 315 requires assessment of inherent risk before considering controls. Corrupt environment increases inherent risk independent of controls.,Low - can be mitigated by substantive procedures; Depends on prior year results,"AU-C 315.11, AU-C 315.A42"
AUD-MCQ-RISK-0328,AU-C 315 requires assessment of inherent risk before considering controls. Corrupt environment increases inherent risk independent of controls.,Medium - fraud is rare in this industry; Depends on prior year results,"AU-C 315.11, AU-C 315.A42"
AUD-MCQ-RISK-0329,AU-C 315 requires assessment of inherent risk before considering controls. Corrupt environment increases inherent risk independent of controls.,Depends on prior year results; Medium - fraud is rare in this industry,"AU-C 315.11, AU-C 315.A42"
AUD-MCQ-RISK-0330,AU-C 315 requires assessment of inherent risk before considering controls. Corrupt environment increases inherent risk independent of controls.,Low - can be mitigated by substantive procedures; Depends on prior year results,"AU-C 315.11, AU-C 315.A42"
AUD-MCQ-RISK-0331,AU-C 315 requires assessment of inherent risk before considering controls. Corrupt environment increases inherent risk independent of controls.,Depends on prior year results; Medium - fraud is rare in this industry,"AU-C 315.11, AU-C 315.A42"
AUD-MCQ-RISK-0332,AU-C 315 requires assessment of inherent risk before considering controls. Corrupt environment increases inherent risk independent of controls.,Low - can be mitigated by substantive procedures; Depends on prior year results,"AU-C 315.11, AU-C 315.A42"
AUD-MCQ-SAMP-0333,"AU-C 530: Sample size increases when tolerable misstatement decreases, expected misstatement increases, or acceptable sampling risk decreases.",{calc_times_2}; {calc_minus_20},"AU-C 530.A11, AU-C 530.A12"
AUD-MCQ-SAMP-0334,"AU-C 530: Sample size increases when tolerable misstatement decreases, expected misstatement increases, or acceptable sampling risk decreases.",{calc_minus_20}; {calc_plus_30},"AU-C 530.A11, AU-C 530.A12"
AUD-MCQ-SAMP-0335,"AU-C 530: Sample size increases when tolerable misstatement decreases, expected misstatement increases, or acceptable sampling risk decreases.",{calc_plus_30}; {calc_times_2},"AU-C 530.A11, AU-C 530.A12"
AUD-MCQ-SAMP-0336,"AU-C 530: Sample size increases when tolerable misstatement decreases, expected misstatement increases, or acceptable sampling risk decreases.",{calc_minus_20}; {calc_times_2},"AU-C 530.A11, AU-C 530.A12"
AUD-MCQ-SAMP-0337,"AU-C 530: Sample size increases when tolerable misstatement decreases, expected misstatement increases, or acceptable sampling risk decreases.",{calc_plus_30}; {calc_minus_20},"AU-C 530.A11, AU-C 530.A12"
AUD-MCQ-SAMP-0338,"AU-C 530: Sample size increases when tolerable misstatement decreases, expected misstatement increases, or acceptable sampling risk decreases.",{calc_plus_30}; {calc_times_2},"AU-C 530.A11, AU-C 530.A12"
AUD-MCQ-SAMP-0339,"AU-C 530: Sample size increases when tolerable misstatement decreases, expected misstatement increases, or acceptable sampling risk decreases.",{calc_times_2}; {calc_plus_30},"AU-C 530.A11, AU-C 530.A12"
AUD-MCQ-SAMP-0340,"AU-C 530: Sample size increases when tolerable misstatement decreases, expected misstatement increases, or acceptable sampling risk decreases.",{calc_times_2}; {calc_minus_20},"AU-C 530.A11, AU-C 530.A12"
AUD-MCQ-SAMP-0341,"AU-C 530: Sample size increases when tolerable misstatement decreases, expected misstatement increases, or acceptable sampling risk decreases.",{calc_times_2}; {calc_plus_30},"AU-C 530.A11, AU-C 530.A12"
AUD-MCQ-SAMP-0342,"AU-C 530: Sample size increases when tolerable misstatement decreases, expected misstatement increases, or acceptable sampling risk decreases.",{calc_times_2}; {calc_minus_20},"AU-C 530.A11, AU-C 530.A12"
AUD-MCQ-SAMP-0343,"AU-C 530: Sample size increases when tolerable misstatement decreases, expected misstatement increases, or acceptable sampling risk decreases.",{calc_minus_20}; {calc_plus_30},"AU-C 530.A11, AU-C 530.A12"
AUD-MCQ-SAMP-0344,"AU-C 530: Sample size increases when tolerable misstatement decreases, expected misstatement increases, or acceptable sampling risk decreases.",{calc_times_2}; {calc_plus_30},"AU-C 530.A11, AU-C 530.A12"
AUD-MCQ-SAMP-0345,"AU-C 530: Sample size increases when tolerable misstatement decreases, expected misstatement increases, or acceptable sampling risk decreases.",{calc_times_2}; {calc_plus_30},"AU-C 530.A11, AU-C 530.A12"
AUD-MCQ-SAMP-0346,"AU-C 530: Sample size increases when tolerable misstatement decreases, expected misstatement increases, or acceptable sampling risk decreases.",{calc_times_2}; {calc_minus_20},"AU-C 530.A11, AU-C 530.A12"
AUD-MCQ-SAMP-0347,"AU-C 530: Sample size increases when tolerable misstatement decreases, expected misstatement increases, or acceptable sampling risk decreases.",{calc_plus_30}; {calc_times_2},"AU-C 530.A11, AU-C 530.A12"
AUD-MCQ-SAMP-0348,"AU-C 530: Sample size increases when tolerable misstatement decreases, expected misstatement increases, or acceptable sampling risk decreases.",{calc_plus_30}; {calc_minus_20},"AU-C 530.A11, AU-C 530.A12"
AUD-MCQ-SAMP-0349,"AU-C 530: Sample size increases when tolerable misstatement decreases, expected misstatement increases, or acceptable sampling risk decreases.",{calc_minus_20}; {calc_times_2},"AU-C 530.A11, AU-C 530.A12"
AUD-MCQ-SAMP-0350,"AU-C 530: Sample size increases when tolerable misstatement decreases, expected misstatement increases, or acceptable sampling risk decreases.",{calc_plus_30}; {calc_minus_20},"AU-C 530.A11, AU-C 530.A12"
AUD-MCQ-SAMP-0351,"AU-C 530: Sample size increases when tolerable misstatement decreases, expected misstatement increases, or acceptable sampling risk decreases.",{calc_minus_20}; {calc_times_2},"AU-C 530.A11, AU-C 530.A12"
AUD-MCQ-SAMP-0352,"AU-C 530: Sample size increases when tolerable misstatement decreases, expected misstatement increases, or acceptable sampling risk decreases.",{calc_minus_20}; {calc_plus_30},"AU-C 530.A11, AU-C 530.A12"
AUD-MCQ-SAMP-0353,"AU-C 530: Sample size increases when tolerable misstatement decreases, expected misstatement increases, or acceptable sampling risk decreases.",{calc_plus_30}; {calc_minus_20},"AU-C 530.A11, AU-C 530.A12"
AUD-MCQ-SAMP-0354,"AU-C 530: Sample size increases when tolerable misstatement decreases, expected misstatement increases, or acceptable sampling risk decreases.",{calc_plus_30}; {calc_times_2},"AU-C 530.A11, AU-C 530.A12"
AUD-MCQ-SAMP-0355,"AU-C 530: Sample size increases when tolerable misstatement decreases, expected misstatement increases, or acceptable sampling risk decreases.",{calc_plus_30}; {calc_minus_20},"AU-C 530.A11, AU-C 530.A12"
AUD-MCQ-SAMP-0356,"AU-C 530: Sample size increases when tolerable misstatement decreases, expected misstatement increases, or acceptable sampling risk decreases.",{calc_times_2}; {calc_plus_30},"AU-C 530.A11, AU-C 530.A12"
AUD-MCQ-SAMP-0357,"AU-C 530: Sample size increases when tolerable misstatement decreases, expected misstatement increases, or acceptable sampling risk decreases.",{calc_minus_20}; {calc_plus_30},"AU-C 530.A11, AU-C 530.A12"
AUD-MCQ-SAMP-0358,"AU-C 530: Sample size increases when tolerable misstatement decreases, expected misstatement increases, or acceptable sampling risk decreases.",{calc_plus_30}; {calc_minus_20},"AU-C 530.A11, AU-C 530.A12"
AUD-MCQ-SAMP-0359,"AU-C 530: Sample size increases when tolerable misstatement decreases, expected misstatement increases, or acceptable sampling risk decreases.",{calc_minus_20}; {calc_plus_30},"AU-C 530.A11, AU-C 530.A12"
AUD-MCQ-SAMP-0360,"AU-C 530: Sample size increases when tolerable misstatement decreases, expected misstatement increases, or acceptable sampling risk decreases.",{calc_minus_20}; {calc_times_2},"AU-C 530.A11, AU-C 530.A12"
AUD-MCQ-SAMP-0361,"AU-C 530: Sample size increases when tolerable misstatement decreases, expected misstatement increases, or acceptable sampling risk decreases.",{calc_minus_20}; {calc_times_2},"AU-C 530.A11, AU-C 530.A12"
AUD-MCQ-SAMP-0362,"AU-C 530: Sample size increases when tolerable misstatement decreases, expected misstatement increases, or acceptable sampling risk decreases.",{calc_minus_20}; {calc_times_2},"AU-C 530.A11, AU-C 530.A12"
AUD-MCQ-SAMP-0363,"AU-C 530: Sample size increases when tolerable misstatement decreases, expected misstatement increases, or acceptable sampling risk decreases.",{calc_minus_20}; {calc_plus_30},"AU-C 530.A11, AU-C 530.A12"
AUD-MCQ-SAMP-0364,"AU-C 530: Sample size increases when tolerable misstatement decreases, expected misstatement increases, or acceptable sampling risk decreases.",{calc_times_2}; {calc_plus_30},"AU-C 530.A11, AU-C 530.A12"
AUD-MCQ-SAMP-0365,"AU-C 530: Sample size increases when tolerable misstatement decreases, expected misstatement increases, or acceptable sampling risk decreases.",{calc_plus_30}; {calc_times_2},"AU-C 530.A11, AU-C 530.A12"
AUD-MCQ-SAMP-0366,"AU-C 530: Sample size increases when tolerable misstatement decreases, expected misstatement increases, or acceptable sampling risk decreases.",{calc_minus_20}; {calc_times_2},"AU-C 530.A11, AU-C 530.A12"
AUD-MCQ-SAMP-0367,"AU-C 530: Sample size increases when tolerable misstatement decreases, expected misstatement increases, or acceptable sampling risk decreases.",{calc_times_2}; {calc_minus_20},"AU-C 530.A11, AU-C 530.A12"
AUD-MCQ-SAMP-0368,"AU-C 530: Sample size increases when tolerable misstatement decreases, expected misstatement increases, or acceptable sampling risk decreases.",{calc_times_2}; {calc_plus_30},"AU-C 530.A11, AU-C 530.A12"
AUD-MCQ-SAMP-0369,"AU-C 530: Sample size increases when tolerable misstatement decreases, expected misstatement increases, or acceptable sampling risk decreases.",{calc_plus_30}; {calc_times_2},"AU-C 530.A11, AU-C 530.A12"
AUD-MCQ-SAMP-0370,"AU-C 530: Sample size increases when tolerable misstatement decreases, expected misstatement increases, or acceptable sampling risk decreases.",{calc_plus_30}; {calc_times_2},"AU-C 530.A11, AU-C 530.A12"
AUD-MCQ-SAMP-0371,"AU-C 530: Sample size increases when tolerable misstatement decreases, expected misstatement increases, or acceptable sampling risk decreases.",{calc_times_2}; {calc_minus_20},"AU-C 530.A11, AU-C 530.A12"
AUD-MCQ-SAMP-0372,"AU-C 530: Sample size increases when tolerable misstatement decreases, expected misstatement increases, or acceptable sampling risk decreases.",{calc_plus_30}; {calc_times_2},"AU-C 530.A11, AU-C 530.A12"
AUD-MCQ-SAMP-0373,"AU-C 530: Sample size increases when tolerable misstatement decreases, expected misstatement increases, or acceptable sampling risk decreases.",{calc_times_2}; {calc_minus_20},"AU-C 530.A11, AU-C 530.A12"
AUD-MCQ-SAMP-0374,"AU-C 530: Sample size increases when tolerable misstatement decreases, expected misstatement increases, or acceptable sampling risk decreases.",{calc_plus_30}; {calc_minus_20},"AU-C 530.A11, AU-C 530.A12"
AUD-MCQ-SAMP-0375,"AU-C 530: Sample size increases when tolerable misstatement decreases, expected misstatement increases, or acceptable sampling risk decreases.",{calc_plus_30}; {calc_minus_20},"AU-C 530.A11, AU-C 530.A12"
AUD-MCQ-SAMP-0376,"AU-C 530: Sample size increases when tolerable misstatement decreases, expected misstatement increases, or acceptable sampling risk decreases.",{calc_plus_30}; {calc_minus_20},"AU-C 530.A11, AU-C 530.A12"
AUD-MCQ-SAMP-0377,"AU-C 530: Sample size increases when tolerable misstatement decreases, expected misstatement increases, or acceptable sampling risk decreases.",{calc_minus_20}; {calc_times_2},"AU-C 530.A11, AU-C 530.A12"
AUD-MCQ-SAMP-0378,"AU-C 530: Sample size increases when tolerable misstatement decreases, expected misstatement increases, or acceptable sampling risk decreases.",{calc_minus_20}; {calc_times_2},"AU-C 530.A11, AU-C 530.A12"
AUD-MCQ-SAMP-0379,"AU-C 530: Sample size increases when tolerable misstatement decreases, expected misstatement increases, or acceptable sampling risk decreases.",{calc_minus_20}; {calc_times_2},"AU-C 530.A11, AU-C 530.A12"
AUD-MCQ-SAMP-0380,"AU-C 530: Sample size increases when tolerable misstatement decreases, expected misstatement increases, or acceptable sampling risk decreases.",{calc_plus_30}; {calc_times_2},"AU-C 530.A11, AU-C 530.A12"
AUD-MCQ-SAMP-0381,"AU-C 530: Sample size increases when tolerable misstatement decreases, expected misstatement increases, or acceptable sampling risk decreases.",{calc_plus_30}; {calc_minus_20},"AU-C 530.A11, AU-C 530.A12"
AUD-MCQ-SAMP-0382,"AU-C 530: Sample size increases when tolerable misstatement decreases, expected misstatement increases, or acceptable sampling risk decreases.",{calc_plus_30}; {calc_minus_20},"AU-C 530.A11, AU-C 530.A12"
AUD-MCQ-SAMP-0383,"AU-C 530: Sample size increases when tolerable misstatement decreases, expected misstatement increases, or acceptable sampling risk decreases.",{calc_times_2}; {calc_plus_30},"AU-C 530.A11, AU-C 530.A12"
AUD-MCQ-SAMP-0384,"AU-C 530: Sample size increases when tolerable misstatement decreases, expected misstatement increases, or acceptable sampling risk decreases.",{calc_minus_20}; {calc_plus_30},"AU-C 530.A11, AU-C 530.A12"
AUD-MCQ-SAMP-0385,"AU-C 530: Sample size increases when tolerable misstatement decreases, expected misstatement increases, or acceptable sampling risk decreases.",{calc_times_2}; {calc_plus_30},"AU-C 530.A11, AU-C 530.A12"
AUD-MCQ-SAMP-0386,"AU-C 530: Sample size increases when tolerable misstatement decreases, expected misstatement increases, or acceptable sampling risk decreases.",{calc_minus_20}; {calc_times_2},"AU-C 530.A11, AU-C 530.A12"
AUD-MCQ-SAMP-0387,"AU-C 530: Sample size increases when tolerable misstatement decreases, expected misstatement increases, or acceptable sampling risk decreases.",{calc_plus_30}; {calc_times_2},"AU-C 530.A11, AU-C 530.A12"
AUD-MCQ-SAMP-0388,"AU-C 530: Sample size increases when tolerable misstatement decreases, expected misstatement increases, or acceptable sampling risk decreases.",{calc_minus_20}; {calc_plus_30},"AU-C 530.A11, AU-C 530.A12"
AUD-MCQ-SAMP-0389,"AU-C 530: Sample size increases when tolerable misstatement decreases, expected misstatement increases, or acceptable sampling risk decreases.",{calc_minus_20}; {calc_times_2},"AU-C 530.A11, AU-C 530.A12"
AUD-MCQ-SAMP-0390,"AU-C 530: Sample size increases when tolerable misstatement decreases, expected misstatement increases, or acceptable sampling risk decreases.",{calc_minus_20}; {calc_times_2},"AU-C 530.A11, AU-C 530.A12"
AUD-MCQ-SAMP-0391,"AU-C 530: Sample size increases when tolerable misstatement decreases, expected misstatement increases, or acceptable sampling risk decreases.",{calc_times_2}; {calc_minus_20},"AU-C 530.A11, AU-C 530.A12"
AUD-MCQ-SAMP-0392,"AU-C 530: Sample size increases when tolerable misstatement decreases, expected misstatement increases, or acceptable sampling risk decreases.",{calc_times_2}; {calc_minus_20},"AU-C 530.A11, AU-C 530.A12"
AUD-MCQ-SAMP-0393,"AU-C 530: Sample size increases when tolerable misstatement decreases, expected misstatement increases, or acceptable sampling risk decreases.",{calc_plus_30}; {calc_minus_20},"AU-C 530.A11, AU-C 530.A12"
AUD-MCQ-SAMP-0394,"AU-C 530: Sample size increases when tolerable misstatement decreases, expected misstatement increases, or acceptable sampling risk decreases.",{calc_minus_20}; {calc_times_2},"AU-C 530.A11, AU-C 530.A12"
AUD-MCQ-SAMP-0395,"AU-C 530: Sample size increases when tolerable misstatement decreases, expected misstatement increases, or acceptable sampling risk decreases.",{calc_times_2}; {calc_plus_30},"AU-C 530.A11, AU-C 530.A12"
AUD-MCQ-SAMP-0396,"AU-C 530: Sample size increases when tolerable misstatement decreases, expected misstatement increases, or acceptable sampling risk decreases.",{calc_plus_30}; {calc_times_2},"AU-C 530.A11, AU-C 530.A12"
AUD-MCQ-SAMP-0397,"AU-C 530: Sample size increases when tolerable misstatement decreases, expected misstatement increases, or acceptable sampling risk decreases.",{calc_times_2}; {calc_minus_20},"AU-C 530.A11, AU-C 530.A12"
AUD-MCQ-SAMP-0398,"AU-C 530: Sample size increases when tolerable misstatement decreases, expected misstatement increases, or acceptable sampling risk decreases.",{calc_times_2}; {calc_plus_30},"AU-C 530.A11, AU-C 530.A12"
AUD-MCQ-SAMP-0399,"AU-C 530: Sample size increases when tolerable misstatement decreases, expected misstatement increases, or acceptable sampling risk decreases.",{calc_times_2}; {calc_minus_20},"AU-C 530.A11, AU-C 530.A12"
AUD-MCQ-SAMP-0400,"AU-C 530: Sample size increases when tolerable misstatement decreases, expected misstatement increases, or acceptable sampling risk decreases.",{calc_minus_20}; {calc_plus_30},"AU-C 530.A11, AU-C 530.A12"
AUD-MCQ-SAMP-0401,"AU-C 530: Sample size increases when tolerable misstatement decreases, expected misstatement increases, or acceptable sampling risk decreases.",{calc_minus_20}; {calc_plus_30},"AU-C 530.A11, AU-C 530.A12"
AUD-MCQ-SAMP-0402,"AU-C 530: Sample size increases when tolerable misstatement decreases, expected misstatement increases, or acceptable sampling risk decreases.",{calc_minus_20}; {calc_plus_30},"AU-C 530.A11, AU-C 530.A12"
AUD-MCQ-SAMP-0403,"AU-C 530: Sample size increases when tolerable misstatement decreases, expected misstatement increases, or acceptable sampling risk decreases.",{calc_plus_30}; {calc_times_2},"AU-C 530.A11, AU-C 530.A12"
AUD-MCQ-SAMP-0404,"AU-C 530: Sample size increases when tolerable misstatement decreases, expected misstatement increases, or acceptable sampling risk decreases.",{calc_minus_20}; {calc_times_2},"AU-C 530.A11, AU-C 530.A12"
AUD-MCQ-SAMP-0405,"AU-C 530: Sample size increases when tolerable misstatement decreases, expected misstatement increases, or acceptable sampling risk decreases.",{calc_times_2}; {calc_minus_20},"AU-C 530.A11, AU-C 530.A12"
AUD-MCQ-SAMP-0406,"AU-C 530: Sample size increases when tolerable misstatement decreases, expected misstatement increases, or acceptable sampling risk decreases.",{calc_plus_30}; {calc_times_2},"AU-C 530.A11, AU-C 530.A12"
AUD-MCQ-SAMP-0407,"AU-C 530: Sample size increases when tolerable misstatement decreases, expected misstatement increases, or acceptable sampling risk decreases.",{calc_plus_30}; {calc_times_2},"AU-C 530.A11, AU-C 530.A12"
AUD-MCQ-SAMP-0408,"AU-C 530: Sample size increases when tolerable misstatement decreases, expected misstatement increases, or acceptable sampling risk decreases.",{calc_minus_20}; {calc_plus_30},"AU-C 530.A11, AU-C 530.A12"
AUD-MCQ-SAMP-0409,"AU-C 530: Sample size increases when tolerable misstatement decreases, expected misstatement increases, or acceptable sampling risk decreases.",{calc_plus_30}; {calc_minus_20},"AU-C 530.A11, AU-C 530.A12"
AUD-MCQ-SAMP-0410,"AU-C 530: Sample size increases when tolerable misstatement decreases, expected misstatement increases, or acceptable sampling risk decreases.",{calc_minus_20}; {calc_plus_30},"AU-C 530.A11, AU-C 530.A12"
AUD-MCQ-SAMP-0411,"AU-C 530: Sample size increases when tolerable misstatement decreases, expected misstatement increases, or acceptable sampling risk decreases.",{calc_minus_20}; {calc_times_2},"AU-C 530.A11, AU-C 530.A12"
AUD-MCQ-SAMP-0412,"AU-C 530: Sample size increases when tolerable misstatement decreases, expected misstatement increases, or acceptable sampling risk decreases.",{calc_minus_20}; {calc_times_2},"AU-C 530.A11, AU-C 530.A12"
AUD-MCQ-SAMP-0413,"AU-C 530: Sample size increases when tolerable misstatement decreases, expected misstatement increases, or acceptable sampling risk decreases.",{calc_plus_30}; {calc_times_2},"AU-C 530.A11, AU-C 530.A12"
AUD-MCQ-SAMP-0414,"AU-C 530: Sample size increases when tolerable misstatement decreases, expected misstatement increases, or acceptable sampling risk decreases.",{calc_minus_20}; {calc_times_2},"AU-C 530.A11, AU-C 530.A12"
AUD-MCQ-SAMP-0415,"AU-C 530: Sample size increases when tolerable misstatement decreases, expected misstatement increases, or acceptable sampling risk decreases.",{calc_plus_30}; {calc_times_2},"AU-C 530.A11, AU-C 530.A12"
AUD-MCQ-SAMP-0416,"AU-C 530: Sample size increases when tolerable misstatement decreases, expected misstatement increases, or acceptable sampling risk decreases.",{calc_minus_20}; {calc_times_2},"AU-C 530.A11, AU-C 530.A12"
AUD-MCQ-SAMP-0417,"AU-C 530: Sample size increases when tolerable misstatement decreases, expected misstatement increases, or acceptable sampling risk decreases.",{calc_minus_20}; {calc_times_2},"AU-C 530.A11, AU-C 530.A12"
AUD-MCQ-SAMP-0418,"AU-C 530: Sample size increases when tolerable misstatement decreases, expected misstatement increases, or acceptable sampling risk decreases.",{calc_plus_30}; {calc_times_2},"AU-C 530.A11, AU-C 530.A12"
AUD-MCQ-SAMP-0419,"AU-C 530: Sample size increases when tolerable misstatement decreases, expected misstatement increases, or acceptable sampling risk decreases.",{calc_times_2}; {calc_minus_20},"AU-C 530.A11, AU-C 530.A12"
AUD-MCQ-SAMP-0420,"AU-C 530: Sample size increases when tolerable misstatement decreases, expected misstatement increases, or acceptable sampling risk decreases.",{calc_minus_20}; {calc_times_2},"AU-C 530.A11, AU-C 530.A12"
AUD-MCQ-SAMP-0421,"AU-C 530: Sample size increases when tolerable misstatement decreases, expected misstatement increases, or acceptable sampling risk decreases.",{calc_plus_30}; {calc_times_2},"AU-C 530.A11, AU-C 530.A12"
AUD-MCQ-SAMP-0422,"AU-C 530: Sample size increases when tolerable misstatement decreases, expected misstatement increases, or acceptable sampling risk decreases.",{calc_minus_20}; {calc_plus_30},"AU-C 530.A11, AU-C 530.A12"
AUD-MCQ-SAMP-0423,"AU-C 530: Sample size increases when tolerable misstatement decreases, expected misstatement increases, or acceptable sampling risk decreases.",{calc_minus_20}; {calc_times_2},"AU-C 530.A11, AU-C 530.A12"
AUD-MCQ-SAMP-0424,"AU-C 530: Sample size increases when tolerable misstatement decreases, expected misstatement increases, or acceptable sampling risk decreases.",{calc_minus_20}; {calc_plus_30},"AU-C 530.A11, AU-C 530.A12"
AUD-MCQ-SAMP-0425,"AU-C 530: Sample size increases when tolerable misstatement decreases, expected misstatement increases, or acceptable sampling risk decreases.",{calc_plus_30}; {calc_minus_20},"AU-C 530.A11, AU-C 530.A12"
AUD-MCQ-SAMP-0426,"AU-C 530: Sample size increases when tolerable misstatement decreases, expected misstatement increases, or acceptable sampling risk decreases.",{calc_minus_20}; {calc_times_2},"AU-C 530.A11, AU-C 530.A12"
AUD-MCQ-SAMP-0427,"AU-C 530: Sample size increases when tolerable misstatement decreases, expected misstatement increases, or acceptable sampling risk decreases.",{calc_minus_20}; {calc_plus_30},"AU-C 530.A11, AU-C 530.A12"
AUD-MCQ-SAMP-0428,"AU-C 530: Sample size increases when tolerable misstatement decreases, expected misstatement increases, or acceptable sampling risk decreases.",{calc_plus_30}; {calc_minus_20},"AU-C 530.A11, AU-C 530.A12"
AUD-MCQ-SAMP-0429,"AU-C 530: Sample size increases when tolerable misstatement decreases, expected misstatement increases, or acceptable sampling risk decreases.",{calc_times_2}; {calc_minus_20},"AU-C 530.A11, AU-C 530.A12"
AUD-MCQ-SAMP-0430,"AU-C 530: Sample size increases when tolerable misstatement decreases, expected misstatement increases, or acceptable sampling risk decreases.",{calc_minus_20}; {calc_plus_30},"AU-C 530.A11, AU-C 530.A12"
AUD-MCQ-SAMP-0431,"AU-C 530: Sample size increases when tolerable misstatement decreases, expected misstatement increases, or acceptable sampling risk decreases.",{calc_plus_30}; {calc_times_2},"AU-C 530.A11, AU-C 530.A12"
AUD-MCQ-SAMP-0432,"AU-C 530: Sample size increases when tolerable misstatement decreases, expected misstatement increases, or acceptable sampling risk decreases.",{calc_plus_30}; {calc_times_2},"AU-C 530.A11, AU-C 530.A12"
AUD-MCQ-SAMP-0433,"AU-C 530: Sample size increases when tolerable misstatement decreases, expected misstatement increases, or acceptable sampling risk decreases.",{calc_minus_20}; {calc_plus_30},"AU-C 530.A11, AU-C 530.A12"
AUD-MCQ-SAMP-0434,"AU-C 530: Sample size increases when tolerable misstatement decreases, expected misstatement increases, or acceptable sampling risk decreases.",{calc_plus_30}; {calc_minus_20},"AU-C 530.A11, AU-C 530.A12"
AUD-MCQ-SAMP-0435,"AU-C 530: Sample size increases when tolerable misstatement decreases, expected misstatement increases, or acceptable sampling risk decreases.",{calc_minus_20}; {calc_times_2},"AU-C 530.A11, AU-C 530.A12"
AUD-MCQ-SAMP-0436,"AU-C 530: Sample size increases when tolerable misstatement decreases, expected misstatement increases, or acceptable sampling risk decreases.",{calc_plus_30}; {calc_minus_20},"AU-C 530.A11, AU-C 530.A12"
AUD-MCQ-SAMP-0437,"AU-C 530: Sample size increases when tolerable misstatement decreases, expected misstatement increases, or acceptable sampling risk decreases.",{calc_times_2}; {calc_plus_30},"AU-C 530.A11, AU-C 530.A12"
AUD-MCQ-SAMP-0438,"AU-C 530: Sample size increases when tolerable misstatement decreases, expected misstatement increases, or acceptable sampling risk decreases.",{calc_plus_30}; {calc_minus_20},"AU-C 530.A11, AU-C 530.A12"
AUD-MCQ-SAMP-0439,"AU-C 530: Sample size increases when tolerable misstatement decreases, expected misstatement increases, or acceptable sampling risk decreases.",{calc_times_2}; {calc_plus_30},"AU-C 530.A11, AU-C 530.A12"
AUD-MCQ-SAMP-0440,"AU-C 530: Sample size increases when tolerable misstatement decreases, expected misstatement increases, or acceptable sampling risk decreases.",{calc_times_2}; {calc_minus_20},"AU-C 530.A11, AU-C 530.A12"
AUD-MCQ-SAMP-0441,"AU-C 530: Sample size increases when tolerable misstatement decreases, expected misstatement increases, or acceptable sampling risk decreases.",{calc_times_2}; {calc_plus_30},"AU-C 530.A11, AU-C 530.A12"
AUD-MCQ-SAMP-0442,"AU-C 530: Sample size increases when tolerable misstatement decreases, expected misstatement increases, or acceptable sampling risk decreases.",{calc_plus_30}; {calc_times_2},"AU-C 530.A11, AU-C 530.A12"
AUD-MCQ-SAMP-0443,"AU-C 530: Sample size increases when tolerable misstatement decreases, expected misstatement increases, or acceptable sampling risk decreases.",{calc_plus_30}; {calc_minus_20},"AU-C 530.A11, AU-C 530.A12"
AUD-MCQ-SAMP-0444,"AU-C 530: Sample size increases when tolerable misstatement decreases, expected misstatement increases, or acceptable sampling risk decreases.",{calc_minus_20}; {calc_plus_30},"AU-C 530.A11, AU-C 530.A12"
AUD-MCQ-SAMP-0445,"AU-C 530: Sample size increases when tolerable misstatement decreases, expected misstatement increases, or acceptable sampling risk decreases.",{calc_times_2}; {calc_minus_20},"AU-C 530.A11, AU-C 530.A12"
AUD-MCQ-SAMP-0446,"AU-C 530: Sample size increases when tolerable misstatement decreases, expected misstatement increases, or acceptable sampling risk decreases.",{calc_plus_30}; {calc_minus_20},"AU-C 530.A11, AU-C 530.A12"
AUD-MCQ-SAMP-0447,"AU-C 530: Sample size increases when tolerable misstatement decreases, expected misstatement increases, or acceptable sampling risk decreases.",{calc_times_2}; {calc_minus_20},"AU-C 530.A11, AU-C 530.A12"
AUD-MCQ-SAMP-0448,"AU-C 530: Sample size increases when tolerable misstatement decreases, expected misstatement increases, or acceptable sampling risk decreases.",{calc_plus_30}; {calc_times_2},"AU-C 530.A11, AU-C 530.A12"
AUD-MCQ-SAMP-0449,"AU-C 530: Sample size increases when tolerable misstatement decreases, expected misstatement increases, or acceptable sampling risk decreases.",{calc_minus_20}; {calc_times_2},"AU-C 530.A11, AU-C 530.A12"
AUD-MCQ-SAMP-0450,"AU-C 530: Sample size increases when tolerable misstatement decreases, expected misstatement increases, or acceptable sampling risk decreases.",{calc_minus_20}; {calc_times_2},"AU-C 530.A11, AU-C 530.A12"
AUD-MCQ-SAMP-0451,"AU-C 530: Sample size increases when tolerable misstatement decreases, expected misstatement increases, or acceptable sampling risk decreases.",{calc_minus_20}; {calc_times_2},"AU-C 530.A11, AU-C 530.A12"
AUD-MCQ-SAMP-0452,"AU-C 530: Sample size increases when tolerable misstatement decreases, expected misstatement increases, or acceptable sampling risk decreases.",{calc_plus_30}; {calc_times_2},"AU-C 530.A11, AU-C 530.A12"
AUD-MCQ-SAMP-0453,"AU-C 530: Sample size increases when tolerable misstatement decreases, expected misstatement increases, or acceptable sampling risk decreases.",{calc_times_2}; {calc_plus_30},"AU-C 530.A11, AU-C 530.A12"
AUD-MCQ-SAMP-0454,"AU-C 530: Sample size increases when tolerable misstatement decreases, expected misstatement increases, or acceptable sampling risk decreases.",{calc_plus_30}; {calc_minus_20},"AU-C 530.A11, AU-C 530.A12"
AUD-MCQ-SAMP-0455,"AU-C 530: Sample size increases when tolerable misstatement decreases, expected misstatement increases, or acceptable sampling risk decreases.",{calc_minus_20}; {calc_times_2},"AU-C 530.A11, AU-C 530.A12"
AUD-MCQ-SAMP-0456,"AU-C 530: Sample size increases when tolerable misstatement decreases, expected misstatement increases, or acceptable sampling risk decreases.",{calc_minus_20}; {calc_plus_30},"AU-C 530.A11, AU-C 530.A12"
AUD-MCQ-SAMP-0457,"AU-C 530: Sample size increases when tolerable misstatement decreases, expected misstatement increases, or acceptable sampling risk decreases.",{calc_times_2}; {calc_plus_30},"AU-C 530.A11, AU-C 530.A12"
AUD-MCQ-SAMP-0458,"AU-C 530: Sample size increases when tolerable misstatement decreases, expected misstatement increases, or acceptable sampling risk decreases.",{calc_times_2}; {calc_minus_20},"AU-C 530.A11, AU-C 530.A12"
AUD-MCQ-SAMP-0459,"AU-C 530: Sample size increases when tolerable misstatement decreases, expected misstatement increases, or acceptable sampling risk decreases.",{calc_minus_20}; {calc_times_2},"AU-C 530.A11, AU-C 530.A12"
AUD-MCQ-SAMP-0460,"AU-C 530: Sample size increases when tolerable misstatement decreases, expected misstatement increases, or acceptable sampling risk decreases.",{calc_minus_20}; {calc_plus_30},"AU-C 530.A11, AU-C 530.A12"
AUD-MCQ-SAMP-0461,"AU-C 530: Sample size increases when tolerable misstatement decreases, expected misstatement increases, or acceptable sampling risk decreases.",{calc_plus_30}; {calc_minus_20},"AU-C 530.A11, AU-C 530.A12"
AUD-MCQ-SAMP-0462,"AU-C 530: Sample size increases when tolerable misstatement decreases, expected misstatement increases, or acceptable sampling risk decreases.",{calc_plus_30}; {calc_minus_20},"AU-C 530.A11, AU-C 530.A12"
AUD-MCQ-SAMP-0463,"AU-C 530: Sample size increases when tolerable misstatement decreases, expected misstatement increases, or acceptable sampling risk decreases.",{calc_minus_20}; {calc_plus_30},"AU-C 530.A11, AU-C 530.A12"
AUD-MCQ-SAMP-0464,"AU-C 530: Sample size increases when tolerable misstatement decreases, expected misstatement increases, or acceptable sampling risk decreases.",{calc_plus_30}; {calc_minus_20},"AU-C 530.A11, AU-C 530.A12"
AUD-MCQ-SAMP-0465,"AU-C 530: Sample size increases when tolerable misstatement decreases, expected misstatement increases, or acceptable sampling risk decreases.",{calc_times_2}; {calc_minus_20},"AU-C 530.A11, AU-C 530.A12"
AUD-MCQ-SAMP-0466,"AU-C 530: Sample size increases when tolerable misstatement decreases, expected misstatement increases, or acceptable sampling risk decreases.",{calc_minus_20}; {calc_plus_30},"AU-C 530.A11, AU-C 530.A12"
AUD-MCQ-SAMP-0467,"AU-C 530: Sample size increases when tolerable misstatement decreases, expected misstatement increases, or acceptable sampling risk decreases.",{calc_plus_30}; {calc_minus_20},"AU-C 530.A11, AU-C 530.A12"
AUD-MCQ-SAMP-0468,"AU-C 530: Sample size increases when tolerable misstatement decreases, expected misstatement increases, or acceptable sampling risk decreases.",{calc_minus_20}; {calc_plus_30},"AU-C 530.A11, AU-C 530.A12"
AUD-MCQ-SAMP-0469,"AU-C 530: Sample size increases when tolerable misstatement decreases, expected misstatement increases, or acceptable sampling risk decreases.",{calc_plus_30}; {calc_minus_20},"AU-C 530.A11, AU-C 530.A12"
AUD-MCQ-SAMP-0470,"AU-C 530: Sample size increases when tolerable misstatement decreases, expected misstatement increases, or acceptable sampling risk decreases.",{calc_plus_30}; {calc_times_2},"AU-C 530.A11, AU-C 530.A12"
AUD-MCQ-SAMP-0471,"AU-C 530: Sample size increases when tolerable misstatement decreases, expected misstatement increases, or acceptable sampling risk decreases.",{calc_times_2}; {calc_plus_30},"AU-C 530.A11, AU-C 530.A12"
AUD-MCQ-SAMP-0472,"AU-C 530: Sample size increases when tolerable misstatement decreases, expected misstatement increases, or acceptable sampling risk decreases.",{calc_plus_30}; {calc_times_2},"AU-C 530.A11, AU-C 530.A12"
AUD-MCQ-SAMP-0473,"AU-C 530: Sample size increases when tolerable misstatement decreases, expected misstatement increases, or acceptable sampling risk decreases.",{calc_minus_20}; {calc_plus_30},"AU-C 530.A11, AU-C 530.A12"
AUD-MCQ-SAMP-0474,"AU-C 530: Sample size increases when tolerable misstatement decreases, expected misstatement increases, or acceptable sampling risk decreases.",{calc_plus_30}; {calc_minus_20},"AU-C 530.A11, AU-C 530.A12"
AUD-MCQ-SAMP-0475,"AU-C 530: Sample size increases when tolerable misstatement decreases, expected misstatement increases, or acceptable sampling risk decreases.",{calc_minus_20}; {calc_plus_30},"AU-C 530.A11, AU-C 530.A12"
AUD-MCQ-SAMP-0476,"AU-C 530: Sample size increases when tolerable misstatement decreases, expected misstatement increases, or acceptable sampling risk decreases.",{calc_plus_30}; {calc_minus_20},"AU-C 530.A11, AU-C 530.A12"
AUD-MCQ-SAMP-0477,"AU-C 530: Sample size increases when tolerable misstatement decreases, expected misstatement increases, or acceptable sampling risk decreases.",{calc_minus_20}; {calc_times_2},"AU-C 530.A11, AU-C 530.A12"
AUD-MCQ-SAMP-0478,"AU-C 530: Sample size increases when tolerable misstatement decreases, expected misstatement increases, or acceptable sampling risk decreases.",{calc_plus_30}; {calc_times_2},"AU-C 530.A11, AU-C 530.A12"
AUD-MCQ-SAMP-0479,"AU-C 530: Sample size increases when tolerable misstatement decreases, expected misstatement increases, or acceptable sampling risk decreases.",{calc_times_2}; {calc_plus_30},"AU-C 530.A11, AU-C 530.A12"
AUD-MCQ-SAMP-0480,"AU-C 530: Sample size increases when tolerable misstatement decreases, expected misstatement increases, or acceptable sampling risk decreases.",{calc_times_2}; {calc_plus_30},"AU-C 530.A11, AU-C 530.A12"
AUD-MCQ-SAMP-0481,"AU-C 530: Sample size increases when tolerable misstatement decreases, expected misstatement increases, or acceptable sampling risk decreases.",{calc_minus_20}; {calc_times_2},"AU-C 530.A11, AU-C 530.A12"
AUD-MCQ-SAMP-0482,"AU-C 530: Sample size increases when tolerable misstatement decreases, expected misstatement increases, or acceptable sampling risk decreases.",{calc_minus_20}; {calc_times_2},"AU-C 530.A11, AU-C 530.A12"
AUD-MCQ-SAMP-0483,"AU-C 530: Sample size increases when tolerable misstatement decreases, expected misstatement increases, or acceptable sampling risk decreases.",{calc_plus_30}; {calc_minus_20},"AU-C 530.A11, AU-C 530.A12"
AUD-MCQ-SAMP-0484,"AU-C 530: Sample size increases when tolerable misstatement decreases, expected misstatement increases, or acceptable sampling risk decreases.",{calc_plus_30}; {calc_minus_20},"AU-C 530.A11, AU-C 530.A12"
AUD-MCQ-SAMP-0485,"AU-C 530: Sample size increases when tolerable misstatement decreases, expected misstatement increases, or acceptable sampling risk decreases.",{calc_plus_30}; {calc_minus_20},"AU-C 530.A11, AU-C 530.A12"
AUD-MCQ-SAMP-0486,"AU-C 530: Sample size increases when tolerable misstatement decreases, expected misstatement increases, or acceptable sampling risk decreases.",{calc_times_2}; {calc_plus_30},"AU-C 530.A11, AU-C 530.A12"
AUD-MCQ-SAMP-0487,"AU-C 530: Sample size increases when tolerable misstatement decreases, expected misstatement increases, or acceptable sampling risk decreases.",{calc_times_2}; {calc_minus_20},"AU-C 530.A11, AU-C 530.A12"
AUD-MCQ-SAMP-0488,"AU-C 530: Sample size increases when tolerable misstatement decreases, expected misstatement increases, or acceptable sampling risk decreases.",{calc_plus_30}; {calc_minus_20},"AU-C 530.A11, AU-C 530.A12"
AUD-MCQ-SAMP-0489,"AU-C 530: Sample size increases when tolerable misstatement decreases, expected misstatement increases, or acceptable sampling risk decreases.",{calc_minus_20}; {calc_times_2},"AU-C 530.A11, AU-C 530.A12"
AUD-MCQ-SAMP-0490,"AU-C 530: Sample size increases when tolerable misstatement decreases, expected misstatement increases, or acceptable sampling risk decreases.",{calc_plus_30}; {calc_minus_20},"AU-C 530.A11, AU-C 530.A12"
AUD-MCQ-SAMP-0491,"AU-C 530: Sample size increases when tolerable misstatement decreases, expected misstatement increases, or acceptable sampling risk decreases.",{calc_minus_20}; {calc_times_2},"AU-C 530.A11, AU-C 530.A12"
AUD-MCQ-SAMP-0492,"AU-C 530: Sample size increases when tolerable misstatement decreases, expected misstatement increases, or acceptable sampling risk decreases.",{calc_plus_30}; {calc_times_2},"AU-C 530.A11, AU-C 530.A12"
AUD-MCQ-SAMP-0493,"AU-C 530: Sample size increases when tolerable misstatement decreases, expected misstatement increases, or acceptable sampling risk decreases.",{calc_minus_20}; {calc_times_2},"AU-C 530.A11, AU-C 530.A12"
AUD-MCQ-SAMP-0494,"AU-C 530: Sample size increases when tolerable misstatement decreases, expected misstatement increases, or acceptable sampling risk decreases.",{calc_plus_30}; {calc_minus_20},"AU-C 530.A11, AU-C 530.A12"
AUD-MCQ-SAMP-0495,"AU-C 530: Sample size increases when tolerable misstatement decreases, expected misstatement increases, or acceptable sampling risk decreases.",{calc_minus_20}; {calc_times_2},"AU-C 530.A11, AU-C 530.A12"
AUD-MCQ-SAMP-0496,"AU-C 530: Sample size increases when tolerable misstatement decreases, expected misstatement increases, or acceptable sampling risk decreases.",{calc_minus_20}; {calc_plus_30},"AU-C 530.A11, AU-C 530.A12"
AUD-MCQ-SAMP-0497,"AU-C 530: Sample size increases when tolerable misstatement decreases, expected misstatement increases, or acceptable sampling risk decreases.",{calc_minus_20}; {calc_times_2},"AU-C 530.A11, AU-C 530.A12"
AUD-MCQ-SAMP-0498,"AU-C 530: Sample size increases when tolerable misstatement decreases, expected misstatement increases, or acceptable sampling risk decreases.",{calc_times_2}; {calc_plus_30},"AU-C 530.A11, AU-C 530.A12"
